"../../../Engine/Plugins/Animation/ACLPlugin/Content/ACLAnimBoneCompressionSettings.uasset" 0
"../../../Engine/Plugins/Animation/ACLPlugin/Content/ACLAnimBoneCompressionSettings.uexp" 1
"../../../Engine/Plugins/2D/Paper2D/Content/PlaceholderTextures/DummySpriteTexture.ubulk" 2
"../../../Engine/Plugins/2D/Paper2D/Content/PlaceholderTextures/DummySpriteTexture.uasset" 3
"../../../Engine/Plugins/2D/Paper2D/Content/PlaceholderTextures/DummySpriteTexture.uexp" 4
"../../../Engine/Plugins/2D/Paper2D/Content/DummySprite.uasset" 5
"../../../Engine/Plugins/2D/Paper2D/Content/DummySprite.uexp" 6
"../../../Engine/Plugins/2D/Paper2D/Content/DefaultPaperTerrainMaterial.uasset" 7
"../../../Engine/Plugins/2D/Paper2D/Content/DefaultPaperTerrainMaterial.uexp" 8
"../../../Engine/Content/Animation/DefaultRecorderBoneCompression.uasset" 9
"../../../Engine/Content/Animation/DefaultRecorderBoneCompression.uexp" 10
"../../../Engine/Content/EngineSounds/Master.uasset" 11
"../../../Engine/Content/EngineSounds/Master.uexp" 12
"../../../Engine/Content/EngineMaterials/DefaultDestructiblePhysicalMaterial.uasset" 13
"../../../Engine/Content/EngineMaterials/DefaultDestructiblePhysicalMaterial.uexp" 14
"../../../Engine/Content/EngineFonts/Faces/DroidSansFallback.uexp" 15
"../../../Engine/Content/EngineFonts/Faces/DroidSansFallback.uasset" 16
"../../../Engine/Content/EngineFonts/Faces/DroidSansFallback.ufont" 17
"../../../Engine/Content/EngineFonts/Faces/RobotoRegular.uexp" 18
"../../../Engine/Content/EngineFonts/Faces/RobotoRegular.uasset" 19
"../../../Engine/Content/EngineFonts/Faces/RobotoRegular.ufont" 20
"../../../Engine/Content/EngineFonts/Faces/RobotoLight.uexp" 21
"../../../Engine/Content/EngineFonts/Faces/RobotoLight.uasset" 22
"../../../Engine/Content/EngineFonts/Faces/RobotoLight.ufont" 23
"../../../Engine/Content/EngineFonts/Faces/RobotoItalic.uexp" 24
"../../../Engine/Content/EngineFonts/Faces/RobotoItalic.uasset" 25
"../../../Engine/Content/EngineFonts/Faces/RobotoItalic.ufont" 26
"../../../Engine/Content/EngineFonts/Faces/RobotoBoldItalic.uexp" 27
"../../../Engine/Content/EngineFonts/Faces/RobotoBoldItalic.uasset" 28
"../../../Engine/Content/EngineFonts/Faces/RobotoBoldItalic.ufont" 29
"../../../Engine/Content/EngineFonts/Faces/RobotoBold.uexp" 30
"../../../Engine/Content/EngineFonts/Faces/RobotoBold.uasset" 31
"../../../Engine/Content/EngineFonts/Faces/RobotoBold.ufont" 32
"../../../Engine/Content/EngineFonts/Roboto.uasset" 33
"../../../Engine/Content/EngineFonts/Roboto.uexp" 34
"../../../Engine/Content/EngineFonts/Faces/DroidSansMono.uexp" 35
"../../../Engine/Content/EngineFonts/Faces/DroidSansMono.uasset" 36
"../../../Engine/Content/EngineFonts/Faces/DroidSansMono.ufont" 37
"../../../Engine/Content/EngineFonts/DroidSansMono.uasset" 38
"../../../Engine/Content/EngineFonts/DroidSansMono.uexp" 39
"../../../Engine/Plugins/Interchange/Runtime/Content/Pipelines/DefaultTexturePipeline.uasset" 40
"../../../Engine/Plugins/Interchange/Runtime/Content/Pipelines/DefaultTexturePipeline.uexp" 41
"../../../Engine/Plugins/Interchange/Runtime/Content/Pipelines/DefaultSceneLevelPipeline.uasset" 42
"../../../Engine/Plugins/Interchange/Runtime/Content/Pipelines/DefaultSceneLevelPipeline.uexp" 43
"../../../Engine/Plugins/Interchange/Runtime/Content/Pipelines/DefaultSceneAssetsPipeline.uasset" 44
"../../../Engine/Plugins/Interchange/Runtime/Content/Pipelines/DefaultSceneAssetsPipeline.uexp" 45
"../../../Engine/Plugins/Interchange/Runtime/Content/Pipelines/DefaultMaterialXPipeline.uasset" 46
"../../../Engine/Plugins/Interchange/Runtime/Content/Pipelines/DefaultMaterialXPipeline.uexp" 47
"../../../Engine/Plugins/Interchange/Runtime/Content/Pipelines/DefaultMaterialPipeline.uasset" 48
"../../../Engine/Plugins/Interchange/Runtime/Content/Pipelines/DefaultMaterialPipeline.uexp" 49
"../../../Engine/Plugins/Interchange/Runtime/Content/Pipelines/DefaultGLTFSceneAssetsPipeline.uasset" 50
"../../../Engine/Plugins/Interchange/Runtime/Content/Pipelines/DefaultGLTFSceneAssetsPipeline.uexp" 51
"../../../Engine/Plugins/Interchange/Runtime/Content/Pipelines/DefaultGLTFPipeline.uasset" 52
"../../../Engine/Plugins/Interchange/Runtime/Content/Pipelines/DefaultGLTFPipeline.uexp" 53
"../../../Engine/Plugins/Interchange/Runtime/Content/Pipelines/DefaultGLTFAssetsPipeline.uasset" 54
"../../../Engine/Plugins/Interchange/Runtime/Content/Pipelines/DefaultGLTFAssetsPipeline.uexp" 55
"../../../Engine/Plugins/Interchange/Runtime/Content/Pipelines/DefaultAssetsPipeline.uasset" 56
"../../../Engine/Plugins/Interchange/Runtime/Content/Pipelines/DefaultAssetsPipeline.uexp" 57
"../../../Engine/Content/EngineResources/GradientTexture0.uasset" 58
"../../../Engine/Content/EngineResources/GradientTexture0.uexp" 59
"../../../Engine/Content/EngineResources/Black.uasset" 60
"../../../Engine/Content/EngineResources/Black.uexp" 61
"../../../Engine/Content/EditorResources/S_Actor.ubulk" 62
"../../../Engine/Content/EditorResources/S_Actor.uasset" 63
"../../../Engine/Content/EditorResources/S_Actor.uexp" 64
"../../../Engine/Plugins/NNE/NNEDenoiser/Content/NNEDTOM_Output_Default.uasset" 65
"../../../Engine/Plugins/NNE/NNEDenoiser/Content/NNEDTOM_Output_Default.uexp" 66
"../../../Engine/Plugins/NNE/NNEDenoiser/Content/NNEDTOM_Output_Alpha.uasset" 67
"../../../Engine/Plugins/NNE/NNEDenoiser/Content/NNEDTOM_Output_Alpha.uexp" 68
"../../../Engine/Plugins/NNE/NNEDenoiser/Content/NNEDTIM_ColorAlbedoNormal_Default.uasset" 69
"../../../Engine/Plugins/NNE/NNEDenoiser/Content/NNEDTIM_ColorAlbedoNormal_Default.uexp" 70
"../../../Engine/Plugins/NNE/NNEDenoiser/Content/NNEDTIM_ColorAlbedoNormal_Alpha.uasset" 71
"../../../Engine/Plugins/NNE/NNEDenoiser/Content/NNEDTIM_ColorAlbedoNormal_Alpha.uexp" 72
"../../../Engine/Plugins/NNE/NNEDenoiser/Content/NNEDOM_Output_Default.uasset" 73
"../../../Engine/Plugins/NNE/NNEDenoiser/Content/NNEDOM_Output_Default.uexp" 74
"../../../Engine/Plugins/NNE/NNEDenoiser/Content/NNEDOM_Output_Alpha.uasset" 75
"../../../Engine/Plugins/NNE/NNEDenoiser/Content/NNEDOM_Output_Alpha.uexp" 76
"../../../Engine/Plugins/NNE/NNEDenoiser/Content/NNEDIM_HighQuality_Default.uasset" 77
"../../../Engine/Plugins/NNE/NNEDenoiser/Content/NNEDIM_HighQuality_Default.uexp" 78
"../../../Engine/Plugins/NNE/NNEDenoiser/Content/NNEDIM_HighQuality_Alpha.uasset" 79
"../../../Engine/Plugins/NNE/NNEDenoiser/Content/NNEDIM_HighQuality_Alpha.uexp" 80
"../../../Engine/Plugins/NNE/NNEDenoiser/Content/NNEDIM_ColorAlbedoNormal_Default.uasset" 81
"../../../Engine/Plugins/NNE/NNEDenoiser/Content/NNEDIM_ColorAlbedoNormal_Default.uexp" 82
"../../../Engine/Plugins/NNE/NNEDenoiser/Content/NNEDIM_ColorAlbedoNormal_Alpha.uasset" 83
"../../../Engine/Plugins/NNE/NNEDenoiser/Content/NNEDIM_ColorAlbedoNormal_Alpha.uexp" 84
"../../../Engine/Content/Functions/Engine_MaterialFunctions02/WorldPositionOffset/CameraOffset.uasset" 85
"../../../Engine/Content/Functions/Engine_MaterialFunctions02/WorldPositionOffset/CameraOffset.uexp" 86
"../../../Engine/Plugins/Animation/ControlRig/Content/M_Manip.uasset" 87
"../../../Engine/Plugins/Animation/ControlRig/Content/M_Manip.uexp" 88
"../../../Engine/Content/BasicShapes/BasicShapeMaterial.uasset" 89
"../../../Engine/Content/BasicShapes/BasicShapeMaterial.uexp" 90
"../../../Engine/Content/EditorMaterials/PreviewShadowIndicator.ubulk" 91
"../../../Engine/Content/EditorMaterials/PreviewShadowIndicator.uasset" 92
"../../../Engine/Content/EditorMaterials/PreviewShadowIndicator.uexp" 93
"../../../Engine/Content/EditorMaterials/PreviewShadowIndicatorMaterial.uasset" 94
"../../../Engine/Content/EditorMaterials/PreviewShadowIndicatorMaterial.uexp" 95
"../../../Engine/Content/EditorMaterials/PhAT_UnselectedMaterial.uasset" 96
"../../../Engine/Content/EditorMaterials/PhAT_UnselectedMaterial.uexp" 97
"../../../Engine/Content/EditorMaterials/PhAT_NoCollisionMaterial.uasset" 98
"../../../Engine/Content/EditorMaterials/PhAT_NoCollisionMaterial.uexp" 99
"../../../Engine/Content/EditorLandscapeResources/WhiteSquareTexture.uasset" 100
"../../../Engine/Content/EditorLandscapeResources/WhiteSquareTexture.uexp" 101
"../../../Engine/Content/EditorLandscapeResources/LayerVisMaterial.uasset" 102
"../../../Engine/Content/EditorLandscapeResources/LayerVisMaterial.uexp" 103
"../../../Engine/Content/Functions/Engine_MaterialFunctions02/Utility/BreakOutFloat2Components.uasset" 104
"../../../Engine/Content/Functions/Engine_MaterialFunctions02/Utility/BreakOutFloat2Components.uexp" 105
"../../../Engine/Content/Functions/Engine_MaterialFunctions01/Texturing/ScaleUVsByCenter.uasset" 106
"../../../Engine/Content/Functions/Engine_MaterialFunctions01/Texturing/ScaleUVsByCenter.uexp" 107
"../../../Engine/Content/Functions/Engine_MaterialFunctions02/WorldPositionOffset/LocalPosition.uasset" 108
"../../../Engine/Content/Functions/Engine_MaterialFunctions02/WorldPositionOffset/LocalPosition.uexp" 109
"../../../Engine/Content/EngineMaterials/DefaultDiffuse.ubulk" 110
"../../../Engine/Content/EngineMaterials/DefaultDiffuse.uasset" 111
"../../../Engine/Content/EngineMaterials/DefaultDiffuse.uexp" 112
"../../../Engine/Content/Functions/Engine_MaterialFunctions01/Texturing/TextureCropping.uasset" 113
"../../../Engine/Content/Functions/Engine_MaterialFunctions01/Texturing/TextureCropping.uexp" 114
"../../../Engine/Content/Functions/Engine_MaterialFunctions02/ExampleContent/DebugNumberStrip.uasset" 115
"../../../Engine/Content/Functions/Engine_MaterialFunctions02/ExampleContent/DebugNumberStrip.uexp" 116
"../../../Engine/Content/Functions/Engine_MaterialFunctions01/Debug/DebugIntValues.uasset" 117
"../../../Engine/Content/Functions/Engine_MaterialFunctions01/Debug/DebugIntValues.uexp" 118
"../../../Engine/Content/EditorLandscapeResources/LandscapeLayerUsageMaterial.uasset" 119
"../../../Engine/Content/EditorLandscapeResources/LandscapeLayerUsageMaterial.uexp" 120
"../../../Engine/Content/EditorLandscapeResources/DefaultAlphaTexture.uasset" 121
"../../../Engine/Content/EditorLandscapeResources/DefaultAlphaTexture.uexp" 122
"../../../Engine/Content/EditorLandscapeResources/LandscapeDirtyMaterial.uasset" 123
"../../../Engine/Content/EditorLandscapeResources/LandscapeDirtyMaterial.uexp" 124
"../../../Engine/Content/EngineResources/DefaultTexture.ubulk" 125
"../../../Engine/Content/EngineResources/DefaultTexture.uasset" 126
"../../../Engine/Content/EngineResources/DefaultTexture.uexp" 127
"../../../Engine/Content/EngineMaterials/RemoveSurfaceMaterial.uasset" 128
"../../../Engine/Content/EngineMaterials/RemoveSurfaceMaterial.uexp" 129
"../../../Engine/Content/EngineMaterials/PreintegratedSkinBRDF.uasset" 130
"../../../Engine/Content/EngineMaterials/PreintegratedSkinBRDF.uexp" 131
"../../../Engine/Content/EngineMaterials/DefaultCalibrationGrayscale.uasset" 132
"../../../Engine/Content/EngineMaterials/DefaultCalibrationGrayscale.uexp" 133
"../../../Engine/Content/EngineMaterials/PPM_DefaultCalibrationGrayscale.uasset" 134
"../../../Engine/Content/EngineMaterials/PPM_DefaultCalibrationGrayscale.uexp" 135
"../../../Engine/Content/EngineMaterials/DefaultCalibrationColor.uasset" 136
"../../../Engine/Content/EngineMaterials/DefaultCalibrationColor.uexp" 137
"../../../Engine/Content/EngineMaterials/PPM_DefaultCalibrationColor.uasset" 138
"../../../Engine/Content/EngineMaterials/PPM_DefaultCalibrationColor.uexp" 139
"../../../Engine/Content/EngineMaterials/PhAT_JointLimitMaterial.uasset" 140
"../../../Engine/Content/EngineMaterials/PhAT_JointLimitMaterial.uexp" 141
"../../../Engine/Content/EngineMaterials/NaniteHiddenSectionMaterial.uasset" 142
"../../../Engine/Content/EngineMaterials/NaniteHiddenSectionMaterial.uexp" 143
"../../../Engine/Content/EngineMaterials/InvalidLightmapSettings.ubulk" 144
"../../../Engine/Content/EngineMaterials/InvalidLightmapSettings.uasset" 145
"../../../Engine/Content/EngineMaterials/InvalidLightmapSettings.uexp" 146
"../../../Engine/Content/EngineMaterials/M_InvalidLightmapSettings.uasset" 147
"../../../Engine/Content/EngineMaterials/M_InvalidLightmapSettings.uexp" 148
"../../../Engine/Content/EngineMaterials/MiniFont.uasset" 149
"../../../Engine/Content/EngineMaterials/MiniFont.uexp" 150
"../../../Engine/Content/EngineMaterials/GizmoMaterial.uasset" 151
"../../../Engine/Content/EngineMaterials/GizmoMaterial.uexp" 152
"../../../Engine/Content/EngineMaterials/BaseFlattenDiffuseMap_VT.ubulk" 153
"../../../Engine/Content/EngineMaterials/BaseFlattenDiffuseMap_VT.uasset" 154
"../../../Engine/Content/EngineMaterials/BaseFlattenDiffuseMap_VT.uexp" 155
"../../../Engine/Content/EngineMaterials/BaseFlattenEmissiveMap_VT.ubulk" 156
"../../../Engine/Content/EngineMaterials/BaseFlattenEmissiveMap_VT.uasset" 157
"../../../Engine/Content/EngineMaterials/BaseFlattenEmissiveMap_VT.uexp" 158
"../../../Engine/Content/EngineMaterials/BaseFlattenGrayscaleMap_VT.ubulk" 159
"../../../Engine/Content/EngineMaterials/BaseFlattenGrayscaleMap_VT.uasset" 160
"../../../Engine/Content/EngineMaterials/BaseFlattenGrayscaleMap_VT.uexp" 161
"../../../Engine/Content/EngineMaterials/BaseFlattenLinearColor_VT.ubulk" 162
"../../../Engine/Content/EngineMaterials/BaseFlattenLinearColor_VT.uasset" 163
"../../../Engine/Content/EngineMaterials/BaseFlattenLinearColor_VT.uexp" 164
"../../../Engine/Content/EngineMaterials/BaseFlattenNormalMap_VT.ubulk" 165
"../../../Engine/Content/EngineMaterials/BaseFlattenNormalMap_VT.uasset" 166
"../../../Engine/Content/EngineMaterials/BaseFlattenNormalMap_VT.uexp" 167
"../../../Engine/Content/EngineMaterials/Black_1x1_EXR_Texture_VT.ubulk" 168
"../../../Engine/Content/EngineMaterials/Black_1x1_EXR_Texture_VT.uasset" 169
"../../../Engine/Content/EngineMaterials/Black_1x1_EXR_Texture_VT.uexp" 170
"../../../Engine/Content/EngineMaterials/FlattenMaterial_WS_Normal_VT.uasset" 171
"../../../Engine/Content/EngineMaterials/FlattenMaterial_WS_Normal_VT.uexp" 172
"../../../Engine/Content/EngineMaterials/FlattenMaterial_VT.uasset" 173
"../../../Engine/Content/EngineMaterials/FlattenMaterial_VT.uexp" 174
"../../../Engine/Content/EngineMaterials/BaseFlattenLinearColor.uasset" 175
"../../../Engine/Content/EngineMaterials/BaseFlattenLinearColor.uexp" 176
"../../../Engine/Content/EngineMaterials/BaseFlattenNormalMap.uasset" 177
"../../../Engine/Content/EngineMaterials/BaseFlattenNormalMap.uexp" 178
"../../../Engine/Content/EngineMaterials/BaseFlattenDiffuseMap.uasset" 179
"../../../Engine/Content/EngineMaterials/BaseFlattenDiffuseMap.uexp" 180
"../../../Engine/Content/EngineMaterials/BaseFlattenEmissiveMap.uasset" 181
"../../../Engine/Content/EngineMaterials/BaseFlattenEmissiveMap.uexp" 182
"../../../Engine/Content/EngineMaterials/BaseFlattenGrayscaleMap.uasset" 183
"../../../Engine/Content/EngineMaterials/BaseFlattenGrayscaleMap.uexp" 184
"../../../Engine/Content/Functions/Engine_MaterialFunctions02/PivotPainter2/Black_1x1_EXR_Texture.uasset" 185
"../../../Engine/Content/Functions/Engine_MaterialFunctions02/PivotPainter2/Black_1x1_EXR_Texture.uexp" 186
"../../../Engine/Content/EngineMaterials/FlattenMaterial.uasset" 187
"../../../Engine/Content/EngineMaterials/FlattenMaterial.uexp" 188
"../../../Engine/Content/EngineMaterials/FastBlueNoise_vec2_128x128x64.uasset" 189
"../../../Engine/Content/EngineMaterials/FastBlueNoise_vec2_128x128x64.uexp" 190
"../../../Engine/Content/EngineMaterials/FastBlueNoise_scalar_128x128x8.uasset" 191
"../../../Engine/Content/EngineMaterials/FastBlueNoise_scalar_128x128x8.uexp" 192
"../../../Engine/Content/EngineMaterials/FastBlueNoise_scalar_128x128x64.uasset" 193
"../../../Engine/Content/EngineMaterials/FastBlueNoise_scalar_128x128x64.uexp" 194
"../../../Engine/Content/EngineMaterials/DefaultWhiteGrid_Low.uasset" 195
"../../../Engine/Content/EngineMaterials/DefaultWhiteGrid_Low.uexp" 196
"../../../Engine/Content/EngineMaterials/EmissiveMeshMaterial.uasset" 197
"../../../Engine/Content/EngineMaterials/EmissiveMeshMaterial.uexp" 198
"../../../Engine/Content/EngineMaterials/DefaultWhiteGrid.ubulk" 199
"../../../Engine/Content/EngineMaterials/DefaultWhiteGrid.uasset" 200
"../../../Engine/Content/EngineMaterials/DefaultWhiteGrid.uexp" 201
"../../../Engine/Content/EngineFonts/RobotoDistanceField.uasset" 202
"../../../Engine/Content/EngineFonts/RobotoDistanceField.uexp" 203
"../../../Engine/Content/EngineMaterials/DefaultTextMaterialOpaque.uasset" 204
"../../../Engine/Content/EngineMaterials/DefaultTextMaterialOpaque.uexp" 205
"../../../Engine/Content/EngineMaterials/DefaultPostProcessMaterial.uasset" 206
"../../../Engine/Content/EngineMaterials/DefaultPostProcessMaterial.uexp" 207
"../../../Engine/Content/EngineMaterials/DefaultLightFunctionMaterial.uasset" 208
"../../../Engine/Content/EngineMaterials/DefaultLightFunctionMaterial.uexp" 209
"../../../Engine/Content/EngineMaterials/DefaultDeferredDecalMaterial.uasset" 210
"../../../Engine/Content/EngineMaterials/DefaultDeferredDecalMaterial.uexp" 211
"../../../Engine/Content/EngineMaterials/DefaultBokeh.uasset" 212
"../../../Engine/Content/EngineMaterials/DefaultBokeh.uexp" 213
"../../../Engine/Content/EngineMaterials/DefaultBloomKernel.uasset" 214
"../../../Engine/Content/EngineMaterials/DefaultBloomKernel.uexp" 215
"../../../Engine/Content/Functions/Engine_MaterialFunctions02/Utility/CameraDirectionVector.uasset" 216
"../../../Engine/Content/Functions/Engine_MaterialFunctions02/Utility/CameraDirectionVector.uexp" 217
"../../../Engine/Content/EngineDebugMaterials/VolumeToRender.uasset" 218
"../../../Engine/Content/EngineDebugMaterials/VolumeToRender.uexp" 219
"../../../Engine/Content/EngineDebugMaterials/M_VolumeRenderSphereTracePP.uasset" 220
"../../../Engine/Content/EngineDebugMaterials/M_VolumeRenderSphereTracePP.uexp" 221
"../../../Engine/Content/EngineDebugMaterials/M_SimpleUnlitTranslucent.uasset" 222
"../../../Engine/Content/EngineDebugMaterials/M_SimpleUnlitTranslucent.uexp" 223
"../../../Engine/Content/EngineDebugMaterials/DebugMeshMaterial.uasset" 224
"../../../Engine/Content/EngineDebugMaterials/DebugMeshMaterial.uexp" 225
"../../../Engine/Content/EngineDebugMaterials/DebugEditorMaterial.uasset" 226
"../../../Engine/Content/EngineDebugMaterials/DebugEditorMaterial.uexp" 227
"../../../Engine/Content/EngineDamageTypes/DmgTypeBP_Environmental.uasset" 228
"../../../Engine/Content/EngineDamageTypes/DmgTypeBP_Environmental.uexp" 229
"../../../Engine/Content/EditorResources/S_TriggerSphere.uasset" 230
"../../../Engine/Content/EditorResources/S_TriggerSphere.uexp" 231
"../../../Engine/Content/EditorResources/S_TriggerCapsule.uasset" 232
"../../../Engine/Content/EditorResources/S_TriggerCapsule.uexp" 233
"../../../Engine/Content/EditorResources/S_TriggerBox.uasset" 234
"../../../Engine/Content/EditorResources/S_TriggerBox.uexp" 235
"../../../Engine/Content/EditorResources/S_Trigger.ubulk" 236
"../../../Engine/Content/EditorResources/S_Trigger.uasset" 237
"../../../Engine/Content/EditorResources/S_Trigger.uexp" 238
"../../../Engine/Content/EditorResources/S_Terrain.ubulk" 239
"../../../Engine/Content/EditorResources/S_Terrain.uasset" 240
"../../../Engine/Content/EditorResources/S_Terrain.uexp" 241
"../../../Engine/Content/EditorResources/S_Solver.ubulk" 242
"../../../Engine/Content/EditorResources/S_Solver.uasset" 243
"../../../Engine/Content/EditorResources/S_Solver.uexp" 244
"../../../Engine/Content/EditorResources/S_BoxReflectionCapture.uasset" 245
"../../../Engine/Content/EditorResources/S_BoxReflectionCapture.uexp" 246
"../../../Engine/Content/EditorResources/BSPVertex.uasset" 247
"../../../Engine/Content/EditorResources/BSPVertex.uexp" 248
"../../../Engine/Plugins/VirtualProduction/CameraCalibrationCore/Content/Materials/M_DefaultOddSquare.uasset" 249
"../../../Engine/Plugins/VirtualProduction/CameraCalibrationCore/Content/Materials/M_DefaultOddSquare.uexp" 250
"../../../Engine/Plugins/VirtualProduction/CameraCalibrationCore/Content/Materials/M_DefaultEvenSquare.uasset" 251
"../../../Engine/Plugins/VirtualProduction/CameraCalibrationCore/Content/Materials/M_DefaultEvenSquare.uexp" 252
"../../../Engine/Plugins/Runtime/HairStrands/Content/Materials/HairMeshesDefaultMaterial.uasset" 253
"../../../Engine/Plugins/Runtime/HairStrands/Content/Materials/HairMeshesDefaultMaterial.uexp" 254
"../../../Engine/Plugins/Runtime/HairStrands/Content/Materials/HairDefaultMaterial.uasset" 255
"../../../Engine/Plugins/Runtime/HairStrands/Content/Materials/HairDefaultMaterial.uexp" 256
"../../../Engine/Content/Functions/Engine_MaterialFunctions02/Utility/MakeFloat2.uasset" 257
"../../../Engine/Content/Functions/Engine_MaterialFunctions02/Utility/MakeFloat2.uexp" 258
"../../../Engine/Content/Functions/Engine_MaterialFunctions02/Utility/MakeFloat3.uasset" 259
"../../../Engine/Content/Functions/Engine_MaterialFunctions02/Utility/MakeFloat3.uexp" 260
"../../../Engine/Plugins/Runtime/HairStrands/Content/Materials/HairGroupColors.uasset" 261
"../../../Engine/Plugins/Runtime/HairStrands/Content/Materials/HairGroupColors.uexp" 262
"../../../Engine/Content/EngineMaterials/HairColorMap.uasset" 263
"../../../Engine/Content/EngineMaterials/HairColorMap.uexp" 264
"../../../Engine/Content/EngineMaterials/HairDebugColor.uasset" 265
"../../../Engine/Content/EngineMaterials/HairDebugColor.uexp" 266
"../../../Engine/Plugins/Runtime/HairStrands/Content/Materials/HairDebugMaterial.uasset" 267
"../../../Engine/Plugins/Runtime/HairStrands/Content/Materials/HairDebugMaterial.uexp" 268
"../../../Engine/Plugins/Runtime/HairStrands/Content/Materials/HairCardsDefaultMaterial.uasset" 269
"../../../Engine/Plugins/Runtime/HairStrands/Content/Materials/HairCardsDefaultMaterial.uexp" 270
"../../../Engine/Plugins/Runtime/AudioWidgets/Content/Resources/ScrubHandleDown_Clamped.uasset" 271
"../../../Engine/Plugins/Runtime/AudioWidgets/Content/Resources/ScrubHandleDown_Clamped.uexp" 272
"../../../Engine/Plugins/Interchange/Assets/Content/Functions/MX_UsdPreviewSurface.uasset" 273
"../../../Engine/Plugins/Interchange/Assets/Content/Functions/MX_UsdPreviewSurface.uexp" 274
"../../../Engine/Plugins/Interchange/Assets/Content/Functions/MX_UniformEDF.uasset" 275
"../../../Engine/Plugins/Interchange/Assets/Content/Functions/MX_UniformEDF.uexp" 276
"../../../Engine/Plugins/Interchange/Assets/Content/Functions/MX_TranslucentBSDF.uasset" 277
"../../../Engine/Plugins/Interchange/Assets/Content/Functions/MX_TranslucentBSDF.uexp" 278
"../../../Engine/Plugins/Interchange/Assets/Content/Functions/MX_ThinFilmBSDF.uasset" 279
"../../../Engine/Plugins/Interchange/Assets/Content/Functions/MX_ThinFilmBSDF.uexp" 280
"../../../Engine/Plugins/Interchange/Assets/Content/Functions/MX_SurfaceUnlit.uasset" 281
"../../../Engine/Plugins/Interchange/Assets/Content/Functions/MX_SurfaceUnlit.uexp" 282
"../../../Engine/Plugins/Interchange/Assets/Content/Functions/MX_Surface.uasset" 283
"../../../Engine/Plugins/Interchange/Assets/Content/Functions/MX_Surface.uexp" 284
"../../../Engine/Plugins/Interchange/Assets/Content/Functions/MX_SubsurfaceBSDF.uasset" 285
"../../../Engine/Plugins/Interchange/Assets/Content/Functions/MX_SubsurfaceBSDF.uexp" 286
"../../../Engine/Plugins/Interchange/Assets/Content/Functions/MX_SheenBSDF.uasset" 287
"../../../Engine/Plugins/Interchange/Assets/Content/Functions/MX_SheenBSDF.uexp" 288
"../../../Engine/Plugins/Interchange/Assets/Content/Functions/MX_OrenNayarBSDF.uasset" 289
"../../../Engine/Plugins/Interchange/Assets/Content/Functions/MX_OrenNayarBSDF.uexp" 290
"../../../Engine/Plugins/Interchange/Assets/Content/Functions/MF_IridescenceNoLUT.uasset" 291
"../../../Engine/Plugins/Interchange/Assets/Content/Functions/MF_IridescenceNoLUT.uexp" 292
"../../../Engine/Plugins/Interchange/Assets/Content/Functions/MX_StandardSurface.uasset" 293
"../../../Engine/Plugins/Interchange/Assets/Content/Functions/MX_StandardSurface.uexp" 294
"../../../Engine/Plugins/Interchange/Assets/Content/Functions/MX_TransmissionSurface.uasset" 295
"../../../Engine/Plugins/Interchange/Assets/Content/Functions/MX_TransmissionSurface.uexp" 296
"../../../Engine/Plugins/Interchange/Assets/Content/Functions/MX_OpenPBR_Translucent.uasset" 297
"../../../Engine/Plugins/Interchange/Assets/Content/Functions/MX_OpenPBR_Translucent.uexp" 298
"../../../Engine/Plugins/Interchange/Assets/Content/Functions/MX_OpenPBR_Opaque.uasset" 299
"../../../Engine/Plugins/Interchange/Assets/Content/Functions/MX_OpenPBR_Opaque.uexp" 300
"../../../Engine/Plugins/Interchange/Assets/Content/Functions/MX_MeasuredEDF.uasset" 301
"../../../Engine/Plugins/Interchange/Assets/Content/Functions/MX_MeasuredEDF.uexp" 302
"../../../Engine/Plugins/Interchange/Assets/Content/Functions/MX_GeneralizedSchlickBSDF.uasset" 303
"../../../Engine/Plugins/Interchange/Assets/Content/Functions/MX_GeneralizedSchlickBSDF.uexp" 304
"../../../Engine/Plugins/Interchange/Assets/Content/Functions/MX_Displacement.uasset" 305
"../../../Engine/Plugins/Interchange/Assets/Content/Functions/MX_Displacement.uexp" 306
"../../../Engine/Plugins/Interchange/Assets/Content/Functions/MX_DielectricBSDF.uasset" 307
"../../../Engine/Plugins/Interchange/Assets/Content/Functions/MX_DielectricBSDF.uexp" 308
"../../../Engine/Plugins/Interchange/Assets/Content/Functions/MX_ConicalEDF.uasset" 309
"../../../Engine/Plugins/Interchange/Assets/Content/Functions/MX_ConicalEDF.uexp" 310
"../../../Engine/Plugins/Interchange/Assets/Content/Functions/MX_ConductorBSDF.uasset" 311
"../../../Engine/Plugins/Interchange/Assets/Content/Functions/MX_ConductorBSDF.uexp" 312
"../../../Engine/Plugins/Interchange/Assets/Content/Functions/MX_BurleyDiffuseBSDF.uasset" 313
"../../../Engine/Plugins/Interchange/Assets/Content/Functions/MX_BurleyDiffuseBSDF.uexp" 314
"../../../Engine/Plugins/Interchange/Assets/Content/Functions/MX_AnisotropicVDF.uasset" 315
"../../../Engine/Plugins/Interchange/Assets/Content/Functions/MX_AnisotropicVDF.uexp" 316
"../../../Engine/Plugins/Interchange/Assets/Content/Functions/MX_AbsorptionVDF.uasset" 317
"../../../Engine/Plugins/Interchange/Assets/Content/Functions/MX_AbsorptionVDF.uexp" 318
"../../../Engine/Content/Functions/Engine_MaterialFunctions02/Utility/VectorLength.uasset" 319
"../../../Engine/Content/Functions/Engine_MaterialFunctions02/Utility/VectorLength.uexp" 320
"../../../Engine/Content/Functions/Engine_MaterialFunctions02/Utility/BreakOutFloat3Components.uasset" 321
"../../../Engine/Content/Functions/Engine_MaterialFunctions02/Utility/BreakOutFloat3Components.uexp" 322
"../../../Engine/Content/Functions/Engine_MaterialFunctions02/WorldPositionOffset/ObjectScale.uasset" 323
"../../../Engine/Content/Functions/Engine_MaterialFunctions02/WorldPositionOffset/ObjectScale.uexp" 324
"../../../Engine/Content/Functions/Engine_MaterialFunctions02/SafeNormalize.uasset" 325
"../../../Engine/Content/Functions/Engine_MaterialFunctions02/SafeNormalize.uexp" 326
"../../../Engine/Plugins/Editor/SpeedTreeImporter/Content/SpeedTree9/UnpackInteger3.uasset" 327
"../../../Engine/Plugins/Editor/SpeedTreeImporter/Content/SpeedTree9/UnpackInteger3.uexp" 328
"../../../Engine/Plugins/Editor/SpeedTreeImporter/Content/SpeedTree9/UnpackDirection.uasset" 329
"../../../Engine/Plugins/Editor/SpeedTreeImporter/Content/SpeedTree9/UnpackDirection.uexp" 330
"../../../Engine/Plugins/Editor/SpeedTreeImporter/Content/SpeedTree9/game_wind_noise.ubulk" 331
"../../../Engine/Plugins/Editor/SpeedTreeImporter/Content/SpeedTree9/game_wind_noise.uasset" 332
"../../../Engine/Plugins/Editor/SpeedTreeImporter/Content/SpeedTree9/game_wind_noise.uexp" 333
"../../../Engine/Plugins/Editor/SpeedTreeImporter/Content/SpeedTree9/SpeedTreeWindMotion.uasset" 334
"../../../Engine/Plugins/Editor/SpeedTreeImporter/Content/SpeedTree9/SpeedTreeWindMotion.uexp" 335
"../../../Engine/Plugins/Editor/SpeedTreeImporter/Content/SpeedTree9/SpeedTreeBranchMotion.uasset" 336
"../../../Engine/Plugins/Editor/SpeedTreeImporter/Content/SpeedTree9/SpeedTreeBranchMotion.uexp" 337
"../../../Engine/Content/Functions/Engine_MaterialFunctions02/ObjectLocalBounds.uasset" 338
"../../../Engine/Content/Functions/Engine_MaterialFunctions02/ObjectLocalBounds.uexp" 339
"../../../Engine/Content/Functions/Engine_MaterialFunctions02/UVs/BoundingBoxBased_0-1_UVW.uasset" 340
"../../../Engine/Content/Functions/Engine_MaterialFunctions02/UVs/BoundingBoxBased_0-1_UVW.uexp" 341
"../../../Engine/Plugins/Editor/SpeedTreeImporter/Content/SpeedTree9/SpeedTreeWind.uasset" 342
"../../../Engine/Plugins/Editor/SpeedTreeImporter/Content/SpeedTree9/SpeedTreeWind.uexp" 343
"../../../Engine/Plugins/Editor/SpeedTreeImporter/Content/SpeedTree9/SpeedTreeCameraFacing.uasset" 344
"../../../Engine/Plugins/Editor/SpeedTreeImporter/Content/SpeedTree9/SpeedTreeCameraFacing.uexp" 345
"../../../Engine/Plugins/Editor/SpeedTreeImporter/Content/SpeedTree9/EmptyNormal.uasset" 346
"../../../Engine/Plugins/Editor/SpeedTreeImporter/Content/SpeedTree9/EmptyNormal.uexp" 347
"../../../Engine/Plugins/Editor/SpeedTreeImporter/Content/SpeedTree9/Empty.uasset" 348
"../../../Engine/Plugins/Editor/SpeedTreeImporter/Content/SpeedTree9/Empty.uexp" 349
"../../../Engine/Plugins/Editor/SpeedTreeImporter/Content/SpeedTree9/SpeedTreeMaster.uasset" 350
"../../../Engine/Plugins/Editor/SpeedTreeImporter/Content/SpeedTree9/SpeedTreeMaster.uexp" 351
"../../../Engine/Plugins/Editor/SpeedTreeImporter/Content/SpeedTree9/SpeedTreeBillboard.uasset" 352
"../../../Engine/Plugins/Editor/SpeedTreeImporter/Content/SpeedTree9/SpeedTreeBillboard.uexp" 353
"../../../Engine/Plugins/Editor/SpeedTreeImporter/Content/SpeedTree9/SpeedTreeBillboardMaster.uasset" 354
"../../../Engine/Plugins/Editor/SpeedTreeImporter/Content/SpeedTree9/SpeedTreeBillboardMaster.uexp" 355
"../../../Engine/Plugins/Animation/ControlRig/Content/Controls/ControlRigXRayMaterial.uasset" 356
"../../../Engine/Plugins/Animation/ControlRig/Content/Controls/ControlRigXRayMaterial.uexp" 357
"../../../Engine/Plugins/Animation/ControlRig/Content/Controls/ControlRigGizmoMaterial.uasset" 358
"../../../Engine/Plugins/Animation/ControlRig/Content/Controls/ControlRigGizmoMaterial.uexp" 359
"../../../Engine/Content/EditorMaterials/Dataflow/DataflowVertexMaterial.uasset" 360
"../../../Engine/Content/EditorMaterials/Dataflow/DataflowVertexMaterial.uexp" 361
"../../../Engine/Content/EditorMaterials/Dataflow/DataflowTwoSidedVertexMaterial.uasset" 362
"../../../Engine/Content/EditorMaterials/Dataflow/DataflowTwoSidedVertexMaterial.uexp" 363
"../../../Engine/Content/EditorMaterials/ParticleSystems/PSysThumbnail_OOD.ubulk" 364
"../../../Engine/Content/EditorMaterials/ParticleSystems/PSysThumbnail_OOD.uasset" 365
"../../../Engine/Content/EditorMaterials/ParticleSystems/PSysThumbnail_OOD.uexp" 366
"../../../Engine/Content/EditorMaterials/ParticleSystems/PSysThumbnail_NoImage.ubulk" 367
"../../../Engine/Content/EditorMaterials/ParticleSystems/PSysThumbnail_NoImage.uasset" 368
"../../../Engine/Content/EditorMaterials/ParticleSystems/PSysThumbnail_NoImage.uexp" 369
"../../../Engine/Content/EngineResources/FilmGrains/Marcie_Grain_v3_128_M2_000.uasset" 370
"../../../Engine/Content/EngineResources/FilmGrains/Marcie_Grain_v3_128_M2_000.uexp" 371
"../../../Engine/Content/EngineResources/Development/ZenLogo_64.uasset" 372
"../../../Engine/Content/EngineResources/Development/ZenLogo_64.uexp" 373
"../../../Engine/Content/EngineMaterials/LTC/Sheen_LTC.uasset" 374
"../../../Engine/Content/EngineMaterials/LTC/Sheen_LTC.uexp" 375
"../../../Engine/Content/EngineMaterials/LTC/GGX_LTCMat.uasset" 376
"../../../Engine/Content/EngineMaterials/LTC/GGX_LTCMat.uexp" 377
"../../../Engine/Content/EngineMaterials/LTC/GGX_LTCAmp.uasset" 378
"../../../Engine/Content/EngineMaterials/LTC/GGX_LTCAmp.uexp" 379
"../../../Engine/Content/EngineMaterials/EnergyConservation/Sheen_Energy.uasset" 380
"../../../Engine/Content/EngineMaterials/EnergyConservation/Sheen_Energy.uexp" 381
"../../../Engine/Content/EngineMaterials/EnergyConservation/SheenLegacy_Energy.uasset" 382
"../../../Engine/Content/EngineMaterials/EnergyConservation/SheenLegacy_Energy.uexp" 383
"../../../Engine/Content/EngineMaterials/EnergyConservation/GGX_TransmissionEnergyArray.uasset" 384
"../../../Engine/Content/EngineMaterials/EnergyConservation/GGX_TransmissionEnergyArray.uexp" 385
"../../../Engine/Content/EngineMaterials/EnergyConservation/GGX_ReflectionEnergy.uasset" 386
"../../../Engine/Content/EngineMaterials/EnergyConservation/GGX_ReflectionEnergy.uexp" 387
"../../../Engine/Content/EngineMaterials/EnergyConservation/Diffuse_Energy.uasset" 388
"../../../Engine/Content/EngineMaterials/EnergyConservation/Diffuse_Energy.uexp" 389
"../../../Engine/Content/EditorResources/SequenceRecorder/RecordingIndicator.uasset" 390
"../../../Engine/Content/EditorResources/SequenceRecorder/RecordingIndicator.uexp" 391
"../../../Engine/Content/EditorResources/SequenceRecorder/Countdown.uasset" 392
"../../../Engine/Content/EditorResources/SequenceRecorder/Countdown.uexp" 393
"../../../Engine/Content/Functions/Engine_MaterialFunctions01/Shading/PowerToRoughness.uasset" 394
"../../../Engine/Content/Functions/Engine_MaterialFunctions01/Shading/PowerToRoughness.uexp" 395
"../../../Engine/Content/Functions/Engine_MaterialFunctions01/Shading/ConvertFromDiffSpec.uasset" 396
"../../../Engine/Content/Functions/Engine_MaterialFunctions01/Shading/ConvertFromDiffSpec.uexp" 397
"../../../Engine/Content/EngineMeshes/Sphere.ubulk" 398
"../../../Engine/Content/EngineMeshes/Sphere.uasset" 399
"../../../Engine/Content/EngineMeshes/Sphere.uexp" 400
"../../../Engine/Content/EngineMaterials/Substrate/GLints/AGlintTex2dArray.uasset" 401
"../../../Engine/Content/EngineMaterials/Substrate/GLints/AGlintTex2dArray.uexp" 402
"../../../Engine/Content/EngineMaterials/Substrate/Glints2/AGlintTex2dArray2.uasset" 403
"../../../Engine/Content/EngineMaterials/Substrate/Glints2/AGlintTex2dArray2.uexp" 404
"../../../Engine/Content/EngineMaterials/T_Default_Material_Grid_M.ubulk" 405
"../../../Engine/Content/EngineMaterials/T_Default_Material_Grid_M.uasset" 406
"../../../Engine/Content/EngineMaterials/T_Default_Material_Grid_M.uexp" 407
"../../../Engine/Content/Functions/Engine_MaterialFunctions01/Opacity/CameraDepthFade.uasset" 408
"../../../Engine/Content/Functions/Engine_MaterialFunctions01/Opacity/CameraDepthFade.uexp" 409
"../../../Engine/Content/EngineMaterials/T_Default_Material_Grid_N.ubulk" 410
"../../../Engine/Content/EngineMaterials/T_Default_Material_Grid_N.uasset" 411
"../../../Engine/Content/EngineMaterials/T_Default_Material_Grid_N.uexp" 412
"../../../Engine/Content/EngineMaterials/WorldGridMaterial.uasset" 413
"../../../Engine/Content/EngineMaterials/WorldGridMaterial.uexp" 414
"../../../Engine/Content/ArtTools/RenderToTexture/Meshes/S_1_Unit_Plane.ubulk" 415
"../../../Engine/Content/ArtTools/RenderToTexture/Meshes/S_1_Unit_Plane.uasset" 416
"../../../Engine/Content/ArtTools/RenderToTexture/Meshes/S_1_Unit_Plane.uexp" 417
"../../../Engine/Content/VREditor/TransformGizmo/TranslucentTransformGizmoMaterial.uasset" 418
"../../../Engine/Content/VREditor/TransformGizmo/TranslucentTransformGizmoMaterial.uexp" 419
"../../../Engine/Content/VREditor/LaserPointer/VR_LaserPower_01.ubulk" 420
"../../../Engine/Content/VREditor/LaserPointer/VR_LaserPower_01.uasset" 421
"../../../Engine/Content/VREditor/LaserPointer/VR_LaserPower_01.uexp" 422
"../../../Engine/Content/VREditor/TransformGizmo/TransformGizmoMaterial.uasset" 423
"../../../Engine/Content/VREditor/TransformGizmo/TransformGizmoMaterial.uexp" 424
"../../../Engine/Content/VREditor/TransformGizmo/BoundingBoxCorner.ubulk" 425
"../../../Engine/Content/VREditor/TransformGizmo/BoundingBoxCorner.uasset" 426
"../../../Engine/Content/VREditor/TransformGizmo/BoundingBoxCorner.uexp" 427
"../../../Engine/Content/VREditor/TransformGizmo/BoundingBoxEdge.ubulk" 428
"../../../Engine/Content/VREditor/TransformGizmo/BoundingBoxEdge.uasset" 429
"../../../Engine/Content/VREditor/TransformGizmo/BoundingBoxEdge.uexp" 430
"../../../Engine/Content/VREditor/TransformGizmo/Xray.uasset" 431
"../../../Engine/Content/VREditor/TransformGizmo/Xray.uexp" 432
"../../../Engine/Content/VREditor/TransformGizmo/Main.uasset" 433
"../../../Engine/Content/VREditor/TransformGizmo/Main.uexp" 434
"../../../Engine/Content/VREditor/TransformGizmo/SM_Sequencer_Node.ubulk" 435
"../../../Engine/Content/VREditor/TransformGizmo/SM_Sequencer_Node.uasset" 436
"../../../Engine/Content/VREditor/TransformGizmo/SM_Sequencer_Node.uexp" 437
"../../../Engine/Content/EditorMaterials/Camera/CineMat.uasset" 438
"../../../Engine/Content/EditorMaterials/Camera/CineMat.uexp" 439
"../../../Engine/Content/EditorMaterials/Camera/MI_CineMat_Rig.uasset" 440
"../../../Engine/Content/EditorMaterials/Camera/MI_CineMat_Rig.uexp" 441
"../../../Engine/Content/EditorMeshes/Camera/SM_CraneRig_Arm.ubulk" 442
"../../../Engine/Content/EditorMeshes/Camera/SM_CraneRig_Arm.uasset" 443
"../../../Engine/Content/EditorMeshes/Camera/SM_CraneRig_Arm.uexp" 444
"../../../Engine/Content/EditorMeshes/Camera/SM_CraneRig_Base.ubulk" 445
"../../../Engine/Content/EditorMeshes/Camera/SM_CraneRig_Base.uasset" 446
"../../../Engine/Content/EditorMeshes/Camera/SM_CraneRig_Base.uexp" 447
"../../../Engine/Content/EditorMeshes/Camera/SM_CraneRig_Body.ubulk" 448
"../../../Engine/Content/EditorMeshes/Camera/SM_CraneRig_Body.uasset" 449
"../../../Engine/Content/EditorMeshes/Camera/SM_CraneRig_Body.uexp" 450
"../../../Engine/Content/EditorMeshes/Camera/SM_CraneRig_Mount.ubulk" 451
"../../../Engine/Content/EditorMeshes/Camera/SM_CraneRig_Mount.uasset" 452
"../../../Engine/Content/EditorMeshes/Camera/SM_CraneRig_Mount.uexp" 453
"../../../Engine/Content/EditorMeshes/Camera/SM_RailRig_Mount.ubulk" 454
"../../../Engine/Content/EditorMeshes/Camera/SM_RailRig_Mount.uasset" 455
"../../../Engine/Content/EditorMeshes/Camera/SM_RailRig_Mount.uexp" 456
"../../../Engine/Content/EditorMeshes/Camera/SM_RailRig_Track.ubulk" 457
"../../../Engine/Content/EditorMeshes/Camera/SM_RailRig_Track.uasset" 458
"../../../Engine/Content/EditorMeshes/Camera/SM_RailRig_Track.uexp" 459
"../../../Engine/Plugins/Animation/ControlRig/Content/Controls/ControlRig_Arrow2_1mm.ubulk" 460
"../../../Engine/Plugins/Animation/ControlRig/Content/Controls/ControlRig_Arrow2_1mm.uasset" 461
"../../../Engine/Plugins/Animation/ControlRig/Content/Controls/ControlRig_Arrow2_1mm.uexp" 462
"../../../Engine/Plugins/Animation/ControlRig/Content/Controls/ControlRig_Arrow2_3mm.ubulk" 463
"../../../Engine/Plugins/Animation/ControlRig/Content/Controls/ControlRig_Arrow2_3mm.uasset" 464
"../../../Engine/Plugins/Animation/ControlRig/Content/Controls/ControlRig_Arrow2_3mm.uexp" 465
"../../../Engine/Plugins/Animation/ControlRig/Content/Controls/ControlRig_Arrow2_solid.ubulk" 466
"../../../Engine/Plugins/Animation/ControlRig/Content/Controls/ControlRig_Arrow2_solid.uasset" 467
"../../../Engine/Plugins/Animation/ControlRig/Content/Controls/ControlRig_Arrow2_solid.uexp" 468
"../../../Engine/Plugins/Animation/ControlRig/Content/Controls/ControlRig_Arrow4_1mm.ubulk" 469
"../../../Engine/Plugins/Animation/ControlRig/Content/Controls/ControlRig_Arrow4_1mm.uasset" 470
"../../../Engine/Plugins/Animation/ControlRig/Content/Controls/ControlRig_Arrow4_1mm.uexp" 471
"../../../Engine/Plugins/Animation/ControlRig/Content/Controls/ControlRig_Arrow4_3mm.ubulk" 472
"../../../Engine/Plugins/Animation/ControlRig/Content/Controls/ControlRig_Arrow4_3mm.uasset" 473
"../../../Engine/Plugins/Animation/ControlRig/Content/Controls/ControlRig_Arrow4_3mm.uexp" 474
"../../../Engine/Plugins/Animation/ControlRig/Content/Controls/ControlRig_Arrow4_solid.ubulk" 475
"../../../Engine/Plugins/Animation/ControlRig/Content/Controls/ControlRig_Arrow4_solid.uasset" 476
"../../../Engine/Plugins/Animation/ControlRig/Content/Controls/ControlRig_Arrow4_solid.uexp" 477
"../../../Engine/Plugins/Animation/ControlRig/Content/Controls/ControlRig_Arrow_1mm.ubulk" 478
"../../../Engine/Plugins/Animation/ControlRig/Content/Controls/ControlRig_Arrow_1mm.uasset" 479
"../../../Engine/Plugins/Animation/ControlRig/Content/Controls/ControlRig_Arrow_1mm.uexp" 480
"../../../Engine/Plugins/Animation/ControlRig/Content/Controls/ControlRig_Arrow_3mm.ubulk" 481
"../../../Engine/Plugins/Animation/ControlRig/Content/Controls/ControlRig_Arrow_3mm.uasset" 482
"../../../Engine/Plugins/Animation/ControlRig/Content/Controls/ControlRig_Arrow_3mm.uexp" 483
"../../../Engine/Plugins/Animation/ControlRig/Content/Controls/ControlRig_Arrow_solid.ubulk" 484
"../../../Engine/Plugins/Animation/ControlRig/Content/Controls/ControlRig_Arrow_solid.uasset" 485
"../../../Engine/Plugins/Animation/ControlRig/Content/Controls/ControlRig_Arrow_solid.uexp" 486
"../../../Engine/Plugins/Animation/ControlRig/Content/Controls/ControlRig_Box_1mm.ubulk" 487
"../../../Engine/Plugins/Animation/ControlRig/Content/Controls/ControlRig_Box_1mm.uasset" 488
"../../../Engine/Plugins/Animation/ControlRig/Content/Controls/ControlRig_Box_1mm.uexp" 489
"../../../Engine/Plugins/Animation/ControlRig/Content/Controls/ControlRig_Box_3mm.ubulk" 490
"../../../Engine/Plugins/Animation/ControlRig/Content/Controls/ControlRig_Box_3mm.uasset" 491
"../../../Engine/Plugins/Animation/ControlRig/Content/Controls/ControlRig_Box_3mm.uexp" 492
"../../../Engine/Plugins/Animation/ControlRig/Content/Controls/ControlRig_Box_solid.ubulk" 493
"../../../Engine/Plugins/Animation/ControlRig/Content/Controls/ControlRig_Box_solid.uasset" 494
"../../../Engine/Plugins/Animation/ControlRig/Content/Controls/ControlRig_Box_solid.uexp" 495
"../../../Engine/Plugins/Animation/ControlRig/Content/Controls/ControlRig_Circle_1mm.ubulk" 496
"../../../Engine/Plugins/Animation/ControlRig/Content/Controls/ControlRig_Circle_1mm.uasset" 497
"../../../Engine/Plugins/Animation/ControlRig/Content/Controls/ControlRig_Circle_1mm.uexp" 498
"../../../Engine/Plugins/Animation/ControlRig/Content/Controls/ControlRig_Circle_3mm.ubulk" 499
"../../../Engine/Plugins/Animation/ControlRig/Content/Controls/ControlRig_Circle_3mm.uasset" 500
"../../../Engine/Plugins/Animation/ControlRig/Content/Controls/ControlRig_Circle_3mm.uexp" 501
"../../../Engine/Plugins/Animation/ControlRig/Content/Controls/ControlRig_Circle_solid.ubulk" 502
"../../../Engine/Plugins/Animation/ControlRig/Content/Controls/ControlRig_Circle_solid.uasset" 503
"../../../Engine/Plugins/Animation/ControlRig/Content/Controls/ControlRig_Circle_solid.uexp" 504
"../../../Engine/Plugins/Animation/ControlRig/Content/Controls/ControlRig_Diamond_1mm.ubulk" 505
"../../../Engine/Plugins/Animation/ControlRig/Content/Controls/ControlRig_Diamond_1mm.uasset" 506
"../../../Engine/Plugins/Animation/ControlRig/Content/Controls/ControlRig_Diamond_1mm.uexp" 507
"../../../Engine/Plugins/Animation/ControlRig/Content/Controls/ControlRig_Diamond_3mm.ubulk" 508
"../../../Engine/Plugins/Animation/ControlRig/Content/Controls/ControlRig_Diamond_3mm.uasset" 509
"../../../Engine/Plugins/Animation/ControlRig/Content/Controls/ControlRig_Diamond_3mm.uexp" 510
"../../../Engine/Plugins/Animation/ControlRig/Content/Controls/ControlRig_Diamond_solid.ubulk" 511
"../../../Engine/Plugins/Animation/ControlRig/Content/Controls/ControlRig_Diamond_solid.uasset" 512
"../../../Engine/Plugins/Animation/ControlRig/Content/Controls/ControlRig_Diamond_solid.uexp" 513
"../../../Engine/Plugins/Animation/ControlRig/Content/Controls/ControlRig_HalfCircle_1mm.ubulk" 514
"../../../Engine/Plugins/Animation/ControlRig/Content/Controls/ControlRig_HalfCircle_1mm.uasset" 515
"../../../Engine/Plugins/Animation/ControlRig/Content/Controls/ControlRig_HalfCircle_1mm.uexp" 516
"../../../Engine/Plugins/Animation/ControlRig/Content/Controls/ControlRig_HalfCircle_3mm.ubulk" 517
"../../../Engine/Plugins/Animation/ControlRig/Content/Controls/ControlRig_HalfCircle_3mm.uasset" 518
"../../../Engine/Plugins/Animation/ControlRig/Content/Controls/ControlRig_HalfCircle_3mm.uexp" 519
"../../../Engine/Plugins/Animation/ControlRig/Content/Controls/ControlRig_HalfCircle_solid.ubulk" 520
"../../../Engine/Plugins/Animation/ControlRig/Content/Controls/ControlRig_HalfCircle_solid.uasset" 521
"../../../Engine/Plugins/Animation/ControlRig/Content/Controls/ControlRig_HalfCircle_solid.uexp" 522
"../../../Engine/Plugins/Animation/ControlRig/Content/Controls/ControlRig_Hexagon_1mm.ubulk" 523
"../../../Engine/Plugins/Animation/ControlRig/Content/Controls/ControlRig_Hexagon_1mm.uasset" 524
"../../../Engine/Plugins/Animation/ControlRig/Content/Controls/ControlRig_Hexagon_1mm.uexp" 525
"../../../Engine/Plugins/Animation/ControlRig/Content/Controls/ControlRig_Hexagon_3mm.ubulk" 526
"../../../Engine/Plugins/Animation/ControlRig/Content/Controls/ControlRig_Hexagon_3mm.uasset" 527
"../../../Engine/Plugins/Animation/ControlRig/Content/Controls/ControlRig_Hexagon_3mm.uexp" 528
"../../../Engine/Plugins/Animation/ControlRig/Content/Controls/ControlRig_Hexagon_solid.ubulk" 529
"../../../Engine/Plugins/Animation/ControlRig/Content/Controls/ControlRig_Hexagon_solid.uasset" 530
"../../../Engine/Plugins/Animation/ControlRig/Content/Controls/ControlRig_Hexagon_solid.uexp" 531
"../../../Engine/Plugins/Animation/ControlRig/Content/Controls/ControlRig_Octagon_1mm.ubulk" 532
"../../../Engine/Plugins/Animation/ControlRig/Content/Controls/ControlRig_Octagon_1mm.uasset" 533
"../../../Engine/Plugins/Animation/ControlRig/Content/Controls/ControlRig_Octagon_1mm.uexp" 534
"../../../Engine/Plugins/Animation/ControlRig/Content/Controls/ControlRig_Octagon_3mm.ubulk" 535
"../../../Engine/Plugins/Animation/ControlRig/Content/Controls/ControlRig_Octagon_3mm.uasset" 536
"../../../Engine/Plugins/Animation/ControlRig/Content/Controls/ControlRig_Octagon_3mm.uexp" 537
"../../../Engine/Plugins/Animation/ControlRig/Content/Controls/ControlRig_Octagon_solid.ubulk" 538
"../../../Engine/Plugins/Animation/ControlRig/Content/Controls/ControlRig_Octagon_solid.uasset" 539
"../../../Engine/Plugins/Animation/ControlRig/Content/Controls/ControlRig_Octagon_solid.uexp" 540
"../../../Engine/Plugins/Animation/ControlRig/Content/Controls/ControlRig_Pyramid_1mm.ubulk" 541
"../../../Engine/Plugins/Animation/ControlRig/Content/Controls/ControlRig_Pyramid_1mm.uasset" 542
"../../../Engine/Plugins/Animation/ControlRig/Content/Controls/ControlRig_Pyramid_1mm.uexp" 543
"../../../Engine/Plugins/Animation/ControlRig/Content/Controls/ControlRig_Pyramid_3mm.ubulk" 544
"../../../Engine/Plugins/Animation/ControlRig/Content/Controls/ControlRig_Pyramid_3mm.uasset" 545
"../../../Engine/Plugins/Animation/ControlRig/Content/Controls/ControlRig_Pyramid_3mm.uexp" 546
"../../../Engine/Plugins/Animation/ControlRig/Content/Controls/ControlRig_Pyramid_solid.ubulk" 547
"../../../Engine/Plugins/Animation/ControlRig/Content/Controls/ControlRig_Pyramid_solid.uasset" 548
"../../../Engine/Plugins/Animation/ControlRig/Content/Controls/ControlRig_Pyramid_solid.uexp" 549
"../../../Engine/Plugins/Animation/ControlRig/Content/Controls/ControlRig_QuarterCircle_1mm.ubulk" 550
"../../../Engine/Plugins/Animation/ControlRig/Content/Controls/ControlRig_QuarterCircle_1mm.uasset" 551
"../../../Engine/Plugins/Animation/ControlRig/Content/Controls/ControlRig_QuarterCircle_1mm.uexp" 552
"../../../Engine/Plugins/Animation/ControlRig/Content/Controls/ControlRig_QuarterCircle_3mm.ubulk" 553
"../../../Engine/Plugins/Animation/ControlRig/Content/Controls/ControlRig_QuarterCircle_3mm.uasset" 554
"../../../Engine/Plugins/Animation/ControlRig/Content/Controls/ControlRig_QuarterCircle_3mm.uexp" 555
"../../../Engine/Plugins/Animation/ControlRig/Content/Controls/ControlRig_QuarterCircle_solid.ubulk" 556
"../../../Engine/Plugins/Animation/ControlRig/Content/Controls/ControlRig_QuarterCircle_solid.uasset" 557
"../../../Engine/Plugins/Animation/ControlRig/Content/Controls/ControlRig_QuarterCircle_solid.uexp" 558
"../../../Engine/Plugins/Animation/ControlRig/Content/Controls/ControlRig_RoundedSquare_1mm.ubulk" 559
"../../../Engine/Plugins/Animation/ControlRig/Content/Controls/ControlRig_RoundedSquare_1mm.uasset" 560
"../../../Engine/Plugins/Animation/ControlRig/Content/Controls/ControlRig_RoundedSquare_1mm.uexp" 561
"../../../Engine/Plugins/Animation/ControlRig/Content/Controls/ControlRig_RoundedSquare_3mm.ubulk" 562
"../../../Engine/Plugins/Animation/ControlRig/Content/Controls/ControlRig_RoundedSquare_3mm.uasset" 563
"../../../Engine/Plugins/Animation/ControlRig/Content/Controls/ControlRig_RoundedSquare_3mm.uexp" 564
"../../../Engine/Plugins/Animation/ControlRig/Content/Controls/ControlRig_RoundedSquare_solid.ubulk" 565
"../../../Engine/Plugins/Animation/ControlRig/Content/Controls/ControlRig_RoundedSquare_solid.uasset" 566
"../../../Engine/Plugins/Animation/ControlRig/Content/Controls/ControlRig_RoundedSquare_solid.uexp" 567
"../../../Engine/Plugins/Animation/ControlRig/Content/Controls/ControlRig_RoundedTriangle_1mm.ubulk" 568
"../../../Engine/Plugins/Animation/ControlRig/Content/Controls/ControlRig_RoundedTriangle_1mm.uasset" 569
"../../../Engine/Plugins/Animation/ControlRig/Content/Controls/ControlRig_RoundedTriangle_1mm.uexp" 570
"../../../Engine/Plugins/Animation/ControlRig/Content/Controls/ControlRig_RoundedTriangle_3mm.ubulk" 571
"../../../Engine/Plugins/Animation/ControlRig/Content/Controls/ControlRig_RoundedTriangle_3mm.uasset" 572
"../../../Engine/Plugins/Animation/ControlRig/Content/Controls/ControlRig_RoundedTriangle_3mm.uexp" 573
"../../../Engine/Plugins/Animation/ControlRig/Content/Controls/ControlRig_RoundedTriangle_solid.ubulk" 574
"../../../Engine/Plugins/Animation/ControlRig/Content/Controls/ControlRig_RoundedTriangle_solid.uasset" 575
"../../../Engine/Plugins/Animation/ControlRig/Content/Controls/ControlRig_RoundedTriangle_solid.uexp" 576
"../../../Engine/Plugins/Animation/ControlRig/Content/Controls/ControlRig_Sphere_1mm.ubulk" 577
"../../../Engine/Plugins/Animation/ControlRig/Content/Controls/ControlRig_Sphere_1mm.uasset" 578
"../../../Engine/Plugins/Animation/ControlRig/Content/Controls/ControlRig_Sphere_1mm.uexp" 579
"../../../Engine/Plugins/Animation/ControlRig/Content/Controls/ControlRig_Sphere_3mm.ubulk" 580
"../../../Engine/Plugins/Animation/ControlRig/Content/Controls/ControlRig_Sphere_3mm.uasset" 581
"../../../Engine/Plugins/Animation/ControlRig/Content/Controls/ControlRig_Sphere_3mm.uexp" 582
"../../../Engine/Plugins/Animation/ControlRig/Content/Controls/ControlRig_Sphere_solid.ubulk" 583
"../../../Engine/Plugins/Animation/ControlRig/Content/Controls/ControlRig_Sphere_solid.uasset" 584
"../../../Engine/Plugins/Animation/ControlRig/Content/Controls/ControlRig_Sphere_solid.uexp" 585
"../../../Engine/Plugins/Animation/ControlRig/Content/Controls/ControlRig_Square_1mm.ubulk" 586
"../../../Engine/Plugins/Animation/ControlRig/Content/Controls/ControlRig_Square_1mm.uasset" 587
"../../../Engine/Plugins/Animation/ControlRig/Content/Controls/ControlRig_Square_1mm.uexp" 588
"../../../Engine/Plugins/Animation/ControlRig/Content/Controls/ControlRig_Square_3mm.ubulk" 589
"../../../Engine/Plugins/Animation/ControlRig/Content/Controls/ControlRig_Square_3mm.uasset" 590
"../../../Engine/Plugins/Animation/ControlRig/Content/Controls/ControlRig_Square_3mm.uexp" 591
"../../../Engine/Plugins/Animation/ControlRig/Content/Controls/ControlRig_Square_solid.ubulk" 592
"../../../Engine/Plugins/Animation/ControlRig/Content/Controls/ControlRig_Square_solid.uasset" 593
"../../../Engine/Plugins/Animation/ControlRig/Content/Controls/ControlRig_Square_solid.uexp" 594
"../../../Engine/Plugins/Animation/ControlRig/Content/Controls/ControlRig_Star4_1mm.ubulk" 595
"../../../Engine/Plugins/Animation/ControlRig/Content/Controls/ControlRig_Star4_1mm.uasset" 596
"../../../Engine/Plugins/Animation/ControlRig/Content/Controls/ControlRig_Star4_1mm.uexp" 597
"../../../Engine/Plugins/Animation/ControlRig/Content/Controls/ControlRig_Star4_3mm.ubulk" 598
"../../../Engine/Plugins/Animation/ControlRig/Content/Controls/ControlRig_Star4_3mm.uasset" 599
"../../../Engine/Plugins/Animation/ControlRig/Content/Controls/ControlRig_Star4_3mm.uexp" 600
"../../../Engine/Plugins/Animation/ControlRig/Content/Controls/ControlRig_Star4_solid.ubulk" 601
"../../../Engine/Plugins/Animation/ControlRig/Content/Controls/ControlRig_Star4_solid.uasset" 602
"../../../Engine/Plugins/Animation/ControlRig/Content/Controls/ControlRig_Star4_solid.uexp" 603
"../../../Engine/Plugins/Animation/ControlRig/Content/Controls/ControlRig_Triangle_1mm.ubulk" 604
"../../../Engine/Plugins/Animation/ControlRig/Content/Controls/ControlRig_Triangle_1mm.uasset" 605
"../../../Engine/Plugins/Animation/ControlRig/Content/Controls/ControlRig_Triangle_1mm.uexp" 606
"../../../Engine/Plugins/Animation/ControlRig/Content/Controls/ControlRig_Triangle_3mm.ubulk" 607
"../../../Engine/Plugins/Animation/ControlRig/Content/Controls/ControlRig_Triangle_3mm.uasset" 608
"../../../Engine/Plugins/Animation/ControlRig/Content/Controls/ControlRig_Triangle_3mm.uexp" 609
"../../../Engine/Plugins/Animation/ControlRig/Content/Controls/ControlRig_Triangle_solid.ubulk" 610
"../../../Engine/Plugins/Animation/ControlRig/Content/Controls/ControlRig_Triangle_solid.uasset" 611
"../../../Engine/Plugins/Animation/ControlRig/Content/Controls/ControlRig_Triangle_solid.uexp" 612
"../../../Engine/Plugins/Animation/ControlRig/Content/Controls/ControlRig_Wedge_1mm.ubulk" 613
"../../../Engine/Plugins/Animation/ControlRig/Content/Controls/ControlRig_Wedge_1mm.uasset" 614
"../../../Engine/Plugins/Animation/ControlRig/Content/Controls/ControlRig_Wedge_1mm.uexp" 615
"../../../Engine/Plugins/Animation/ControlRig/Content/Controls/ControlRig_Wedge_3mm.ubulk" 616
"../../../Engine/Plugins/Animation/ControlRig/Content/Controls/ControlRig_Wedge_3mm.uasset" 617
"../../../Engine/Plugins/Animation/ControlRig/Content/Controls/ControlRig_Wedge_3mm.uexp" 618
"../../../Engine/Plugins/Animation/ControlRig/Content/Controls/ControlRig_Wedge_solid.ubulk" 619
"../../../Engine/Plugins/Animation/ControlRig/Content/Controls/ControlRig_Wedge_solid.uasset" 620
"../../../Engine/Plugins/Animation/ControlRig/Content/Controls/ControlRig_Wedge_solid.uexp" 621
"../../../Engine/Content/EngineMaterials/WeightMapPlaceholderTexture.uasset" 622
"../../../Engine/Content/EngineMaterials/WeightMapPlaceholderTexture.uexp" 623
"../../../Engine/Content/EngineMaterials/WeightMapArrayPlaceholderTexture.uasset" 624
"../../../Engine/Content/EngineMaterials/WeightMapArrayPlaceholderTexture.uexp" 625
"../../../Engine/Content/EditorLandscapeResources/SplineEditorMeshMat.uasset" 626
"../../../Engine/Content/EditorLandscapeResources/SplineEditorMeshMat.uexp" 627
"../../../Engine/Content/EditorLandscapeResources/SplineEditorMesh.ubulk" 628
"../../../Engine/Content/EditorLandscapeResources/SplineEditorMesh.uasset" 629
"../../../Engine/Content/EditorLandscapeResources/SplineEditorMesh.uexp" 630
"../../../Engine/Content/EngineMaterials/DefaultMaterial.uasset" 631
"../../../Engine/Content/EngineMaterials/DefaultMaterial.uexp" 632
"../../../Engine/Content/BasicShapes/Cone.ubulk" 633
"../../../Engine/Content/BasicShapes/Cone.uasset" 634
"../../../Engine/Content/BasicShapes/Cone.uexp" 635
"../../../Engine/Content/BasicShapes/Cube.ubulk" 636
"../../../Engine/Content/BasicShapes/Cube.uasset" 637
"../../../Engine/Content/BasicShapes/Cube.uexp" 638
"../../../Engine/Content/BasicShapes/Plane.ubulk" 639
"../../../Engine/Content/BasicShapes/Plane.uasset" 640
"../../../Engine/Content/BasicShapes/Plane.uexp" 641
"../../../Engine/Plugins/Media/MediaPlate/Content/SM_MediaPlateScreen.ubulk" 642
"../../../Engine/Plugins/Media/MediaPlate/Content/SM_MediaPlateScreen.uasset" 643
"../../../Engine/Plugins/Media/MediaPlate/Content/SM_MediaPlateScreen.uexp" 644
"../../../Engine/Content/EngineResources/DefaultTextureCube.uasset" 645
"../../../Engine/Content/EngineResources/DefaultTextureCube.uexp" 646
"../../../Engine/Content/EngineResources/DefaultVolumeTexture2D.uasset" 647
"../../../Engine/Content/EngineResources/DefaultVolumeTexture2D.uexp" 648
"../../../Engine/Content/EngineResources/DefaultVolumeTexture.uasset" 649
"../../../Engine/Content/EngineResources/DefaultVolumeTexture.uexp" 650
"../../../Engine/Content/EngineMaterials/Substrate/Volume/SubstrateSimpleVolumeEnvLUT3D.uasset" 651
"../../../Engine/Content/EngineMaterials/Substrate/Volume/SubstrateSimpleVolumeEnvLUT3D.uexp" 652
"../../../Engine/Content/EngineMaterials/Substrate/Volume/SubstrateSimpleVolumeLUT3D.uasset" 653
"../../../Engine/Content/EngineMaterials/Substrate/Volume/SubstrateSimpleVolumeLUT3D.uexp" 654
"../../../Engine/Plugins/Interchange/Assets/Content/Utilities/New_LUT.uasset" 655
"../../../Engine/Plugins/Interchange/Assets/Content/Utilities/New_LUT.uexp" 656
"../../../Engine/Content/Functions/Engine_MaterialFunctions03/Math/RemapValueRange.uasset" 657
"../../../Engine/Content/Functions/Engine_MaterialFunctions03/Math/RemapValueRange.uexp" 658
"../../../Engine/Plugins/Interchange/Assets/Content/Functions/MF_Iridescence.uasset" 659
"../../../Engine/Plugins/Interchange/Assets/Content/Functions/MF_Iridescence.uexp" 660
"../../../Engine/Plugins/Interchange/Assets/Content/gltf/Textures/T_White_srgb.uasset" 661
"../../../Engine/Plugins/Interchange/Assets/Content/gltf/Textures/T_White_srgb.uexp" 662
"../../../Engine/Plugins/Interchange/Assets/Content/gltf/MaterialFunctions/MF_BaseColor.uasset" 663
"../../../Engine/Plugins/Interchange/Assets/Content/gltf/MaterialFunctions/MF_BaseColor.uexp" 664
"../../../Engine/Plugins/Interchange/Assets/Content/gltf/MaterialFunctions/MF_RotateV2.uasset" 665
"../../../Engine/Plugins/Interchange/Assets/Content/gltf/MaterialFunctions/MF_RotateV2.uexp" 666
"../../../Engine/Plugins/Interchange/Assets/Content/gltf/MaterialFunctions/MF_TransformUVs.uasset" 667
"../../../Engine/Plugins/Interchange/Assets/Content/gltf/MaterialFunctions/MF_TransformUVs.uexp" 668
"../../../Engine/Plugins/Interchange/Assets/Content/gltf/MaterialFunctions/MF_IOR.uasset" 669
"../../../Engine/Plugins/Interchange/Assets/Content/gltf/MaterialFunctions/MF_IOR.uexp" 670
"../../../Engine/Plugins/Interchange/Assets/Content/gltf/MaterialFunctions/MF_Iridescence.uasset" 671
"../../../Engine/Plugins/Interchange/Assets/Content/gltf/MaterialFunctions/MF_Iridescence.uexp" 672
"../../../Engine/Plugins/Interchange/Assets/Content/gltf/Textures/T_White_Linear.uasset" 673
"../../../Engine/Plugins/Interchange/Assets/Content/gltf/Textures/T_White_Linear.uexp" 674
"../../../Engine/Plugins/Interchange/Assets/Content/gltf/MaterialFunctions/MF_MetallicRoughness.uasset" 675
"../../../Engine/Plugins/Interchange/Assets/Content/gltf/MaterialFunctions/MF_MetallicRoughness.uexp" 676
"../../../Engine/Content/Functions/Engine_MaterialFunctions02/Math/Transform3x3Matrix.uasset" 677
"../../../Engine/Content/Functions/Engine_MaterialFunctions02/Math/Transform3x3Matrix.uexp" 678
"../../../Engine/Plugins/Interchange/Assets/Content/gltf/MaterialFunctions/MF_RotateNormals_TS.uasset" 679
"../../../Engine/Plugins/Interchange/Assets/Content/gltf/MaterialFunctions/MF_RotateNormals_TS.uexp" 680
"../../../Engine/Plugins/Interchange/Assets/Content/gltf/MaterialFunctions/MF_ScaleNormal.uasset" 681
"../../../Engine/Plugins/Interchange/Assets/Content/gltf/MaterialFunctions/MF_ScaleNormal.uexp" 682
"../../../Engine/Plugins/Interchange/Assets/Content/gltf/Textures/T_Generic_N.uasset" 683
"../../../Engine/Plugins/Interchange/Assets/Content/gltf/Textures/T_Generic_N.uexp" 684
"../../../Engine/Plugins/Interchange/Assets/Content/gltf/MaterialFunctions/MF_Normals.uasset" 685
"../../../Engine/Plugins/Interchange/Assets/Content/gltf/MaterialFunctions/MF_Normals.uexp" 686
"../../../Engine/Plugins/Interchange/Assets/Content/gltf/MaterialFunctions/MF_Occlusion.uasset" 687
"../../../Engine/Plugins/Interchange/Assets/Content/gltf/MaterialFunctions/MF_Occlusion.uexp" 688
"../../../Engine/Plugins/Interchange/Assets/Content/gltf/MaterialFunctions/MF_Specular.uasset" 689
"../../../Engine/Plugins/Interchange/Assets/Content/gltf/MaterialFunctions/MF_Specular.uexp" 690
"../../../Engine/Plugins/Interchange/Assets/Content/gltf/Textures/T_Anisotropy_Direction_Linear.uasset" 691
"../../../Engine/Plugins/Interchange/Assets/Content/gltf/Textures/T_Anisotropy_Direction_Linear.uexp" 692
"../../../Engine/Plugins/Interchange/Assets/Content/gltf/MaterialFunctions/MF_SpecularAnisotropy.uasset" 693
"../../../Engine/Plugins/Interchange/Assets/Content/gltf/MaterialFunctions/MF_SpecularAnisotropy.uexp" 694
"../../../Engine/Plugins/Interchange/Assets/Content/gltf/MaterialFunctions/MF_Emissive.uasset" 695
"../../../Engine/Plugins/Interchange/Assets/Content/gltf/MaterialFunctions/MF_Emissive.uexp" 696
"../../../Engine/Content/Functions/Engine_MaterialFunctions01/Texturing/FlattenNormal.uasset" 697
"../../../Engine/Content/Functions/Engine_MaterialFunctions01/Texturing/FlattenNormal.uexp" 698
"../../../Engine/Plugins/Interchange/Assets/Content/gltf/MaterialFunctions/MF_Clearcoat.uasset" 699
"../../../Engine/Plugins/Interchange/Assets/Content/gltf/MaterialFunctions/MF_Clearcoat.uexp" 700
"../../../Engine/Plugins/Interchange/Assets/Content/gltf/MaterialBodies/MF_ClearCoat_Body.uasset" 701
"../../../Engine/Plugins/Interchange/Assets/Content/gltf/MaterialBodies/MF_ClearCoat_Body.uexp" 702
"../../../Engine/Plugins/Interchange/Assets/Content/gltf/M_ClearCoat.uasset" 703
"../../../Engine/Plugins/Interchange/Assets/Content/gltf/M_ClearCoat.uexp" 704
"../../../Engine/Plugins/Interchange/Assets/Content/gltf/MaterialInstances/MI_ClearCoat_Blend.uasset" 705
"../../../Engine/Plugins/Interchange/Assets/Content/gltf/MaterialInstances/MI_ClearCoat_Blend.uexp" 706
"../../../Engine/Plugins/Interchange/Assets/Content/gltf/MaterialInstances/MI_ClearCoat_Blend_DS.uasset" 707
"../../../Engine/Plugins/Interchange/Assets/Content/gltf/MaterialInstances/MI_ClearCoat_Blend_DS.uexp" 708
"../../../Engine/Plugins/Interchange/Assets/Content/gltf/MaterialInstances/MI_ClearCoat_Mask.uasset" 709
"../../../Engine/Plugins/Interchange/Assets/Content/gltf/MaterialInstances/MI_ClearCoat_Mask.uexp" 710
"../../../Engine/Plugins/Interchange/Assets/Content/gltf/MaterialInstances/MI_ClearCoat_Mask_DS.uasset" 711
"../../../Engine/Plugins/Interchange/Assets/Content/gltf/MaterialInstances/MI_ClearCoat_Mask_DS.uexp" 712
"../../../Engine/Plugins/Interchange/Assets/Content/gltf/MaterialInstances/MI_ClearCoat_Opaque.uasset" 713
"../../../Engine/Plugins/Interchange/Assets/Content/gltf/MaterialInstances/MI_ClearCoat_Opaque.uexp" 714
"../../../Engine/Plugins/Interchange/Assets/Content/gltf/MaterialInstances/MI_ClearCoat_Opaque_DS.uasset" 715
"../../../Engine/Plugins/Interchange/Assets/Content/gltf/MaterialInstances/MI_ClearCoat_Opaque_DS.uexp" 716
"../../../Engine/Plugins/Interchange/Assets/Content/gltf/MaterialBodies/MF_Default_Body.uasset" 717
"../../../Engine/Plugins/Interchange/Assets/Content/gltf/MaterialBodies/MF_Default_Body.uexp" 718
"../../../Engine/Plugins/Interchange/Assets/Content/gltf/M_Default.uasset" 719
"../../../Engine/Plugins/Interchange/Assets/Content/gltf/M_Default.uexp" 720
"../../../Engine/Plugins/Interchange/Assets/Content/gltf/MaterialInstances/MI_Default_Blend.uasset" 721
"../../../Engine/Plugins/Interchange/Assets/Content/gltf/MaterialInstances/MI_Default_Blend.uexp" 722
"../../../Engine/Plugins/Interchange/Assets/Content/gltf/MaterialInstances/MI_Default_Blend_DS.uasset" 723
"../../../Engine/Plugins/Interchange/Assets/Content/gltf/MaterialInstances/MI_Default_Blend_DS.uexp" 724
"../../../Engine/Plugins/Interchange/Assets/Content/gltf/MaterialInstances/MI_Default_Mask.uasset" 725
"../../../Engine/Plugins/Interchange/Assets/Content/gltf/MaterialInstances/MI_Default_Mask.uexp" 726
"../../../Engine/Plugins/Interchange/Assets/Content/gltf/MaterialInstances/MI_Default_Mask_DS.uasset" 727
"../../../Engine/Plugins/Interchange/Assets/Content/gltf/MaterialInstances/MI_Default_Mask_DS.uexp" 728
"../../../Engine/Plugins/Interchange/Assets/Content/gltf/MaterialInstances/MI_Default_Opaque.uasset" 729
"../../../Engine/Plugins/Interchange/Assets/Content/gltf/MaterialInstances/MI_Default_Opaque.uexp" 730
"../../../Engine/Plugins/Interchange/Assets/Content/gltf/MaterialInstances/MI_Default_Opaque_DS.uasset" 731
"../../../Engine/Plugins/Interchange/Assets/Content/gltf/MaterialInstances/MI_Default_Opaque_DS.uexp" 732
"../../../Engine/Plugins/Interchange/Assets/Content/gltf/MaterialFunctions/MF_Sheen.uasset" 733
"../../../Engine/Plugins/Interchange/Assets/Content/gltf/MaterialFunctions/MF_Sheen.uexp" 734
"../../../Engine/Plugins/Interchange/Assets/Content/gltf/MaterialBodies/MF_Sheen_Body.uasset" 735
"../../../Engine/Plugins/Interchange/Assets/Content/gltf/MaterialBodies/MF_Sheen_Body.uexp" 736
"../../../Engine/Plugins/Interchange/Assets/Content/gltf/M_Sheen.uasset" 737
"../../../Engine/Plugins/Interchange/Assets/Content/gltf/M_Sheen.uexp" 738
"../../../Engine/Plugins/Interchange/Assets/Content/gltf/MaterialInstances/MI_Sheen_Blend.uasset" 739
"../../../Engine/Plugins/Interchange/Assets/Content/gltf/MaterialInstances/MI_Sheen_Blend.uexp" 740
"../../../Engine/Plugins/Interchange/Assets/Content/gltf/MaterialInstances/MI_Sheen_Blend_DS.uasset" 741
"../../../Engine/Plugins/Interchange/Assets/Content/gltf/MaterialInstances/MI_Sheen_Blend_DS.uexp" 742
"../../../Engine/Plugins/Interchange/Assets/Content/gltf/MaterialInstances/MI_Sheen_Mask.uasset" 743
"../../../Engine/Plugins/Interchange/Assets/Content/gltf/MaterialInstances/MI_Sheen_Mask.uexp" 744
"../../../Engine/Plugins/Interchange/Assets/Content/gltf/MaterialInstances/MI_Sheen_Mask_DS.uasset" 745
"../../../Engine/Plugins/Interchange/Assets/Content/gltf/MaterialInstances/MI_Sheen_Mask_DS.uexp" 746
"../../../Engine/Plugins/Interchange/Assets/Content/gltf/MaterialInstances/MI_Sheen_Opaque.uasset" 747
"../../../Engine/Plugins/Interchange/Assets/Content/gltf/MaterialInstances/MI_Sheen_Opaque.uexp" 748
"../../../Engine/Plugins/Interchange/Assets/Content/gltf/MaterialInstances/MI_Sheen_Opaque_DS.uasset" 749
"../../../Engine/Plugins/Interchange/Assets/Content/gltf/MaterialInstances/MI_Sheen_Opaque_DS.uexp" 750
"../../../Engine/Content/Functions/Engine_MaterialFunctions02/Math/AddComponents.uasset" 751
"../../../Engine/Content/Functions/Engine_MaterialFunctions02/Math/AddComponents.uexp" 752
"../../../Engine/Plugins/Interchange/Assets/Content/gltf/MaterialFunctions/MF_DiffuseSpecGloss.uasset" 753
"../../../Engine/Plugins/Interchange/Assets/Content/gltf/MaterialFunctions/MF_DiffuseSpecGloss.uexp" 754
"../../../Engine/Plugins/Interchange/Assets/Content/gltf/MaterialFunctions/MF_MaxComponentValue.uasset" 755
"../../../Engine/Plugins/Interchange/Assets/Content/gltf/MaterialFunctions/MF_MaxComponentValue.uexp" 756
"../../../Engine/Plugins/Interchange/Assets/Content/gltf/MaterialFunctions/MF_PerceivedBrightness.uasset" 757
"../../../Engine/Plugins/Interchange/Assets/Content/gltf/MaterialFunctions/MF_PerceivedBrightness.uexp" 758
"../../../Engine/Plugins/Interchange/Assets/Content/gltf/MaterialFunctions/MF_SpecGlossToMetalRoughness.uasset" 759
"../../../Engine/Plugins/Interchange/Assets/Content/gltf/MaterialFunctions/MF_SpecGlossToMetalRoughness.uexp" 760
"../../../Engine/Plugins/Interchange/Assets/Content/gltf/MaterialBodies/MF_SpecularGlossiness_Body.uasset" 761
"../../../Engine/Plugins/Interchange/Assets/Content/gltf/MaterialBodies/MF_SpecularGlossiness_Body.uexp" 762
"../../../Engine/Plugins/Interchange/Assets/Content/gltf/M_SpecularGlossiness.uasset" 763
"../../../Engine/Plugins/Interchange/Assets/Content/gltf/M_SpecularGlossiness.uexp" 764
"../../../Engine/Plugins/Interchange/Assets/Content/gltf/MaterialInstances/MI_SpecularGlossiness_Blend.uasset" 765
"../../../Engine/Plugins/Interchange/Assets/Content/gltf/MaterialInstances/MI_SpecularGlossiness_Blend.uexp" 766
"../../../Engine/Plugins/Interchange/Assets/Content/gltf/MaterialInstances/MI_SpecularGlossiness_Blend_DS.uasset" 767
"../../../Engine/Plugins/Interchange/Assets/Content/gltf/MaterialInstances/MI_SpecularGlossiness_Blend_DS.uexp" 768
"../../../Engine/Plugins/Interchange/Assets/Content/gltf/MaterialInstances/MI_SpecularGlossiness_Mask.uasset" 769
"../../../Engine/Plugins/Interchange/Assets/Content/gltf/MaterialInstances/MI_SpecularGlossiness_Mask.uexp" 770
"../../../Engine/Plugins/Interchange/Assets/Content/gltf/MaterialInstances/MI_SpecularGlossiness_Mask_DS.uasset" 771
"../../../Engine/Plugins/Interchange/Assets/Content/gltf/MaterialInstances/MI_SpecularGlossiness_Mask_DS.uexp" 772
"../../../Engine/Plugins/Interchange/Assets/Content/gltf/MaterialInstances/MI_SpecularGlossiness_Opaque.uasset" 773
"../../../Engine/Plugins/Interchange/Assets/Content/gltf/MaterialInstances/MI_SpecularGlossiness_Opaque.uexp" 774
"../../../Engine/Plugins/Interchange/Assets/Content/gltf/MaterialInstances/MI_SpecularGlossiness_Opaque_DS.uasset" 775
"../../../Engine/Plugins/Interchange/Assets/Content/gltf/MaterialInstances/MI_SpecularGlossiness_Opaque_DS.uexp" 776
"../../../Engine/Content/EngineMaterials/Good64x64TilingNoiseHighFreq.uasset" 777
"../../../Engine/Content/EngineMaterials/Good64x64TilingNoiseHighFreq.uexp" 778
"../../../Engine/Content/Functions/Engine_MaterialFunctions02/Texturing/ScreenAlignedPixelToPixelUVs.uasset" 779
"../../../Engine/Content/Functions/Engine_MaterialFunctions02/Texturing/ScreenAlignedPixelToPixelUVs.uexp" 780
"../../../Engine/Plugins/Interchange/Assets/Content/gltf/MaterialFunctions/MF_Fresnel_DS.uasset" 781
"../../../Engine/Plugins/Interchange/Assets/Content/gltf/MaterialFunctions/MF_Fresnel_DS.uexp" 782
"../../../Engine/Plugins/Interchange/Assets/Content/gltf/MaterialFunctions/MF_Temporal_Blur.uasset" 783
"../../../Engine/Plugins/Interchange/Assets/Content/gltf/MaterialFunctions/MF_Temporal_Blur.uexp" 784
"../../../Engine/Plugins/Interchange/Assets/Content/gltf/MaterialFunctions/MF_Transmission.uasset" 785
"../../../Engine/Plugins/Interchange/Assets/Content/gltf/MaterialFunctions/MF_Transmission.uexp" 786
"../../../Engine/Plugins/Interchange/Assets/Content/gltf/MaterialBodies/MF_Transmission_Body.uasset" 787
"../../../Engine/Plugins/Interchange/Assets/Content/gltf/MaterialBodies/MF_Transmission_Body.uexp" 788
"../../../Engine/Plugins/Interchange/Assets/Content/gltf/M_Transmission.uasset" 789
"../../../Engine/Plugins/Interchange/Assets/Content/gltf/M_Transmission.uexp" 790
"../../../Engine/Plugins/Interchange/Assets/Content/gltf/MaterialInstances/MI_Transmission.uasset" 791
"../../../Engine/Plugins/Interchange/Assets/Content/gltf/MaterialInstances/MI_Transmission.uexp" 792
"../../../Engine/Plugins/Interchange/Assets/Content/gltf/MaterialInstances/MI_Transmission_DS.uasset" 793
"../../../Engine/Plugins/Interchange/Assets/Content/gltf/MaterialInstances/MI_Transmission_DS.uexp" 794
"../../../Engine/Plugins/Interchange/Assets/Content/gltf/MaterialBodies/MF_Unlit_Body.uasset" 795
"../../../Engine/Plugins/Interchange/Assets/Content/gltf/MaterialBodies/MF_Unlit_Body.uexp" 796
"../../../Engine/Plugins/Interchange/Assets/Content/gltf/M_Unlit.uasset" 797
"../../../Engine/Plugins/Interchange/Assets/Content/gltf/M_Unlit.uexp" 798
"../../../Engine/Plugins/Interchange/Assets/Content/gltf/MaterialInstances/MI_Unlit_Blend.uasset" 799
"../../../Engine/Plugins/Interchange/Assets/Content/gltf/MaterialInstances/MI_Unlit_Blend.uexp" 800
"../../../Engine/Plugins/Interchange/Assets/Content/gltf/MaterialInstances/MI_Unlit_Blend_DS.uasset" 801
"../../../Engine/Plugins/Interchange/Assets/Content/gltf/MaterialInstances/MI_Unlit_Blend_DS.uexp" 802
"../../../Engine/Plugins/Interchange/Assets/Content/gltf/MaterialInstances/MI_Unlit_Mask.uasset" 803
"../../../Engine/Plugins/Interchange/Assets/Content/gltf/MaterialInstances/MI_Unlit_Mask.uexp" 804
"../../../Engine/Plugins/Interchange/Assets/Content/gltf/MaterialInstances/MI_Unlit_Mask_DS.uasset" 805
"../../../Engine/Plugins/Interchange/Assets/Content/gltf/MaterialInstances/MI_Unlit_Mask_DS.uexp" 806
"../../../Engine/Plugins/Interchange/Assets/Content/gltf/MaterialInstances/MI_Unlit_Opaque.uasset" 807
"../../../Engine/Plugins/Interchange/Assets/Content/gltf/MaterialInstances/MI_Unlit_Opaque.uexp" 808
"../../../Engine/Plugins/Interchange/Assets/Content/gltf/MaterialInstances/MI_Unlit_Opaque_DS.uasset" 809
"../../../Engine/Plugins/Interchange/Assets/Content/gltf/MaterialInstances/MI_Unlit_Opaque_DS.uexp" 810
"../../../Engine/Content/VREditor/Sounds/UI/Drop_Item_From_ContentBrowser.ubulk" 811
"../../../Engine/Content/VREditor/Sounds/UI/Drop_Item_From_ContentBrowser.uasset" 812
"../../../Engine/Content/VREditor/Sounds/UI/Drop_Item_From_ContentBrowser.uexp" 813
"../../../Engine/Content/VREditor/TransformGizmo/TransformGizmoMaterial_Inst.uasset" 814
"../../../Engine/Content/VREditor/TransformGizmo/TransformGizmoMaterial_Inst.uexp" 815
"../../../Engine/Content/VREditor/TransformGizmo/TranslucentTransformGizmoMaterial_Inst.uasset" 816
"../../../Engine/Content/VREditor/TransformGizmo/TranslucentTransformGizmoMaterial_Inst.uexp" 817
"../../../Engine/Content/Functions/Engine_MaterialFunctions02/SplitComponents.uasset" 818
"../../../Engine/Content/Functions/Engine_MaterialFunctions02/SplitComponents.uexp" 819
"../../../Engine/Content/VREditor/SnapGrid/SnapGridMaterial.uasset" 820
"../../../Engine/Content/VREditor/SnapGrid/SnapGridMaterial.uexp" 821
"../../../Engine/Content/VREditor/SnapGrid/SnapGridPlaneMesh.ubulk" 822
"../../../Engine/Content/VREditor/SnapGrid/SnapGridPlaneMesh.uasset" 823
"../../../Engine/Content/VREditor/SnapGrid/SnapGridPlaneMesh.uexp" 824
"../../../Engine/Content/VREditor/Sounds/UI/Gizmo_Handle_Clicked.ubulk" 825
"../../../Engine/Content/VREditor/Sounds/UI/Gizmo_Handle_Clicked.uasset" 826
"../../../Engine/Content/VREditor/Sounds/UI/Gizmo_Handle_Clicked.uexp" 827
"../../../Engine/Content/VREditor/Sounds/UI/Object_PickUp.ubulk" 828
"../../../Engine/Content/VREditor/Sounds/UI/Object_PickUp.uasset" 829
"../../../Engine/Content/VREditor/Sounds/UI/Object_PickUp.uexp" 830
"../../../Engine/Content/VREditor/Sounds/UI/Object_Snaps_To_Another_Actor.ubulk" 831
"../../../Engine/Content/VREditor/Sounds/UI/Object_Snaps_To_Another_Actor.uasset" 832
"../../../Engine/Content/VREditor/Sounds/UI/Object_Snaps_To_Another_Actor.uexp" 833
"../../../Engine/Content/VREditor/Sounds/UI/Object_Snaps_To_Grid.ubulk" 834
"../../../Engine/Content/VREditor/Sounds/UI/Object_Snaps_To_Grid.uasset" 835
"../../../Engine/Content/VREditor/Sounds/UI/Object_Snaps_To_Grid.uexp" 836
"../../../Engine/Content/VREditor/Sounds/UI/Scaling_Down.ubulk" 837
"../../../Engine/Content/VREditor/Sounds/UI/Scaling_Down.uasset" 838
"../../../Engine/Content/VREditor/Sounds/UI/Scaling_Down.uexp" 839
"../../../Engine/Content/VREditor/Sounds/UI/Scaling_Up.ubulk" 840
"../../../Engine/Content/VREditor/Sounds/UI/Scaling_Up.uasset" 841
"../../../Engine/Content/VREditor/Sounds/UI/Scaling_Up.uexp" 842
"../../../Engine/Content/VREditor/Sounds/UI/Selection_Changes.ubulk" 843
"../../../Engine/Content/VREditor/Sounds/UI/Selection_Changes.uasset" 844
"../../../Engine/Content/VREditor/Sounds/UI/Selection_Changes.uexp" 845
"../../../Engine/Content/VREditor/TransformGizmo/PlaneTranslationHandle.ubulk" 846
"../../../Engine/Content/VREditor/TransformGizmo/PlaneTranslationHandle.uasset" 847
"../../../Engine/Content/VREditor/TransformGizmo/PlaneTranslationHandle.uexp" 848
"../../../Engine/Content/VREditor/TransformGizmo/RotationHandleFull.ubulk" 849
"../../../Engine/Content/VREditor/TransformGizmo/RotationHandleFull.uasset" 850
"../../../Engine/Content/VREditor/TransformGizmo/RotationHandleFull.uexp" 851
"../../../Engine/Content/VREditor/TransformGizmo/RotationHandleIndicator.ubulk" 852
"../../../Engine/Content/VREditor/TransformGizmo/RotationHandleIndicator.uasset" 853
"../../../Engine/Content/VREditor/TransformGizmo/RotationHandleIndicator.uexp" 854
"../../../Engine/Content/VREditor/TransformGizmo/RotationHandleQuarter.ubulk" 855
"../../../Engine/Content/VREditor/TransformGizmo/RotationHandleQuarter.uasset" 856
"../../../Engine/Content/VREditor/TransformGizmo/RotationHandleQuarter.uexp" 857
"../../../Engine/Content/VREditor/TransformGizmo/StartRotationHandleIndicator.ubulk" 858
"../../../Engine/Content/VREditor/TransformGizmo/StartRotationHandleIndicator.uasset" 859
"../../../Engine/Content/VREditor/TransformGizmo/StartRotationHandleIndicator.uexp" 860
"../../../Engine/Content/VREditor/TransformGizmo/TransformGizmoFreeRotation.ubulk" 861
"../../../Engine/Content/VREditor/TransformGizmo/TransformGizmoFreeRotation.uasset" 862
"../../../Engine/Content/VREditor/TransformGizmo/TransformGizmoFreeRotation.uexp" 863
"../../../Engine/Content/VREditor/TransformGizmo/TranslateArrowHandle.ubulk" 864
"../../../Engine/Content/VREditor/TransformGizmo/TranslateArrowHandle.uasset" 865
"../../../Engine/Content/VREditor/TransformGizmo/TranslateArrowHandle.uexp" 866
"../../../Engine/Content/VREditor/TransformGizmo/UniformScaleHandle.ubulk" 867
"../../../Engine/Content/VREditor/TransformGizmo/UniformScaleHandle.uasset" 868
"../../../Engine/Content/VREditor/TransformGizmo/UniformScaleHandle.uexp" 869
"../../../Engine/Content/EngineResources/WhiteSquareTexture.uasset" 870
"../../../Engine/Content/EngineResources/WhiteSquareTexture.uexp" 871
"../../../Engine/Content/EngineMaterials/Widget3DPassThrough.uasset" 872
"../../../Engine/Content/EngineMaterials/Widget3DPassThrough.uexp" 873
"../../../Engine/Content/EngineMaterials/Widget3DPassThrough_Masked.uasset" 874
"../../../Engine/Content/EngineMaterials/Widget3DPassThrough_Masked.uexp" 875
"../../../Engine/Content/EngineMaterials/Widget3DPassThrough_Opaque.uasset" 876
"../../../Engine/Content/EngineMaterials/Widget3DPassThrough_Opaque.uexp" 877
"../../../Engine/Content/EngineMaterials/Widget3DPassThrough_Masked_OneSided.uasset" 878
"../../../Engine/Content/EngineMaterials/Widget3DPassThrough_Masked_OneSided.uexp" 879
"../../../Engine/Content/EngineMaterials/Widget3DPassThrough_Opaque_OneSided.uasset" 880
"../../../Engine/Content/EngineMaterials/Widget3DPassThrough_Opaque_OneSided.uexp" 881
"../../../Engine/Content/EngineMaterials/Widget3DPassThrough_Translucent.uasset" 882
"../../../Engine/Content/EngineMaterials/Widget3DPassThrough_Translucent.uexp" 883
"../../../Engine/Content/EngineMaterials/Widget3DPassThrough_Translucent_OneSided.uasset" 884
"../../../Engine/Content/EngineMaterials/Widget3DPassThrough_Translucent_OneSided.uexp" 885
"../../../Engine/Content/EngineResources/LandscapeVisibilityLayerInfo.uasset" 886
"../../../Engine/Content/EngineResources/LandscapeVisibilityLayerInfo.uexp" 887
"../../../Engine/Content/EditorLandscapeResources/ColorMaskBrushMaterial.uasset" 888
"../../../Engine/Content/EditorLandscapeResources/ColorMaskBrushMaterial.uexp" 889
"../../../Engine/Content/EditorLandscapeResources/ColorMaskBrushMaterial_MaskedRegion.uasset" 890
"../../../Engine/Content/EditorLandscapeResources/ColorMaskBrushMaterial_MaskedRegion.uexp" 891
"../../../Engine/Content/Functions/Engine_MaterialFunctions03/Math/WithinRangeFloat2.uasset" 892
"../../../Engine/Content/Functions/Engine_MaterialFunctions03/Math/WithinRangeFloat2.uexp" 893
"../../../Engine/Content/EditorLandscapeResources/MaskBrushMaterial.uasset" 894
"../../../Engine/Content/EditorLandscapeResources/MaskBrushMaterial.uexp" 895
"../../../Engine/Content/EditorLandscapeResources/MaskBrushMaterial_MaskedRegion.uasset" 896
"../../../Engine/Content/EditorLandscapeResources/MaskBrushMaterial_MaskedRegion.uexp" 897
"../../../Engine/Content/EditorLandscapeResources/SelectBrushMaterial.uasset" 898
"../../../Engine/Content/EditorLandscapeResources/SelectBrushMaterial.uexp" 899
"../../../Engine/Content/EditorLandscapeResources/SelectBrushMaterial_Selected.uasset" 900
"../../../Engine/Content/EditorLandscapeResources/SelectBrushMaterial_Selected.uexp" 901
"../../../Engine/Content/EditorLandscapeResources/SelectBrushMaterial_SelectedRegion.uasset" 902
"../../../Engine/Content/EditorLandscapeResources/SelectBrushMaterial_SelectedRegion.uexp" 903
"../../../Engine/Plugins/NNE/NNEDenoiser/Content/NNE_oidn2-3-0_rt_hdr_alb_nrm_small__dyn__fp16_opset11_DenoiseAlpha.uasset" 904
"../../../Engine/Plugins/NNE/NNEDenoiser/Content/NNE_oidn2-3-0_rt_hdr_alb_nrm_small__dyn__fp16_opset11_DenoiseAlpha.uexp" 905
"../../../Engine/Plugins/NNE/NNEDenoiser/Content/NNE_oidn2-3-0_rt_hdr_alb_nrm_small__dyn__fp16_opset11_ForwardAlpha.uasset" 906
"../../../Engine/Plugins/NNE/NNEDenoiser/Content/NNE_oidn2-3-0_rt_hdr_alb_nrm_small__dyn__fp16_opset11_ForwardAlpha.uexp" 907
"../../../Engine/Plugins/NNE/NNEDenoiser/Content/NNE_oidn2-3-0_rt_hdr_alb_nrm__dyn__fp16_opset11_DenoiseAlpha.uasset" 908
"../../../Engine/Plugins/NNE/NNEDenoiser/Content/NNE_oidn2-3-0_rt_hdr_alb_nrm__dyn__fp16_opset11_DenoiseAlpha.uexp" 909
"../../../Engine/Plugins/NNE/NNEDenoiser/Content/NNE_oidn2-3-0_rt_hdr_alb_nrm__dyn__fp16_opset11_ForwardAlpha.uasset" 910
"../../../Engine/Plugins/NNE/NNEDenoiser/Content/NNE_oidn2-3-0_rt_hdr_alb_nrm__dyn__fp16_opset11_ForwardAlpha.uexp" 911
"../../../Engine/Plugins/NNE/NNEDenoiser/Content/NNE_oidn2-3-0_rt_hdr_calb_cnrm_large__dyn__fp16_opset11_DenoiseAlpha.uasset" 912
"../../../Engine/Plugins/NNE/NNEDenoiser/Content/NNE_oidn2-3-0_rt_hdr_calb_cnrm_large__dyn__fp16_opset11_DenoiseAlpha.uexp" 913
"../../../Engine/Plugins/NNE/NNEDenoiser/Content/NNE_oidn2-3-0_rt_hdr_calb_cnrm_large__dyn__fp16_opset11_ForwardAlpha.uasset" 914
"../../../Engine/Plugins/NNE/NNEDenoiser/Content/NNE_oidn2-3-0_rt_hdr_calb_cnrm_large__dyn__fp16_opset11_ForwardAlpha.uexp" 915
"../../../Engine/Plugins/2D/Paper2D/Content/DefaultSpriteMaterial.uasset" 916
"../../../Engine/Plugins/2D/Paper2D/Content/DefaultSpriteMaterial.uexp" 917
"../../../Engine/Plugins/2D/Paper2D/Content/MaskedUnlitSpriteMaterial.uasset" 918
"../../../Engine/Plugins/2D/Paper2D/Content/MaskedUnlitSpriteMaterial.uexp" 919
"../../../Engine/Plugins/2D/Paper2D/Content/OpaqueUnlitSpriteMaterial.uasset" 920
"../../../Engine/Plugins/2D/Paper2D/Content/OpaqueUnlitSpriteMaterial.uexp" 921
"../../../Engine/Plugins/Animation/DeformerGraph/Content/DeformerFunctions/DG_Function_LinearBlendSkin_Morph_Cloth.uasset" 922
"../../../Engine/Plugins/Animation/DeformerGraph/Content/DeformerFunctions/DG_Function_LinearBlendSkin_Morph_Cloth.uexp" 923
"../../../Engine/Plugins/Animation/DeformerGraph/Content/Deformers/DG_LinearBlendSkin_Morph_Cloth.uasset" 924
"../../../Engine/Plugins/Animation/DeformerGraph/Content/Deformers/DG_LinearBlendSkin_Morph_Cloth.uexp" 925
"../../../Engine/Plugins/Animation/DeformerGraph/Content/DeformerFunctions/DG_Function_LinearBlendSkin_Morph_Cloth_PositionOnly.uasset" 926
"../../../Engine/Plugins/Animation/DeformerGraph/Content/DeformerFunctions/DG_Function_LinearBlendSkin_Morph_Cloth_PositionOnly.uexp" 927
"../../../Engine/Plugins/Animation/DeformerGraph/Content/DeformerFunctions/DG_Function_ComputeNormalsTangents.uasset" 928
"../../../Engine/Plugins/Animation/DeformerGraph/Content/DeformerFunctions/DG_Function_ComputeNormalsTangents.uexp" 929
"../../../Engine/Plugins/Animation/DeformerGraph/Content/Deformers/DG_LinearBlendSkin_Morph_Cloth_RecomputeNormals.uasset" 930
"../../../Engine/Plugins/Animation/DeformerGraph/Content/Deformers/DG_LinearBlendSkin_Morph_Cloth_RecomputeNormals.uexp" 931
"../../../Engine/Plugins/NNE/NNEDenoiser/Content/NNEDT_Oidn2-3_Balanced.uasset" 932
"../../../Engine/Plugins/NNE/NNEDenoiser/Content/NNEDT_Oidn2-3_Balanced.uexp" 933
"../../../Engine/Plugins/NNE/NNEDenoiser/Content/NNEDT_Oidn2-3_Balanced_Alpha.uasset" 934
"../../../Engine/Plugins/NNE/NNEDenoiser/Content/NNEDT_Oidn2-3_Balanced_Alpha.uexp" 935
"../../../Engine/Plugins/NNE/NNEDenoiser/Content/NNED_Oidn2-3_Balanced.uasset" 936
"../../../Engine/Plugins/NNE/NNEDenoiser/Content/NNED_Oidn2-3_Balanced.uexp" 937
"../../../Engine/Plugins/NNE/NNEDenoiser/Content/NNED_Oidn2-3_Balanced_Alpha.uasset" 938
"../../../Engine/Plugins/NNE/NNEDenoiser/Content/NNED_Oidn2-3_Balanced_Alpha.uexp" 939
"../../../Engine/Plugins/NNE/NNEDenoiser/Content/NNED_Oidn2-3_Fast.uasset" 940
"../../../Engine/Plugins/NNE/NNEDenoiser/Content/NNED_Oidn2-3_Fast.uexp" 941
"../../../Engine/Plugins/NNE/NNEDenoiser/Content/NNED_Oidn2-3_Fast_Alpha.uasset" 942
"../../../Engine/Plugins/NNE/NNEDenoiser/Content/NNED_Oidn2-3_Fast_Alpha.uexp" 943
"../../../Engine/Plugins/NNE/NNEDenoiser/Content/NNED_Oidn2-3_HighQuality.uasset" 944
"../../../Engine/Plugins/NNE/NNEDenoiser/Content/NNED_Oidn2-3_HighQuality.uexp" 945
"../../../Engine/Plugins/NNE/NNEDenoiser/Content/NNED_Oidn2-3_HighQuality_Alpha.uasset" 946
"../../../Engine/Plugins/NNE/NNEDenoiser/Content/NNED_Oidn2-3_HighQuality_Alpha.uexp" 947
"../../../Engine/Content/Maps/Entry_BuiltData.uasset" 948
"../../../Engine/Content/Maps/Entry_BuiltData.uexp" 949
"../../../Engine/Content/Maps/Entry.uexp" 950
"../../../Engine/Content/Maps/Entry.umap" 951
"C:/Users/5000328/Documents/GitHub/MyProject-River/Content/Variant_TwinStick/UI/Extras_Credits_Quit.uasset" 952
"C:/Users/5000328/Documents/GitHub/MyProject-River/Content/Variant_TwinStick/UI/Extras_Credits_Quit.uexp" 953
"C:/Users/5000328/Documents/GitHub/MyProject-River/Content/Variant_TwinStick/LEVELS/TheLevelsThatArentTheGameplay/TUTORIAL.uexp" 954
"C:/Users/5000328/Documents/GitHub/MyProject-River/Content/Variant_TwinStick/LEVELS/TheLevelsThatArentTheGameplay/TUTORIAL.umap" 955
"../../../Engine/Content/BasicShapes/Cylinder.ubulk" 956
"../../../Engine/Content/BasicShapes/Cylinder.uasset" 957
"../../../Engine/Content/BasicShapes/Cylinder.uexp" 958
"C:/Users/5000328/Documents/GitHub/MyProject-River/Content/Variant_TwinStick/M_Glow.uasset" 959
"C:/Users/5000328/Documents/GitHub/MyProject-River/Content/Variant_TwinStick/M_Glow.uexp" 960
"C:/Users/5000328/Documents/GitHub/MyProject-River/Content/Variant_TwinStick/Blueprints/InteractionType.uasset" 961
"C:/Users/5000328/Documents/GitHub/MyProject-River/Content/Variant_TwinStick/Blueprints/InteractionType.uexp" 962
"C:/Users/5000328/Documents/GitHub/MyProject-River/Content/Variant_TwinStick/Blueprints/Weapons.uasset" 963
"C:/Users/5000328/Documents/GitHub/MyProject-River/Content/Variant_TwinStick/Blueprints/Weapons.uexp" 964
"C:/Users/5000328/Documents/GitHub/MyProject-River/Content/Variant_TwinStick/Blueprints/WeaponStats.uasset" 965
"C:/Users/5000328/Documents/GitHub/MyProject-River/Content/Variant_TwinStick/Blueprints/WeaponStats.uexp" 966
"C:/Users/5000328/Documents/GitHub/MyProject-River/Content/Variant_TwinStick/Blueprints/Armors.uasset" 967
"C:/Users/5000328/Documents/GitHub/MyProject-River/Content/Variant_TwinStick/Blueprints/Armors.uexp" 968
"C:/Users/5000328/Documents/GitHub/MyProject-River/Content/Variant_TwinStick/game_save.uasset" 969
"C:/Users/5000328/Documents/GitHub/MyProject-River/Content/Variant_TwinStick/game_save.uexp" 970
"C:/Users/5000328/Documents/GitHub/MyProject-River/Content/Variant_TwinStick/Blueprints/Goals.uasset" 971
"C:/Users/5000328/Documents/GitHub/MyProject-River/Content/Variant_TwinStick/Blueprints/Goals.uexp" 972
"C:/Users/5000328/Documents/GitHub/MyProject-River/Content/Variant_TwinStick/Blueprints/BPI_Twinstick.uasset" 973
"C:/Users/5000328/Documents/GitHub/MyProject-River/Content/Variant_TwinStick/Blueprints/BPI_Twinstick.uexp" 974
"C:/Users/5000328/Documents/GitHub/MyProject-River/Content/Variant_TwinStick/Blueprints/GameInstance/GameInstance_GLADIATOR.uasset" 975
"C:/Users/5000328/Documents/GitHub/MyProject-River/Content/Variant_TwinStick/Blueprints/GameInstance/GameInstance_GLADIATOR.uexp" 976
"C:/Users/5000328/Documents/GitHub/MyProject-River/Content/Variant_TwinStick/Sound/AttackingNoises/Slash_6.ubulk" 977
"C:/Users/5000328/Documents/GitHub/MyProject-River/Content/Variant_TwinStick/Sound/AttackingNoises/Slash_6.uasset" 978
"C:/Users/5000328/Documents/GitHub/MyProject-River/Content/Variant_TwinStick/Sound/AttackingNoises/Slash_6.uexp" 979
"C:/Users/5000328/Documents/GitHub/MyProject-River/Content/Variant_TwinStick/Sound/AttackingNoises/Slash_10.ubulk" 980
"C:/Users/5000328/Documents/GitHub/MyProject-River/Content/Variant_TwinStick/Sound/AttackingNoises/Slash_10.uasset" 981
"C:/Users/5000328/Documents/GitHub/MyProject-River/Content/Variant_TwinStick/Sound/AttackingNoises/Slash_10.uexp" 982
"C:/Users/5000328/Documents/GitHub/MyProject-River/Content/Variant_TwinStick/Sound/AttackingNoises/Slash_11.ubulk" 983
"C:/Users/5000328/Documents/GitHub/MyProject-River/Content/Variant_TwinStick/Sound/AttackingNoises/Slash_11.uasset" 984
"C:/Users/5000328/Documents/GitHub/MyProject-River/Content/Variant_TwinStick/Sound/AttackingNoises/Slash_11.uexp" 985
"C:/Users/5000328/Documents/GitHub/MyProject-River/Content/Variant_TwinStick/Sound/AttackingNoises/Slash_12.ubulk" 986
"C:/Users/5000328/Documents/GitHub/MyProject-River/Content/Variant_TwinStick/Sound/AttackingNoises/Slash_12.uasset" 987
"C:/Users/5000328/Documents/GitHub/MyProject-River/Content/Variant_TwinStick/Sound/AttackingNoises/Slash_12.uexp" 988
"C:/Users/5000328/Documents/GitHub/MyProject-River/Content/Variant_TwinStick/Sound/AttackingNoises/Slash_14.ubulk" 989
"C:/Users/5000328/Documents/GitHub/MyProject-River/Content/Variant_TwinStick/Sound/AttackingNoises/Slash_14.uasset" 990
"C:/Users/5000328/Documents/GitHub/MyProject-River/Content/Variant_TwinStick/Sound/AttackingNoises/Slash_14.uexp" 991
"C:/Users/5000328/Documents/GitHub/MyProject-River/Content/Variant_TwinStick/Sound/AttackingNoises/Slash_17.ubulk" 992
"C:/Users/5000328/Documents/GitHub/MyProject-River/Content/Variant_TwinStick/Sound/AttackingNoises/Slash_17.uasset" 993
"C:/Users/5000328/Documents/GitHub/MyProject-River/Content/Variant_TwinStick/Sound/AttackingNoises/Slash_17.uexp" 994
"C:/Users/5000328/Documents/GitHub/MyProject-River/Content/Variant_TwinStick/Sprites/Enemy/Enemies.uasset" 995
"C:/Users/5000328/Documents/GitHub/MyProject-River/Content/Variant_TwinStick/Sprites/Enemy/Enemies.uexp" 996
"../../../Engine/Plugins/2D/Paper2D/Content/TranslucentUnlitSpriteMaterial.uasset" 997
"../../../Engine/Plugins/2D/Paper2D/Content/TranslucentUnlitSpriteMaterial.uexp" 998
"C:/Users/5000328/Documents/GitHub/MyProject-River/Content/Variant_TwinStick/Sprites/Enemy/Enemy_sword_walking_animation/Enemy_sword_walking_animation.uasset" 999
"C:/Users/5000328/Documents/GitHub/MyProject-River/Content/Variant_TwinStick/Sprites/Enemy/Enemy_sword_walking_animation/Enemy_sword_walking_animation.uexp" 1000
"C:/Users/5000328/Documents/GitHub/MyProject-River/Content/Variant_TwinStick/Sprites/Enemy/Enemy_sword_walking_animation/Enemy_sword_walking_animation_Sprite.uasset" 1001
"C:/Users/5000328/Documents/GitHub/MyProject-River/Content/Variant_TwinStick/Sprites/Enemy/Enemy_sword_walking_animation/Enemy_sword_walking_animation_Sprite.uexp" 1002
"C:/Users/5000328/Documents/GitHub/MyProject-River/Content/Variant_TwinStick/Sprites/Enemy/Enemy_sword_walking_animation/Enemy_sword_walking_animation_4.uasset" 1003
"C:/Users/5000328/Documents/GitHub/MyProject-River/Content/Variant_TwinStick/Sprites/Enemy/Enemy_sword_walking_animation/Enemy_sword_walking_animation_4.uexp" 1004
"C:/Users/5000328/Documents/GitHub/MyProject-River/Content/Variant_TwinStick/Sprites/Enemy/Enemy_sword_walking_animation/Enemy_sword_walking_animation_4_Sprite.uasset" 1005
"C:/Users/5000328/Documents/GitHub/MyProject-River/Content/Variant_TwinStick/Sprites/Enemy/Enemy_sword_walking_animation/Enemy_sword_walking_animation_4_Sprite.uexp" 1006
"C:/Users/5000328/Documents/GitHub/MyProject-River/Content/Variant_TwinStick/Sprites/Enemy/Enemy_sword_walking_animation/Enemy_sword_walking_animation_3.uasset" 1007
"C:/Users/5000328/Documents/GitHub/MyProject-River/Content/Variant_TwinStick/Sprites/Enemy/Enemy_sword_walking_animation/Enemy_sword_walking_animation_3.uexp" 1008
"C:/Users/5000328/Documents/GitHub/MyProject-River/Content/Variant_TwinStick/Sprites/Enemy/Enemy_sword_walking_animation/Enemy_sword_walking_animation_3_Sprite.uasset" 1009
"C:/Users/5000328/Documents/GitHub/MyProject-River/Content/Variant_TwinStick/Sprites/Enemy/Enemy_sword_walking_animation/Enemy_sword_walking_animation_3_Sprite.uexp" 1010
"C:/Users/5000328/Documents/GitHub/MyProject-River/Content/Variant_TwinStick/Sprites/Enemy/Enemy_sword_walking_animation/Enemy_sword_walking_animation_2.uasset" 1011
"C:/Users/5000328/Documents/GitHub/MyProject-River/Content/Variant_TwinStick/Sprites/Enemy/Enemy_sword_walking_animation/Enemy_sword_walking_animation_2.uexp" 1012
"C:/Users/5000328/Documents/GitHub/MyProject-River/Content/Variant_TwinStick/Sprites/Enemy/Enemy_sword_walking_animation/Enemy_sword_walking_animation_2_Sprite.uasset" 1013
"C:/Users/5000328/Documents/GitHub/MyProject-River/Content/Variant_TwinStick/Sprites/Enemy/Enemy_sword_walking_animation/Enemy_sword_walking_animation_2_Sprite.uexp" 1014
"C:/Users/5000328/Documents/GitHub/MyProject-River/Content/Variant_TwinStick/Sprites/Enemy/Enemy_sword_walking_animation/Enemy_sword_walking_animation1.uasset" 1015
"C:/Users/5000328/Documents/GitHub/MyProject-River/Content/Variant_TwinStick/Sprites/Enemy/Enemy_sword_walking_animation/Enemy_sword_walking_animation1.uexp" 1016
"C:/Users/5000328/Documents/GitHub/MyProject-River/Content/Variant_TwinStick/Sprites/Enemy/AnimSequences/SwordWalk.uasset" 1017
"C:/Users/5000328/Documents/GitHub/MyProject-River/Content/Variant_TwinStick/Sprites/Enemy/AnimSequences/SwordWalk.uexp" 1018
"C:/Users/5000328/Documents/GitHub/MyProject-River/Content/Variant_TwinStick/Sprites/Enemy/Enemy_sword_attack_animation/Enemy_sword_attack_animation.uasset" 1019
"C:/Users/5000328/Documents/GitHub/MyProject-River/Content/Variant_TwinStick/Sprites/Enemy/Enemy_sword_attack_animation/Enemy_sword_attack_animation.uexp" 1020
"C:/Users/5000328/Documents/GitHub/MyProject-River/Content/Variant_TwinStick/Sprites/Enemy/Enemy_sword_attack_animation/Enemy_sword_attack_animation_Sprite.uasset" 1021
"C:/Users/5000328/Documents/GitHub/MyProject-River/Content/Variant_TwinStick/Sprites/Enemy/Enemy_sword_attack_animation/Enemy_sword_attack_animation_Sprite.uexp" 1022
"C:/Users/5000328/Documents/GitHub/MyProject-River/Content/Variant_TwinStick/Sprites/Enemy/Enemy_sword_attack_animation/Enemy_sword_attack_animation_5.uasset" 1023
"C:/Users/5000328/Documents/GitHub/MyProject-River/Content/Variant_TwinStick/Sprites/Enemy/Enemy_sword_attack_animation/Enemy_sword_attack_animation_5.uexp" 1024
"C:/Users/5000328/Documents/GitHub/MyProject-River/Content/Variant_TwinStick/Sprites/Enemy/Enemy_sword_attack_animation/Enemy_sword_attack_animation_5_Sprite.uasset" 1025
"C:/Users/5000328/Documents/GitHub/MyProject-River/Content/Variant_TwinStick/Sprites/Enemy/Enemy_sword_attack_animation/Enemy_sword_attack_animation_5_Sprite.uexp" 1026
"C:/Users/5000328/Documents/GitHub/MyProject-River/Content/Variant_TwinStick/Sprites/Enemy/Enemy_sword_attack_animation/Enemy_sword_attack_animation_4.uasset" 1027
"C:/Users/5000328/Documents/GitHub/MyProject-River/Content/Variant_TwinStick/Sprites/Enemy/Enemy_sword_attack_animation/Enemy_sword_attack_animation_4.uexp" 1028
"C:/Users/5000328/Documents/GitHub/MyProject-River/Content/Variant_TwinStick/Sprites/Enemy/Enemy_sword_attack_animation/Enemy_sword_attack_animation_4_Sprite.uasset" 1029
"C:/Users/5000328/Documents/GitHub/MyProject-River/Content/Variant_TwinStick/Sprites/Enemy/Enemy_sword_attack_animation/Enemy_sword_attack_animation_4_Sprite.uexp" 1030
"C:/Users/5000328/Documents/GitHub/MyProject-River/Content/Variant_TwinStick/Sprites/Enemy/Enemy_sword_attack_animation/Enemy_sword_attack_animation_3.uasset" 1031
"C:/Users/5000328/Documents/GitHub/MyProject-River/Content/Variant_TwinStick/Sprites/Enemy/Enemy_sword_attack_animation/Enemy_sword_attack_animation_3.uexp" 1032
"C:/Users/5000328/Documents/GitHub/MyProject-River/Content/Variant_TwinStick/Sprites/Enemy/Enemy_sword_attack_animation/Enemy_sword_attack_animation_3_Sprite.uasset" 1033
"C:/Users/5000328/Documents/GitHub/MyProject-River/Content/Variant_TwinStick/Sprites/Enemy/Enemy_sword_attack_animation/Enemy_sword_attack_animation_3_Sprite.uexp" 1034
"C:/Users/5000328/Documents/GitHub/MyProject-River/Content/Variant_TwinStick/Sprites/Enemy/Enemy_sword_attack_animation/Enemy_sword_attack_animation_2.uasset" 1035
"C:/Users/5000328/Documents/GitHub/MyProject-River/Content/Variant_TwinStick/Sprites/Enemy/Enemy_sword_attack_animation/Enemy_sword_attack_animation_2.uexp" 1036
"C:/Users/5000328/Documents/GitHub/MyProject-River/Content/Variant_TwinStick/Sprites/Enemy/Enemy_sword_attack_animation/Enemy_sword_attack_animation_2_Sprite.uasset" 1037
"C:/Users/5000328/Documents/GitHub/MyProject-River/Content/Variant_TwinStick/Sprites/Enemy/Enemy_sword_attack_animation/Enemy_sword_attack_animation_2_Sprite.uexp" 1038
"C:/Users/5000328/Documents/GitHub/MyProject-River/Content/Variant_TwinStick/Sprites/Enemy/Enemy_sword_attack_animation/Enemy_sword_attack_animation1.uasset" 1039
"C:/Users/5000328/Documents/GitHub/MyProject-River/Content/Variant_TwinStick/Sprites/Enemy/Enemy_sword_attack_animation/Enemy_sword_attack_animation1.uexp" 1040
"C:/Users/5000328/Documents/GitHub/MyProject-River/Content/Variant_TwinStick/Sprites/Enemy/AnimSequences/SwordAttack.uasset" 1041
"C:/Users/5000328/Documents/GitHub/MyProject-River/Content/Variant_TwinStick/Sprites/Enemy/AnimSequences/SwordAttack.uexp" 1042
"C:/Users/5000328/Documents/GitHub/MyProject-River/Content/Variant_TwinStick/Sprites/Enemy/Enemy_spear_walking_animation/Enemy_spear_walking_animation_4.uasset" 1043
"C:/Users/5000328/Documents/GitHub/MyProject-River/Content/Variant_TwinStick/Sprites/Enemy/Enemy_spear_walking_animation/Enemy_spear_walking_animation_4.uexp" 1044
"C:/Users/5000328/Documents/GitHub/MyProject-River/Content/Variant_TwinStick/Sprites/Enemy/Enemy_spear_walking_animation/Enemy_spear_walking_animation_4_Sprite.uasset" 1045
"C:/Users/5000328/Documents/GitHub/MyProject-River/Content/Variant_TwinStick/Sprites/Enemy/Enemy_spear_walking_animation/Enemy_spear_walking_animation_4_Sprite.uexp" 1046
"C:/Users/5000328/Documents/GitHub/MyProject-River/Content/Variant_TwinStick/Sprites/Enemy/Enemy_spear_walking_animation/Enemy_spear_walking_animation_3.uasset" 1047
"C:/Users/5000328/Documents/GitHub/MyProject-River/Content/Variant_TwinStick/Sprites/Enemy/Enemy_spear_walking_animation/Enemy_spear_walking_animation_3.uexp" 1048
"C:/Users/5000328/Documents/GitHub/MyProject-River/Content/Variant_TwinStick/Sprites/Enemy/Enemy_spear_walking_animation/Enemy_spear_walking_animation_3_Sprite.uasset" 1049
"C:/Users/5000328/Documents/GitHub/MyProject-River/Content/Variant_TwinStick/Sprites/Enemy/Enemy_spear_walking_animation/Enemy_spear_walking_animation_3_Sprite.uexp" 1050
"C:/Users/5000328/Documents/GitHub/MyProject-River/Content/Variant_TwinStick/Sprites/Enemy/Enemy_spear_walking_animation/Enemy_spear_walking_animation_2.uasset" 1051
"C:/Users/5000328/Documents/GitHub/MyProject-River/Content/Variant_TwinStick/Sprites/Enemy/Enemy_spear_walking_animation/Enemy_spear_walking_animation_2.uexp" 1052
"C:/Users/5000328/Documents/GitHub/MyProject-River/Content/Variant_TwinStick/Sprites/Enemy/Enemy_spear_walking_animation/Enemy_spear_walking_animation_2_Sprite.uasset" 1053
"C:/Users/5000328/Documents/GitHub/MyProject-River/Content/Variant_TwinStick/Sprites/Enemy/Enemy_spear_walking_animation/Enemy_spear_walking_animation_2_Sprite.uexp" 1054
"C:/Users/5000328/Documents/GitHub/MyProject-River/Content/Variant_TwinStick/Sprites/Enemy/Enemy_spear_walking_animation/Enemy_spear_walking_animation1.uasset" 1055
"C:/Users/5000328/Documents/GitHub/MyProject-River/Content/Variant_TwinStick/Sprites/Enemy/Enemy_spear_walking_animation/Enemy_spear_walking_animation1.uexp" 1056
"C:/Users/5000328/Documents/GitHub/MyProject-River/Content/Variant_TwinStick/Sprites/Enemy/AnimSequences/SpearWalk.uasset" 1057
"C:/Users/5000328/Documents/GitHub/MyProject-River/Content/Variant_TwinStick/Sprites/Enemy/AnimSequences/SpearWalk.uexp" 1058
"C:/Users/5000328/Documents/GitHub/MyProject-River/Content/Variant_TwinStick/Sprites/Enemy/Enemy_spear_attack_animation/Enemy_spear_attack_animation.uasset" 1059
"C:/Users/5000328/Documents/GitHub/MyProject-River/Content/Variant_TwinStick/Sprites/Enemy/Enemy_spear_attack_animation/Enemy_spear_attack_animation.uexp" 1060
"C:/Users/5000328/Documents/GitHub/MyProject-River/Content/Variant_TwinStick/Sprites/Enemy/Enemy_spear_attack_animation/Enemy_spear_attack_animation_Sprite.uasset" 1061
"C:/Users/5000328/Documents/GitHub/MyProject-River/Content/Variant_TwinStick/Sprites/Enemy/Enemy_spear_attack_animation/Enemy_spear_attack_animation_Sprite.uexp" 1062
"C:/Users/5000328/Documents/GitHub/MyProject-River/Content/Variant_TwinStick/Sprites/Enemy/Enemy_spear_attack_animation/Enemy_spear_attack_animation_4.uasset" 1063
"C:/Users/5000328/Documents/GitHub/MyProject-River/Content/Variant_TwinStick/Sprites/Enemy/Enemy_spear_attack_animation/Enemy_spear_attack_animation_4.uexp" 1064
"C:/Users/5000328/Documents/GitHub/MyProject-River/Content/Variant_TwinStick/Sprites/Enemy/Enemy_spear_attack_animation/Enemy_spear_attack_animation_4_Sprite.uasset" 1065
"C:/Users/5000328/Documents/GitHub/MyProject-River/Content/Variant_TwinStick/Sprites/Enemy/Enemy_spear_attack_animation/Enemy_spear_attack_animation_4_Sprite.uexp" 1066
"C:/Users/5000328/Documents/GitHub/MyProject-River/Content/Variant_TwinStick/Sprites/Enemy/Enemy_spear_attack_animation/Enemy_spear_attack_animation_3.uasset" 1067
"C:/Users/5000328/Documents/GitHub/MyProject-River/Content/Variant_TwinStick/Sprites/Enemy/Enemy_spear_attack_animation/Enemy_spear_attack_animation_3.uexp" 1068
"C:/Users/5000328/Documents/GitHub/MyProject-River/Content/Variant_TwinStick/Sprites/Enemy/Enemy_spear_attack_animation/Enemy_spear_attack_animation_3_Sprite.uasset" 1069
"C:/Users/5000328/Documents/GitHub/MyProject-River/Content/Variant_TwinStick/Sprites/Enemy/Enemy_spear_attack_animation/Enemy_spear_attack_animation_3_Sprite.uexp" 1070
"C:/Users/5000328/Documents/GitHub/MyProject-River/Content/Variant_TwinStick/Sprites/Enemy/Enemy_spear_attack_animation/Enemy_spear_attack_animation_2.uasset" 1071
"C:/Users/5000328/Documents/GitHub/MyProject-River/Content/Variant_TwinStick/Sprites/Enemy/Enemy_spear_attack_animation/Enemy_spear_attack_animation_2.uexp" 1072
"C:/Users/5000328/Documents/GitHub/MyProject-River/Content/Variant_TwinStick/Sprites/Enemy/Enemy_spear_attack_animation/Enemy_spear_attack_animation_2_Sprite.uasset" 1073
"C:/Users/5000328/Documents/GitHub/MyProject-River/Content/Variant_TwinStick/Sprites/Enemy/Enemy_spear_attack_animation/Enemy_spear_attack_animation_2_Sprite.uexp" 1074
"C:/Users/5000328/Documents/GitHub/MyProject-River/Content/Variant_TwinStick/Sprites/Enemy/Enemy_spear_attack_animation/Enemy_spear_attack_animation1.uasset" 1075
"C:/Users/5000328/Documents/GitHub/MyProject-River/Content/Variant_TwinStick/Sprites/Enemy/Enemy_spear_attack_animation/Enemy_spear_attack_animation1.uexp" 1076
"C:/Users/5000328/Documents/GitHub/MyProject-River/Content/Variant_TwinStick/Sprites/Enemy/AnimSequences/SpearAttack.uasset" 1077
"C:/Users/5000328/Documents/GitHub/MyProject-River/Content/Variant_TwinStick/Sprites/Enemy/AnimSequences/SpearAttack.uexp" 1078
"C:/Users/5000328/Documents/GitHub/MyProject-River/Content/Variant_TwinStick/Sprites/Enemy/Enemy_mace_walking_animation/Enemy_mace_walking_animation_4.uasset" 1079
"C:/Users/5000328/Documents/GitHub/MyProject-River/Content/Variant_TwinStick/Sprites/Enemy/Enemy_mace_walking_animation/Enemy_mace_walking_animation_4.uexp" 1080
"C:/Users/5000328/Documents/GitHub/MyProject-River/Content/Variant_TwinStick/Sprites/Enemy/Enemy_mace_walking_animation/Enemy_mace_walking_animation_4_Sprite.uasset" 1081
"C:/Users/5000328/Documents/GitHub/MyProject-River/Content/Variant_TwinStick/Sprites/Enemy/Enemy_mace_walking_animation/Enemy_mace_walking_animation_4_Sprite.uexp" 1082
"C:/Users/5000328/Documents/GitHub/MyProject-River/Content/Variant_TwinStick/Sprites/Enemy/Enemy_mace_walking_animation/Enemy_mace_walking_animation_3.uasset" 1083
"C:/Users/5000328/Documents/GitHub/MyProject-River/Content/Variant_TwinStick/Sprites/Enemy/Enemy_mace_walking_animation/Enemy_mace_walking_animation_3.uexp" 1084
"C:/Users/5000328/Documents/GitHub/MyProject-River/Content/Variant_TwinStick/Sprites/Enemy/Enemy_mace_walking_animation/Enemy_mace_walking_animation_3_Sprite.uasset" 1085
"C:/Users/5000328/Documents/GitHub/MyProject-River/Content/Variant_TwinStick/Sprites/Enemy/Enemy_mace_walking_animation/Enemy_mace_walking_animation_3_Sprite.uexp" 1086
"C:/Users/5000328/Documents/GitHub/MyProject-River/Content/Variant_TwinStick/Sprites/Enemy/Enemy_mace_walking_animation/Enemy_mace_walking_animation_2.uasset" 1087
"C:/Users/5000328/Documents/GitHub/MyProject-River/Content/Variant_TwinStick/Sprites/Enemy/Enemy_mace_walking_animation/Enemy_mace_walking_animation_2.uexp" 1088
"C:/Users/5000328/Documents/GitHub/MyProject-River/Content/Variant_TwinStick/Sprites/Enemy/Enemy_mace_walking_animation/Enemy_mace_walking_animation_2_Sprite.uasset" 1089
"C:/Users/5000328/Documents/GitHub/MyProject-River/Content/Variant_TwinStick/Sprites/Enemy/Enemy_mace_walking_animation/Enemy_mace_walking_animation_2_Sprite.uexp" 1090
"C:/Users/5000328/Documents/GitHub/MyProject-River/Content/Variant_TwinStick/Sprites/Enemy/Enemy_mace_walking_animation/Enemy_mace_walking_animation1.uasset" 1091
"C:/Users/5000328/Documents/GitHub/MyProject-River/Content/Variant_TwinStick/Sprites/Enemy/Enemy_mace_walking_animation/Enemy_mace_walking_animation1.uexp" 1092
"C:/Users/5000328/Documents/GitHub/MyProject-River/Content/Variant_TwinStick/Sprites/Enemy/AnimSequences/MaceWalkl.uasset" 1093
"C:/Users/5000328/Documents/GitHub/MyProject-River/Content/Variant_TwinStick/Sprites/Enemy/AnimSequences/MaceWalkl.uexp" 1094
"C:/Users/5000328/Documents/GitHub/MyProject-River/Content/Variant_TwinStick/Sprites/Enemy/Enemy_mace_attack_animation/Enemy_mace_attack_animation.uasset" 1095
"C:/Users/5000328/Documents/GitHub/MyProject-River/Content/Variant_TwinStick/Sprites/Enemy/Enemy_mace_attack_animation/Enemy_mace_attack_animation.uexp" 1096
"C:/Users/5000328/Documents/GitHub/MyProject-River/Content/Variant_TwinStick/Sprites/Enemy/Enemy_mace_attack_animation/Enemy_mace_attack_animation_Sprite.uasset" 1097
"C:/Users/5000328/Documents/GitHub/MyProject-River/Content/Variant_TwinStick/Sprites/Enemy/Enemy_mace_attack_animation/Enemy_mace_attack_animation_Sprite.uexp" 1098
"C:/Users/5000328/Documents/GitHub/MyProject-River/Content/Variant_TwinStick/Sprites/Enemy/Enemy_mace_attack_animation/Enemy_mace_attack_animation_6.uasset" 1099
"C:/Users/5000328/Documents/GitHub/MyProject-River/Content/Variant_TwinStick/Sprites/Enemy/Enemy_mace_attack_animation/Enemy_mace_attack_animation_6.uexp" 1100
"C:/Users/5000328/Documents/GitHub/MyProject-River/Content/Variant_TwinStick/Sprites/Enemy/Enemy_mace_attack_animation/Enemy_mace_attack_animation_6_Sprite.uasset" 1101
"C:/Users/5000328/Documents/GitHub/MyProject-River/Content/Variant_TwinStick/Sprites/Enemy/Enemy_mace_attack_animation/Enemy_mace_attack_animation_6_Sprite.uexp" 1102
"C:/Users/5000328/Documents/GitHub/MyProject-River/Content/Variant_TwinStick/Sprites/Enemy/Enemy_mace_attack_animation/Enemy_mace_attack_animation_5.uasset" 1103
"C:/Users/5000328/Documents/GitHub/MyProject-River/Content/Variant_TwinStick/Sprites/Enemy/Enemy_mace_attack_animation/Enemy_mace_attack_animation_5.uexp" 1104
"C:/Users/5000328/Documents/GitHub/MyProject-River/Content/Variant_TwinStick/Sprites/Enemy/Enemy_mace_attack_animation/Enemy_mace_attack_animation_5_Sprite.uasset" 1105
"C:/Users/5000328/Documents/GitHub/MyProject-River/Content/Variant_TwinStick/Sprites/Enemy/Enemy_mace_attack_animation/Enemy_mace_attack_animation_5_Sprite.uexp" 1106
"C:/Users/5000328/Documents/GitHub/MyProject-River/Content/Variant_TwinStick/Sprites/Enemy/Enemy_mace_attack_animation/Enemy_mace_attack_animation_4.uasset" 1107
"C:/Users/5000328/Documents/GitHub/MyProject-River/Content/Variant_TwinStick/Sprites/Enemy/Enemy_mace_attack_animation/Enemy_mace_attack_animation_4.uexp" 1108
"C:/Users/5000328/Documents/GitHub/MyProject-River/Content/Variant_TwinStick/Sprites/Enemy/Enemy_mace_attack_animation/Enemy_mace_attack_animation_4_Sprite.uasset" 1109
"C:/Users/5000328/Documents/GitHub/MyProject-River/Content/Variant_TwinStick/Sprites/Enemy/Enemy_mace_attack_animation/Enemy_mace_attack_animation_4_Sprite.uexp" 1110
"C:/Users/5000328/Documents/GitHub/MyProject-River/Content/Variant_TwinStick/Sprites/Enemy/Enemy_mace_attack_animation/Enemy_mace_attack_animation_3.uasset" 1111
"C:/Users/5000328/Documents/GitHub/MyProject-River/Content/Variant_TwinStick/Sprites/Enemy/Enemy_mace_attack_animation/Enemy_mace_attack_animation_3.uexp" 1112
"C:/Users/5000328/Documents/GitHub/MyProject-River/Content/Variant_TwinStick/Sprites/Enemy/Enemy_mace_attack_animation/Enemy_mace_attack_animation_3_Sprite.uasset" 1113
"C:/Users/5000328/Documents/GitHub/MyProject-River/Content/Variant_TwinStick/Sprites/Enemy/Enemy_mace_attack_animation/Enemy_mace_attack_animation_3_Sprite.uexp" 1114
"C:/Users/5000328/Documents/GitHub/MyProject-River/Content/Variant_TwinStick/Sprites/Enemy/Enemy_mace_attack_animation/Enemy_mace_attack_animation_2.uasset" 1115
"C:/Users/5000328/Documents/GitHub/MyProject-River/Content/Variant_TwinStick/Sprites/Enemy/Enemy_mace_attack_animation/Enemy_mace_attack_animation_2.uexp" 1116
"C:/Users/5000328/Documents/GitHub/MyProject-River/Content/Variant_TwinStick/Sprites/Enemy/Enemy_mace_attack_animation/Enemy_mace_attack_animation_2_Sprite.uasset" 1117
"C:/Users/5000328/Documents/GitHub/MyProject-River/Content/Variant_TwinStick/Sprites/Enemy/Enemy_mace_attack_animation/Enemy_mace_attack_animation_2_Sprite.uexp" 1118
"C:/Users/5000328/Documents/GitHub/MyProject-River/Content/Variant_TwinStick/Sprites/Enemy/Enemy_mace_attack_animation/Enemy_mace_attack_animation1.uasset" 1119
"C:/Users/5000328/Documents/GitHub/MyProject-River/Content/Variant_TwinStick/Sprites/Enemy/Enemy_mace_attack_animation/Enemy_mace_attack_animation1.uexp" 1120
"C:/Users/5000328/Documents/GitHub/MyProject-River/Content/Variant_TwinStick/Sprites/Enemy/AnimSequences/MaceAttack.uasset" 1121
"C:/Users/5000328/Documents/GitHub/MyProject-River/Content/Variant_TwinStick/Sprites/Enemy/AnimSequences/MaceAttack.uexp" 1122
"C:/Users/5000328/Documents/GitHub/MyProject-River/Content/Variant_TwinStick/Sprites/Enemy/Enemy_hammer_walking_animation/Enemy_hammer_walking_animation_5.uasset" 1123
"C:/Users/5000328/Documents/GitHub/MyProject-River/Content/Variant_TwinStick/Sprites/Enemy/Enemy_hammer_walking_animation/Enemy_hammer_walking_animation_5.uexp" 1124
"C:/Users/5000328/Documents/GitHub/MyProject-River/Content/Variant_TwinStick/Sprites/Enemy/Enemy_hammer_walking_animation/Enemy_hammer_walking_animation_5_Sprite.uasset" 1125
"C:/Users/5000328/Documents/GitHub/MyProject-River/Content/Variant_TwinStick/Sprites/Enemy/Enemy_hammer_walking_animation/Enemy_hammer_walking_animation_5_Sprite.uexp" 1126
"C:/Users/5000328/Documents/GitHub/MyProject-River/Content/Variant_TwinStick/Sprites/Enemy/Enemy_hammer_walking_animation/Enemy_hammer_walking_animation_4.uasset" 1127
"C:/Users/5000328/Documents/GitHub/MyProject-River/Content/Variant_TwinStick/Sprites/Enemy/Enemy_hammer_walking_animation/Enemy_hammer_walking_animation_4.uexp" 1128
"C:/Users/5000328/Documents/GitHub/MyProject-River/Content/Variant_TwinStick/Sprites/Enemy/Enemy_hammer_walking_animation/Enemy_hammer_walking_animation_4_Sprite.uasset" 1129
"C:/Users/5000328/Documents/GitHub/MyProject-River/Content/Variant_TwinStick/Sprites/Enemy/Enemy_hammer_walking_animation/Enemy_hammer_walking_animation_4_Sprite.uexp" 1130
"C:/Users/5000328/Documents/GitHub/MyProject-River/Content/Variant_TwinStick/Sprites/Enemy/Enemy_hammer_walking_animation/Enemy_hammer_walking_animation_3.uasset" 1131
"C:/Users/5000328/Documents/GitHub/MyProject-River/Content/Variant_TwinStick/Sprites/Enemy/Enemy_hammer_walking_animation/Enemy_hammer_walking_animation_3.uexp" 1132
"C:/Users/5000328/Documents/GitHub/MyProject-River/Content/Variant_TwinStick/Sprites/Enemy/Enemy_hammer_walking_animation/Enemy_hammer_walking_animation_3_Sprite.uasset" 1133
"C:/Users/5000328/Documents/GitHub/MyProject-River/Content/Variant_TwinStick/Sprites/Enemy/Enemy_hammer_walking_animation/Enemy_hammer_walking_animation_3_Sprite.uexp" 1134
"C:/Users/5000328/Documents/GitHub/MyProject-River/Content/Variant_TwinStick/Sprites/Enemy/Enemy_hammer_walking_animation/Enemy_hammer_walking_animation_2.uasset" 1135
"C:/Users/5000328/Documents/GitHub/MyProject-River/Content/Variant_TwinStick/Sprites/Enemy/Enemy_hammer_walking_animation/Enemy_hammer_walking_animation_2.uexp" 1136
"C:/Users/5000328/Documents/GitHub/MyProject-River/Content/Variant_TwinStick/Sprites/Enemy/Enemy_hammer_walking_animation/Enemy_hammer_walking_animation_2_Sprite.uasset" 1137
"C:/Users/5000328/Documents/GitHub/MyProject-River/Content/Variant_TwinStick/Sprites/Enemy/Enemy_hammer_walking_animation/Enemy_hammer_walking_animation_2_Sprite.uexp" 1138
"C:/Users/5000328/Documents/GitHub/MyProject-River/Content/Variant_TwinStick/Sprites/Enemy/Enemy_hammer_walking_animation/Enemy_hammer_walking_animation1.uasset" 1139
"C:/Users/5000328/Documents/GitHub/MyProject-River/Content/Variant_TwinStick/Sprites/Enemy/Enemy_hammer_walking_animation/Enemy_hammer_walking_animation1.uexp" 1140
"C:/Users/5000328/Documents/GitHub/MyProject-River/Content/Variant_TwinStick/Sprites/Enemy/AnimSequences/HammerWalk.uasset" 1141
"C:/Users/5000328/Documents/GitHub/MyProject-River/Content/Variant_TwinStick/Sprites/Enemy/AnimSequences/HammerWalk.uexp" 1142
"C:/Users/5000328/Documents/GitHub/MyProject-River/Content/Variant_TwinStick/Sprites/Enemy/Enemy_hammer_attack_animation/Enemy_hammer_attack_animation.uasset" 1143
"C:/Users/5000328/Documents/GitHub/MyProject-River/Content/Variant_TwinStick/Sprites/Enemy/Enemy_hammer_attack_animation/Enemy_hammer_attack_animation.uexp" 1144
"C:/Users/5000328/Documents/GitHub/MyProject-River/Content/Variant_TwinStick/Sprites/Enemy/Enemy_hammer_attack_animation/Enemy_hammer_attack_animation_Sprite.uasset" 1145
"C:/Users/5000328/Documents/GitHub/MyProject-River/Content/Variant_TwinStick/Sprites/Enemy/Enemy_hammer_attack_animation/Enemy_hammer_attack_animation_Sprite.uexp" 1146
"C:/Users/5000328/Documents/GitHub/MyProject-River/Content/Variant_TwinStick/Sprites/Enemy/Enemy_hammer_attack_animation/Enemy_hammer_attack_animation_6.uasset" 1147
"C:/Users/5000328/Documents/GitHub/MyProject-River/Content/Variant_TwinStick/Sprites/Enemy/Enemy_hammer_attack_animation/Enemy_hammer_attack_animation_6.uexp" 1148
"C:/Users/5000328/Documents/GitHub/MyProject-River/Content/Variant_TwinStick/Sprites/Enemy/Enemy_hammer_attack_animation/Enemy_hammer_attack_animation_6_Sprite.uasset" 1149
"C:/Users/5000328/Documents/GitHub/MyProject-River/Content/Variant_TwinStick/Sprites/Enemy/Enemy_hammer_attack_animation/Enemy_hammer_attack_animation_6_Sprite.uexp" 1150
"C:/Users/5000328/Documents/GitHub/MyProject-River/Content/Variant_TwinStick/Sprites/Enemy/Enemy_hammer_attack_animation/Enemy_hammer_attack_animation_5.uasset" 1151
"C:/Users/5000328/Documents/GitHub/MyProject-River/Content/Variant_TwinStick/Sprites/Enemy/Enemy_hammer_attack_animation/Enemy_hammer_attack_animation_5.uexp" 1152
"C:/Users/5000328/Documents/GitHub/MyProject-River/Content/Variant_TwinStick/Sprites/Enemy/Enemy_hammer_attack_animation/Enemy_hammer_attack_animation_5_Sprite.uasset" 1153
"C:/Users/5000328/Documents/GitHub/MyProject-River/Content/Variant_TwinStick/Sprites/Enemy/Enemy_hammer_attack_animation/Enemy_hammer_attack_animation_5_Sprite.uexp" 1154
"C:/Users/5000328/Documents/GitHub/MyProject-River/Content/Variant_TwinStick/Sprites/Enemy/Enemy_hammer_attack_animation/Enemy_hammer_attack_animation_4.uasset" 1155
"C:/Users/5000328/Documents/GitHub/MyProject-River/Content/Variant_TwinStick/Sprites/Enemy/Enemy_hammer_attack_animation/Enemy_hammer_attack_animation_4.uexp" 1156
"C:/Users/5000328/Documents/GitHub/MyProject-River/Content/Variant_TwinStick/Sprites/Enemy/Enemy_hammer_attack_animation/Enemy_hammer_attack_animation_4_Sprite.uasset" 1157
"C:/Users/5000328/Documents/GitHub/MyProject-River/Content/Variant_TwinStick/Sprites/Enemy/Enemy_hammer_attack_animation/Enemy_hammer_attack_animation_4_Sprite.uexp" 1158
"C:/Users/5000328/Documents/GitHub/MyProject-River/Content/Variant_TwinStick/Sprites/Enemy/Enemy_hammer_attack_animation/Enemy_hammer_attack_animation_3.uasset" 1159
"C:/Users/5000328/Documents/GitHub/MyProject-River/Content/Variant_TwinStick/Sprites/Enemy/Enemy_hammer_attack_animation/Enemy_hammer_attack_animation_3.uexp" 1160
"C:/Users/5000328/Documents/GitHub/MyProject-River/Content/Variant_TwinStick/Sprites/Enemy/Enemy_hammer_attack_animation/Enemy_hammer_attack_animation_3_Sprite.uasset" 1161
"C:/Users/5000328/Documents/GitHub/MyProject-River/Content/Variant_TwinStick/Sprites/Enemy/Enemy_hammer_attack_animation/Enemy_hammer_attack_animation_3_Sprite.uexp" 1162
"C:/Users/5000328/Documents/GitHub/MyProject-River/Content/Variant_TwinStick/Sprites/Enemy/Enemy_hammer_attack_animation/Enemy_hammer_attack_animation_2.uasset" 1163
"C:/Users/5000328/Documents/GitHub/MyProject-River/Content/Variant_TwinStick/Sprites/Enemy/Enemy_hammer_attack_animation/Enemy_hammer_attack_animation_2.uexp" 1164
"C:/Users/5000328/Documents/GitHub/MyProject-River/Content/Variant_TwinStick/Sprites/Enemy/Enemy_hammer_attack_animation/Enemy_hammer_attack_animation_2_Sprite.uasset" 1165
"C:/Users/5000328/Documents/GitHub/MyProject-River/Content/Variant_TwinStick/Sprites/Enemy/Enemy_hammer_attack_animation/Enemy_hammer_attack_animation_2_Sprite.uexp" 1166
"C:/Users/5000328/Documents/GitHub/MyProject-River/Content/Variant_TwinStick/Sprites/Enemy/Enemy_hammer_attack_animation/Enemy_hammer_attack_animation1.uasset" 1167
"C:/Users/5000328/Documents/GitHub/MyProject-River/Content/Variant_TwinStick/Sprites/Enemy/Enemy_hammer_attack_animation/Enemy_hammer_attack_animation1.uexp" 1168
"C:/Users/5000328/Documents/GitHub/MyProject-River/Content/Variant_TwinStick/Sprites/Enemy/AnimSequences/HammerAttack.uasset" 1169
"C:/Users/5000328/Documents/GitHub/MyProject-River/Content/Variant_TwinStick/Sprites/Enemy/AnimSequences/HammerAttack.uexp" 1170
"C:/Users/5000328/Documents/GitHub/MyProject-River/Content/Variant_TwinStick/Sprites/Enemy/Enemy_dagger_walking_animation/Enemy_dagger_walking_animation.uasset" 1171
"C:/Users/5000328/Documents/GitHub/MyProject-River/Content/Variant_TwinStick/Sprites/Enemy/Enemy_dagger_walking_animation/Enemy_dagger_walking_animation.uexp" 1172
"C:/Users/5000328/Documents/GitHub/MyProject-River/Content/Variant_TwinStick/Sprites/Enemy/Enemy_dagger_walking_animation/Enemy_dagger_walking_animation_Sprite.uasset" 1173
"C:/Users/5000328/Documents/GitHub/MyProject-River/Content/Variant_TwinStick/Sprites/Enemy/Enemy_dagger_walking_animation/Enemy_dagger_walking_animation_Sprite.uexp" 1174
"C:/Users/5000328/Documents/GitHub/MyProject-River/Content/Variant_TwinStick/Sprites/Enemy/Enemy_dagger_walking_animation/Enemy_dagger_walking_animation_4.uasset" 1175
"C:/Users/5000328/Documents/GitHub/MyProject-River/Content/Variant_TwinStick/Sprites/Enemy/Enemy_dagger_walking_animation/Enemy_dagger_walking_animation_4.uexp" 1176
"C:/Users/5000328/Documents/GitHub/MyProject-River/Content/Variant_TwinStick/Sprites/Enemy/Enemy_dagger_walking_animation/Enemy_dagger_walking_animation_4_Sprite.uasset" 1177
"C:/Users/5000328/Documents/GitHub/MyProject-River/Content/Variant_TwinStick/Sprites/Enemy/Enemy_dagger_walking_animation/Enemy_dagger_walking_animation_4_Sprite.uexp" 1178
"C:/Users/5000328/Documents/GitHub/MyProject-River/Content/Variant_TwinStick/Sprites/Enemy/Enemy_dagger_walking_animation/Enemy_dagger_walking_animation_2.uasset" 1179
"C:/Users/5000328/Documents/GitHub/MyProject-River/Content/Variant_TwinStick/Sprites/Enemy/Enemy_dagger_walking_animation/Enemy_dagger_walking_animation_2.uexp" 1180
"C:/Users/5000328/Documents/GitHub/MyProject-River/Content/Variant_TwinStick/Sprites/Enemy/Enemy_dagger_walking_animation/Enemy_dagger_walking_animation_2_Sprite.uasset" 1181
"C:/Users/5000328/Documents/GitHub/MyProject-River/Content/Variant_TwinStick/Sprites/Enemy/Enemy_dagger_walking_animation/Enemy_dagger_walking_animation_2_Sprite.uexp" 1182
"C:/Users/5000328/Documents/GitHub/MyProject-River/Content/Variant_TwinStick/Sprites/Enemy/Enemy_dagger_walking_animation/Enemy_dagger_walking_animation1.uasset" 1183
"C:/Users/5000328/Documents/GitHub/MyProject-River/Content/Variant_TwinStick/Sprites/Enemy/Enemy_dagger_walking_animation/Enemy_dagger_walking_animation1.uexp" 1184
"C:/Users/5000328/Documents/GitHub/MyProject-River/Content/Variant_TwinStick/Sprites/Enemy/AnimSequences/DaggerWalk.uasset" 1185
"C:/Users/5000328/Documents/GitHub/MyProject-River/Content/Variant_TwinStick/Sprites/Enemy/AnimSequences/DaggerWalk.uexp" 1186
"C:/Users/5000328/Documents/GitHub/MyProject-River/Content/Variant_TwinStick/Sprites/Enemy/Enemy_dagger_attack_animation/Enemy_dagger_attack_animation.uasset" 1187
"C:/Users/5000328/Documents/GitHub/MyProject-River/Content/Variant_TwinStick/Sprites/Enemy/Enemy_dagger_attack_animation/Enemy_dagger_attack_animation.uexp" 1188
"C:/Users/5000328/Documents/GitHub/MyProject-River/Content/Variant_TwinStick/Sprites/Enemy/Enemy_dagger_attack_animation/Enemy_dagger_attack_animation_Sprite.uasset" 1189
"C:/Users/5000328/Documents/GitHub/MyProject-River/Content/Variant_TwinStick/Sprites/Enemy/Enemy_dagger_attack_animation/Enemy_dagger_attack_animation_Sprite.uexp" 1190
"C:/Users/5000328/Documents/GitHub/MyProject-River/Content/Variant_TwinStick/Sprites/Enemy/Enemy_dagger_attack_animation/Enemy_dagger_attack_animation_7.uasset" 1191
"C:/Users/5000328/Documents/GitHub/MyProject-River/Content/Variant_TwinStick/Sprites/Enemy/Enemy_dagger_attack_animation/Enemy_dagger_attack_animation_7.uexp" 1192
"C:/Users/5000328/Documents/GitHub/MyProject-River/Content/Variant_TwinStick/Sprites/Enemy/Enemy_dagger_attack_animation/Enemy_dagger_attack_animation_7_Sprite.uasset" 1193
"C:/Users/5000328/Documents/GitHub/MyProject-River/Content/Variant_TwinStick/Sprites/Enemy/Enemy_dagger_attack_animation/Enemy_dagger_attack_animation_7_Sprite.uexp" 1194
"C:/Users/5000328/Documents/GitHub/MyProject-River/Content/Variant_TwinStick/Sprites/Enemy/Enemy_dagger_attack_animation/Enemy_dagger_attack_animation_6.uasset" 1195
"C:/Users/5000328/Documents/GitHub/MyProject-River/Content/Variant_TwinStick/Sprites/Enemy/Enemy_dagger_attack_animation/Enemy_dagger_attack_animation_6.uexp" 1196
"C:/Users/5000328/Documents/GitHub/MyProject-River/Content/Variant_TwinStick/Sprites/Enemy/Enemy_dagger_attack_animation/Enemy_dagger_attack_animation_6_Sprite.uasset" 1197
"C:/Users/5000328/Documents/GitHub/MyProject-River/Content/Variant_TwinStick/Sprites/Enemy/Enemy_dagger_attack_animation/Enemy_dagger_attack_animation_6_Sprite.uexp" 1198
"C:/Users/5000328/Documents/GitHub/MyProject-River/Content/Variant_TwinStick/Sprites/Enemy/Enemy_dagger_attack_animation/Enemy_dagger_attack_animation_5.uasset" 1199
"C:/Users/5000328/Documents/GitHub/MyProject-River/Content/Variant_TwinStick/Sprites/Enemy/Enemy_dagger_attack_animation/Enemy_dagger_attack_animation_5.uexp" 1200
"C:/Users/5000328/Documents/GitHub/MyProject-River/Content/Variant_TwinStick/Sprites/Enemy/Enemy_dagger_attack_animation/Enemy_dagger_attack_animation_5_Sprite.uasset" 1201
"C:/Users/5000328/Documents/GitHub/MyProject-River/Content/Variant_TwinStick/Sprites/Enemy/Enemy_dagger_attack_animation/Enemy_dagger_attack_animation_5_Sprite.uexp" 1202
"C:/Users/5000328/Documents/GitHub/MyProject-River/Content/Variant_TwinStick/Sprites/Enemy/Enemy_dagger_attack_animation/Enemy_dagger_attack_animation_4.uasset" 1203
"C:/Users/5000328/Documents/GitHub/MyProject-River/Content/Variant_TwinStick/Sprites/Enemy/Enemy_dagger_attack_animation/Enemy_dagger_attack_animation_4.uexp" 1204
"C:/Users/5000328/Documents/GitHub/MyProject-River/Content/Variant_TwinStick/Sprites/Enemy/Enemy_dagger_attack_animation/Enemy_dagger_attack_animation_4_Sprite.uasset" 1205
"C:/Users/5000328/Documents/GitHub/MyProject-River/Content/Variant_TwinStick/Sprites/Enemy/Enemy_dagger_attack_animation/Enemy_dagger_attack_animation_4_Sprite.uexp" 1206
"C:/Users/5000328/Documents/GitHub/MyProject-River/Content/Variant_TwinStick/Sprites/Enemy/Enemy_dagger_attack_animation/Enemy_dagger_attack_animation_3.uasset" 1207
"C:/Users/5000328/Documents/GitHub/MyProject-River/Content/Variant_TwinStick/Sprites/Enemy/Enemy_dagger_attack_animation/Enemy_dagger_attack_animation_3.uexp" 1208
"C:/Users/5000328/Documents/GitHub/MyProject-River/Content/Variant_TwinStick/Sprites/Enemy/Enemy_dagger_attack_animation/Enemy_dagger_attack_animation_3_Sprite.uasset" 1209
"C:/Users/5000328/Documents/GitHub/MyProject-River/Content/Variant_TwinStick/Sprites/Enemy/Enemy_dagger_attack_animation/Enemy_dagger_attack_animation_3_Sprite.uexp" 1210
"C:/Users/5000328/Documents/GitHub/MyProject-River/Content/Variant_TwinStick/Sprites/Enemy/Enemy_dagger_attack_animation/Enemy_dagger_attack_animation_2.uasset" 1211
"C:/Users/5000328/Documents/GitHub/MyProject-River/Content/Variant_TwinStick/Sprites/Enemy/Enemy_dagger_attack_animation/Enemy_dagger_attack_animation_2.uexp" 1212
"C:/Users/5000328/Documents/GitHub/MyProject-River/Content/Variant_TwinStick/Sprites/Enemy/Enemy_dagger_attack_animation/Enemy_dagger_attack_animation_2_Sprite.uasset" 1213
"C:/Users/5000328/Documents/GitHub/MyProject-River/Content/Variant_TwinStick/Sprites/Enemy/Enemy_dagger_attack_animation/Enemy_dagger_attack_animation_2_Sprite.uexp" 1214
"C:/Users/5000328/Documents/GitHub/MyProject-River/Content/Variant_TwinStick/Sprites/Enemy/Enemy_dagger_attack_animation/Enemy_dagger_attack_animation1.uasset" 1215
"C:/Users/5000328/Documents/GitHub/MyProject-River/Content/Variant_TwinStick/Sprites/Enemy/Enemy_dagger_attack_animation/Enemy_dagger_attack_animation1.uexp" 1216
"C:/Users/5000328/Documents/GitHub/MyProject-River/Content/Variant_TwinStick/Sprites/Enemy/AnimSequences/DaggerAttack.uasset" 1217
"C:/Users/5000328/Documents/GitHub/MyProject-River/Content/Variant_TwinStick/Sprites/Enemy/AnimSequences/DaggerAttack.uexp" 1218
"C:/Users/5000328/Documents/GitHub/MyProject-River/Content/Variant_TwinStick/Sprites/Enemy/Enemy_Axe_walking_animation/Enemy_axe_walking_animation.uasset" 1219
"C:/Users/5000328/Documents/GitHub/MyProject-River/Content/Variant_TwinStick/Sprites/Enemy/Enemy_Axe_walking_animation/Enemy_axe_walking_animation.uexp" 1220
"C:/Users/5000328/Documents/GitHub/MyProject-River/Content/Variant_TwinStick/Sprites/Enemy/Enemy_Axe_walking_animation/Enemy_axe_walking_animation_Sprite.uasset" 1221
"C:/Users/5000328/Documents/GitHub/MyProject-River/Content/Variant_TwinStick/Sprites/Enemy/Enemy_Axe_walking_animation/Enemy_axe_walking_animation_Sprite.uexp" 1222
"C:/Users/5000328/Documents/GitHub/MyProject-River/Content/Variant_TwinStick/Sprites/Enemy/Enemy_Axe_walking_animation/Enemy_axe_walking_animation_2.uasset" 1223
"C:/Users/5000328/Documents/GitHub/MyProject-River/Content/Variant_TwinStick/Sprites/Enemy/Enemy_Axe_walking_animation/Enemy_axe_walking_animation_2.uexp" 1224
"C:/Users/5000328/Documents/GitHub/MyProject-River/Content/Variant_TwinStick/Sprites/Enemy/Enemy_Axe_walking_animation/Enemy_axe_walking_animation_2_Sprite.uasset" 1225
"C:/Users/5000328/Documents/GitHub/MyProject-River/Content/Variant_TwinStick/Sprites/Enemy/Enemy_Axe_walking_animation/Enemy_axe_walking_animation_2_Sprite.uexp" 1226
"C:/Users/5000328/Documents/GitHub/MyProject-River/Content/Variant_TwinStick/Sprites/Enemy/Enemy_Axe_walking_animation/Enemy_axe_walking_animation1.uasset" 1227
"C:/Users/5000328/Documents/GitHub/MyProject-River/Content/Variant_TwinStick/Sprites/Enemy/Enemy_Axe_walking_animation/Enemy_axe_walking_animation1.uexp" 1228
"C:/Users/5000328/Documents/GitHub/MyProject-River/Content/Variant_TwinStick/Sprites/Enemy/AnimSequences/AxeWalk.uasset" 1229
"C:/Users/5000328/Documents/GitHub/MyProject-River/Content/Variant_TwinStick/Sprites/Enemy/AnimSequences/AxeWalk.uexp" 1230
"C:/Users/5000328/Documents/GitHub/MyProject-River/Content/Variant_TwinStick/Sprites/Enemy/enemy_axe_attack_animation/Enemy_axe_attack_animation.uasset" 1231
"C:/Users/5000328/Documents/GitHub/MyProject-River/Content/Variant_TwinStick/Sprites/Enemy/enemy_axe_attack_animation/Enemy_axe_attack_animation.uexp" 1232
"C:/Users/5000328/Documents/GitHub/MyProject-River/Content/Variant_TwinStick/Sprites/Enemy/enemy_axe_attack_animation/Enemy_axe_attack_animation_Sprite.uasset" 1233
"C:/Users/5000328/Documents/GitHub/MyProject-River/Content/Variant_TwinStick/Sprites/Enemy/enemy_axe_attack_animation/Enemy_axe_attack_animation_Sprite.uexp" 1234
"C:/Users/5000328/Documents/GitHub/MyProject-River/Content/Variant_TwinStick/Sprites/Enemy/enemy_axe_attack_animation/Enemy_axe_attack_animation_5.uasset" 1235
"C:/Users/5000328/Documents/GitHub/MyProject-River/Content/Variant_TwinStick/Sprites/Enemy/enemy_axe_attack_animation/Enemy_axe_attack_animation_5.uexp" 1236
"C:/Users/5000328/Documents/GitHub/MyProject-River/Content/Variant_TwinStick/Sprites/Enemy/enemy_axe_attack_animation/Enemy_axe_attack_animation_5_Sprite.uasset" 1237
"C:/Users/5000328/Documents/GitHub/MyProject-River/Content/Variant_TwinStick/Sprites/Enemy/enemy_axe_attack_animation/Enemy_axe_attack_animation_5_Sprite.uexp" 1238
"C:/Users/5000328/Documents/GitHub/MyProject-River/Content/Variant_TwinStick/Sprites/Enemy/enemy_axe_attack_animation/Enemy_axe_attack_animation_4.uasset" 1239
"C:/Users/5000328/Documents/GitHub/MyProject-River/Content/Variant_TwinStick/Sprites/Enemy/enemy_axe_attack_animation/Enemy_axe_attack_animation_4.uexp" 1240
"C:/Users/5000328/Documents/GitHub/MyProject-River/Content/Variant_TwinStick/Sprites/Enemy/enemy_axe_attack_animation/Enemy_axe_attack_animation_4_Sprite.uasset" 1241
"C:/Users/5000328/Documents/GitHub/MyProject-River/Content/Variant_TwinStick/Sprites/Enemy/enemy_axe_attack_animation/Enemy_axe_attack_animation_4_Sprite.uexp" 1242
"C:/Users/5000328/Documents/GitHub/MyProject-River/Content/Variant_TwinStick/Sprites/Enemy/enemy_axe_attack_animation/Enemy_axe_attack_animation_3.uasset" 1243
"C:/Users/5000328/Documents/GitHub/MyProject-River/Content/Variant_TwinStick/Sprites/Enemy/enemy_axe_attack_animation/Enemy_axe_attack_animation_3.uexp" 1244
"C:/Users/5000328/Documents/GitHub/MyProject-River/Content/Variant_TwinStick/Sprites/Enemy/enemy_axe_attack_animation/Enemy_axe_attack_animation_3_Sprite.uasset" 1245
"C:/Users/5000328/Documents/GitHub/MyProject-River/Content/Variant_TwinStick/Sprites/Enemy/enemy_axe_attack_animation/Enemy_axe_attack_animation_3_Sprite.uexp" 1246
"C:/Users/5000328/Documents/GitHub/MyProject-River/Content/Variant_TwinStick/Sprites/Enemy/enemy_axe_attack_animation/Enemy_axe_attack_animation_2.uasset" 1247
"C:/Users/5000328/Documents/GitHub/MyProject-River/Content/Variant_TwinStick/Sprites/Enemy/enemy_axe_attack_animation/Enemy_axe_attack_animation_2.uexp" 1248
"C:/Users/5000328/Documents/GitHub/MyProject-River/Content/Variant_TwinStick/Sprites/Enemy/enemy_axe_attack_animation/Enemy_axe_attack_animation_2_Sprite.uasset" 1249
"C:/Users/5000328/Documents/GitHub/MyProject-River/Content/Variant_TwinStick/Sprites/Enemy/enemy_axe_attack_animation/Enemy_axe_attack_animation_2_Sprite.uexp" 1250
"C:/Users/5000328/Documents/GitHub/MyProject-River/Content/Variant_TwinStick/Sprites/Enemy/enemy_axe_attack_animation/Enemy_axe_attack_animation1.uasset" 1251
"C:/Users/5000328/Documents/GitHub/MyProject-River/Content/Variant_TwinStick/Sprites/Enemy/enemy_axe_attack_animation/Enemy_axe_attack_animation1.uexp" 1252
"C:/Users/5000328/Documents/GitHub/MyProject-River/Content/Variant_TwinStick/Sprites/Enemy/AnimSequences/AxeAttack.uasset" 1253
"C:/Users/5000328/Documents/GitHub/MyProject-River/Content/Variant_TwinStick/Sprites/Enemy/AnimSequences/AxeAttack.uexp" 1254
"C:/Users/5000328/Documents/GitHub/MyProject-River/Content/Variant_TwinStick/Blueprints/AI/Enemytype.uasset" 1255
"C:/Users/5000328/Documents/GitHub/MyProject-River/Content/Variant_TwinStick/Blueprints/AI/Enemytype.uexp" 1256
"C:/Users/5000328/Documents/GitHub/MyProject-River/Content/Variant_TwinStick/Sprites/Enemy/EnemyAnimations.uasset" 1257
"C:/Users/5000328/Documents/GitHub/MyProject-River/Content/Variant_TwinStick/Sprites/Enemy/EnemyAnimations.uexp" 1258
"C:/Users/5000328/Documents/GitHub/MyProject-River/Content/Variant_TwinStick/Sound/HIM/thud-sound-effect-405470.ubulk" 1259
"C:/Users/5000328/Documents/GitHub/MyProject-River/Content/Variant_TwinStick/Sound/HIM/thud-sound-effect-405470.uasset" 1260
"C:/Users/5000328/Documents/GitHub/MyProject-River/Content/Variant_TwinStick/Sound/HIM/thud-sound-effect-405470.uexp" 1261
"C:/Users/5000328/Documents/GitHub/MyProject-River/Content/Variant_TwinStick/Sound/AttackingNoises/Block_1.ubulk" 1262
"C:/Users/5000328/Documents/GitHub/MyProject-River/Content/Variant_TwinStick/Sound/AttackingNoises/Block_1.uasset" 1263
"C:/Users/5000328/Documents/GitHub/MyProject-River/Content/Variant_TwinStick/Sound/AttackingNoises/Block_1.uexp" 1264
"C:/Users/5000328/Documents/GitHub/MyProject-River/Content/Variant_TwinStick/Sound/AttackingNoises/Block_2.ubulk" 1265
"C:/Users/5000328/Documents/GitHub/MyProject-River/Content/Variant_TwinStick/Sound/AttackingNoises/Block_2.uasset" 1266
"C:/Users/5000328/Documents/GitHub/MyProject-River/Content/Variant_TwinStick/Sound/AttackingNoises/Block_2.uexp" 1267
"C:/Users/5000328/Documents/GitHub/MyProject-River/Content/Variant_TwinStick/Sound/Music/wind-blowing-429223.ubulk" 1268
"C:/Users/5000328/Documents/GitHub/MyProject-River/Content/Variant_TwinStick/Sound/Music/wind-blowing-429223.uasset" 1269
"C:/Users/5000328/Documents/GitHub/MyProject-River/Content/Variant_TwinStick/Sound/Music/wind-blowing-429223.uexp" 1270
"C:/Users/5000328/Documents/GitHub/MyProject-River/Content/Variant_TwinStick/Sound/Music/GauntletSong_5Loop.ubulk" 1271
"C:/Users/5000328/Documents/GitHub/MyProject-River/Content/Variant_TwinStick/Sound/Music/GauntletSong_5Loop.uasset" 1272
"C:/Users/5000328/Documents/GitHub/MyProject-River/Content/Variant_TwinStick/Sound/Music/GauntletSong_5Loop.uexp" 1273
"C:/Users/5000328/Documents/GitHub/MyProject-River/Content/Variant_TwinStick/Sound/Music/GauntletSong_4Loop.ubulk" 1274
"C:/Users/5000328/Documents/GitHub/MyProject-River/Content/Variant_TwinStick/Sound/Music/GauntletSong_4Loop.uasset" 1275
"C:/Users/5000328/Documents/GitHub/MyProject-River/Content/Variant_TwinStick/Sound/Music/GauntletSong_4Loop.uexp" 1276
"C:/Users/5000328/Documents/GitHub/MyProject-River/Content/Variant_TwinStick/Sound/Music/GauntletSong_3Loop.ubulk" 1277
"C:/Users/5000328/Documents/GitHub/MyProject-River/Content/Variant_TwinStick/Sound/Music/GauntletSong_3Loop.uasset" 1278
"C:/Users/5000328/Documents/GitHub/MyProject-River/Content/Variant_TwinStick/Sound/Music/GauntletSong_3Loop.uexp" 1279
"C:/Users/5000328/Documents/GitHub/MyProject-River/Content/Variant_TwinStick/Sound/Music/GauntletSong_2.ubulk" 1280
"C:/Users/5000328/Documents/GitHub/MyProject-River/Content/Variant_TwinStick/Sound/Music/GauntletSong_2.uasset" 1281
"C:/Users/5000328/Documents/GitHub/MyProject-River/Content/Variant_TwinStick/Sound/Music/GauntletSong_2.uexp" 1282
"C:/Users/5000328/Documents/GitHub/MyProject-River/Content/Variant_TwinStick/Sound/Music/GauntletSong_1Loop.ubulk" 1283
"C:/Users/5000328/Documents/GitHub/MyProject-River/Content/Variant_TwinStick/Sound/Music/GauntletSong_1Loop.uasset" 1284
"C:/Users/5000328/Documents/GitHub/MyProject-River/Content/Variant_TwinStick/Sound/Music/GauntletSong_1Loop.uexp" 1285
"C:/Users/5000328/Documents/GitHub/MyProject-River/Content/Variant_TwinStick/Blueprints/BP_TwinStickPlayerController.uasset" 1286
"C:/Users/5000328/Documents/GitHub/MyProject-River/Content/Variant_TwinStick/Blueprints/BP_TwinStickPlayerController.uexp" 1287
"C:/Users/5000328/Documents/GitHub/MyProject-River/Content/TopDown/Input/Actions/IA_SetDestination_Touch.uasset" 1288
"C:/Users/5000328/Documents/GitHub/MyProject-River/Content/TopDown/Input/Actions/IA_SetDestination_Touch.uexp" 1289
"C:/Users/5000328/Documents/GitHub/MyProject-River/Content/TopDown/Input/Actions/IA_SetDestination_Click.uasset" 1290
"C:/Users/5000328/Documents/GitHub/MyProject-River/Content/TopDown/Input/Actions/IA_SetDestination_Click.uexp" 1291
"C:/Users/5000328/Documents/GitHub/MyProject-River/Content/TopDown/Input/IMC_Default.uasset" 1292
"C:/Users/5000328/Documents/GitHub/MyProject-River/Content/TopDown/Input/IMC_Default.uexp" 1293
"C:/Users/5000328/Documents/GitHub/MyProject-River/Content/TopDown/Cursor/T_Arrow.uasset" 1294
"C:/Users/5000328/Documents/GitHub/MyProject-River/Content/TopDown/Cursor/T_Arrow.uexp" 1295
"C:/Users/5000328/Documents/GitHub/MyProject-River/Content/TopDown/Cursor/M_Cursor.uasset" 1296
"C:/Users/5000328/Documents/GitHub/MyProject-River/Content/TopDown/Cursor/M_Cursor.uexp" 1297
"C:/Users/5000328/Documents/GitHub/MyProject-River/Content/TopDown/Cursor/SM_CursorMesh.ubulk" 1298
"C:/Users/5000328/Documents/GitHub/MyProject-River/Content/TopDown/Cursor/SM_CursorMesh.uasset" 1299
"C:/Users/5000328/Documents/GitHub/MyProject-River/Content/TopDown/Cursor/SM_CursorMesh.uexp" 1300
"C:/Users/5000328/Documents/GitHub/MyProject-River/Content/TopDown/Cursor/FX_Cursor_Success.uasset" 1301
"C:/Users/5000328/Documents/GitHub/MyProject-River/Content/TopDown/Cursor/FX_Cursor_Success.uexp" 1302
"C:/Users/5000328/Documents/GitHub/MyProject-River/Content/TopDown/Blueprints/BP_TopDownController.uasset" 1303
"C:/Users/5000328/Documents/GitHub/MyProject-River/Content/TopDown/Blueprints/BP_TopDownController.uexp" 1304
"C:/Users/5000328/Documents/GitHub/MyProject-River/Content/Characters/Mannequins/Meshes/SK_Mannequin.uasset" 1305
"C:/Users/5000328/Documents/GitHub/MyProject-River/Content/Characters/Mannequins/Meshes/SK_Mannequin.uexp" 1306
"../../../Engine/Plugins/Animation/ControlRig/Content/Controls/DefaultGizmoLibraryNormalized.uasset" 1307
"../../../Engine/Plugins/Animation/ControlRig/Content/Controls/DefaultGizmoLibraryNormalized.uexp" 1308
"C:/Users/5000328/Documents/GitHub/MyProject-River/Content/Characters/Mannequins/Rigs/CR_Mannequin_FootIK.uasset" 1309
"C:/Users/5000328/Documents/GitHub/MyProject-River/Content/Characters/Mannequins/Rigs/CR_Mannequin_FootIK.uexp" 1310
"../../../Engine/Content/Animation/DefaultVariableFrameStrippingSettings.uasset" 1311
"../../../Engine/Content/Animation/DefaultVariableFrameStrippingSettings.uexp" 1312
"../../../Engine/Content/Animation/DefaultAnimCurveCompressionSettings.uasset" 1313
"../../../Engine/Content/Animation/DefaultAnimCurveCompressionSettings.uexp" 1314
"../../../Engine/Content/Animation/DefaultAnimBoneCompressionSettings.uasset" 1315
"../../../Engine/Content/Animation/DefaultAnimBoneCompressionSettings.uexp" 1316
"C:/Users/5000328/Documents/GitHub/MyProject-River/Content/Characters/Mannequins/Anims/Unarmed/MM_Idle.uasset" 1317
"C:/Users/5000328/Documents/GitHub/MyProject-River/Content/Characters/Mannequins/Anims/Unarmed/MM_Idle.uexp" 1318
"../../../Engine/Plugins/Animation/ACLPlugin/Content/ACLAnimCurveCompressionSettings.uasset" 1319
"../../../Engine/Plugins/Animation/ACLPlugin/Content/ACLAnimCurveCompressionSettings.uexp" 1320
"C:/Users/5000328/Documents/GitHub/MyProject-River/Content/Characters/Mannequins/Anims/Unarmed/Walk/MF_Unarmed_Walk_Right.uasset" 1321
"C:/Users/5000328/Documents/GitHub/MyProject-River/Content/Characters/Mannequins/Anims/Unarmed/Walk/MF_Unarmed_Walk_Right.uexp" 1322
"C:/Users/5000328/Documents/GitHub/MyProject-River/Content/Characters/Mannequins/Anims/Unarmed/Walk/MF_Unarmed_Walk_Left.uasset" 1323
"C:/Users/5000328/Documents/GitHub/MyProject-River/Content/Characters/Mannequins/Anims/Unarmed/Walk/MF_Unarmed_Walk_Left.uexp" 1324
"C:/Users/5000328/Documents/GitHub/MyProject-River/Content/Characters/Mannequins/Anims/Unarmed/Walk/MF_Unarmed_Walk_Fwd.uasset" 1325
"C:/Users/5000328/Documents/GitHub/MyProject-River/Content/Characters/Mannequins/Anims/Unarmed/Walk/MF_Unarmed_Walk_Fwd.uexp" 1326
"C:/Users/5000328/Documents/GitHub/MyProject-River/Content/Characters/Mannequins/Anims/Unarmed/Walk/MF_Unarmed_Walk_Bwd.uasset" 1327
"C:/Users/5000328/Documents/GitHub/MyProject-River/Content/Characters/Mannequins/Anims/Unarmed/Walk/MF_Unarmed_Walk_Bwd.uexp" 1328
"C:/Users/5000328/Documents/GitHub/MyProject-River/Content/Characters/Mannequins/Anims/Unarmed/Jog/MF_Unarmed_Jog_Right.uasset" 1329
"C:/Users/5000328/Documents/GitHub/MyProject-River/Content/Characters/Mannequins/Anims/Unarmed/Jog/MF_Unarmed_Jog_Right.uexp" 1330
"C:/Users/5000328/Documents/GitHub/MyProject-River/Content/Characters/Mannequins/Anims/Unarmed/Jog/MF_Unarmed_Jog_Left.uasset" 1331
"C:/Users/5000328/Documents/GitHub/MyProject-River/Content/Characters/Mannequins/Anims/Unarmed/Jog/MF_Unarmed_Jog_Left.uexp" 1332
"C:/Users/5000328/Documents/GitHub/MyProject-River/Content/Characters/Mannequins/Anims/Unarmed/Jog/MF_Unarmed_Jog_Fwd.uasset" 1333
"C:/Users/5000328/Documents/GitHub/MyProject-River/Content/Characters/Mannequins/Anims/Unarmed/Jog/MF_Unarmed_Jog_Fwd.uexp" 1334
"C:/Users/5000328/Documents/GitHub/MyProject-River/Content/Characters/Mannequins/Anims/Unarmed/Jog/MF_Unarmed_Jog_Bwd.uasset" 1335
"C:/Users/5000328/Documents/GitHub/MyProject-River/Content/Characters/Mannequins/Anims/Unarmed/Jog/MF_Unarmed_Jog_Bwd.uexp" 1336
"C:/Users/5000328/Documents/GitHub/MyProject-River/Content/Characters/Mannequins/Anims/Unarmed/BS_Idle_Walk_Run.uasset" 1337
"C:/Users/5000328/Documents/GitHub/MyProject-River/Content/Characters/Mannequins/Anims/Unarmed/BS_Idle_Walk_Run.uexp" 1338
"C:/Users/5000328/Documents/GitHub/MyProject-River/Content/Characters/Mannequins/Anims/Unarmed/Jump/MM_Land.uasset" 1339
"C:/Users/5000328/Documents/GitHub/MyProject-River/Content/Characters/Mannequins/Anims/Unarmed/Jump/MM_Land.uexp" 1340
"C:/Users/5000328/Documents/GitHub/MyProject-River/Content/Characters/Mannequins/Anims/Unarmed/Jump/MM_Jump.uasset" 1341
"C:/Users/5000328/Documents/GitHub/MyProject-River/Content/Characters/Mannequins/Anims/Unarmed/Jump/MM_Jump.uexp" 1342
"C:/Users/5000328/Documents/GitHub/MyProject-River/Content/Characters/Mannequins/Anims/Unarmed/Jump/MM_Fall_Loop.uasset" 1343
"C:/Users/5000328/Documents/GitHub/MyProject-River/Content/Characters/Mannequins/Anims/Unarmed/Jump/MM_Fall_Loop.uexp" 1344
"C:/Users/5000328/Documents/GitHub/MyProject-River/Content/Characters/Mannequins/Anims/Unarmed/ABP_Unarmed.uasset" 1345
"C:/Users/5000328/Documents/GitHub/MyProject-River/Content/Characters/Mannequins/Anims/Unarmed/ABP_Unarmed.uexp" 1346
"C:/Users/5000328/Documents/GitHub/MyProject-River/Content/Characters/Mannequins/Rigs/PA_Mannequin.uasset" 1347
"C:/Users/5000328/Documents/GitHub/MyProject-River/Content/Characters/Mannequins/Rigs/PA_Mannequin.uexp" 1348
"C:/Users/5000328/Documents/GitHub/MyProject-River/Content/Characters/Mannequins/Textures/Manny/T_Manny_01_BN.ubulk" 1349
"C:/Users/5000328/Documents/GitHub/MyProject-River/Content/Characters/Mannequins/Textures/Manny/T_Manny_01_BN.uasset" 1350
"C:/Users/5000328/Documents/GitHub/MyProject-River/Content/Characters/Mannequins/Textures/Manny/T_Manny_01_BN.uexp" 1351
"C:/Users/5000328/Documents/GitHub/MyProject-River/Content/Characters/Mannequins/Textures/Manny/T_Manny_01_D.ubulk" 1352
"C:/Users/5000328/Documents/GitHub/MyProject-River/Content/Characters/Mannequins/Textures/Manny/T_Manny_01_D.uasset" 1353
"C:/Users/5000328/Documents/GitHub/MyProject-River/Content/Characters/Mannequins/Textures/Manny/T_Manny_01_D.uexp" 1354
"C:/Users/5000328/Documents/GitHub/MyProject-River/Content/Characters/Mannequins/Textures/Manny/T_Manny_01_MRA.ubulk" 1355
"C:/Users/5000328/Documents/GitHub/MyProject-River/Content/Characters/Mannequins/Textures/Manny/T_Manny_01_MRA.uasset" 1356
"C:/Users/5000328/Documents/GitHub/MyProject-River/Content/Characters/Mannequins/Textures/Manny/T_Manny_01_MRA.uexp" 1357
"C:/Users/5000328/Documents/GitHub/MyProject-River/Content/Characters/Mannequins/Textures/Shared/T_UE_Logo_M.uasset" 1358
"C:/Users/5000328/Documents/GitHub/MyProject-River/Content/Characters/Mannequins/Textures/Shared/T_UE_Logo_M.uexp" 1359
"C:/Users/5000328/Documents/GitHub/MyProject-River/Content/Characters/Mannequins/Materials/M_Mannequin.uasset" 1360
"C:/Users/5000328/Documents/GitHub/MyProject-River/Content/Characters/Mannequins/Materials/M_Mannequin.uexp" 1361
"C:/Users/5000328/Documents/GitHub/MyProject-River/Content/Characters/Mannequins/Materials/Manny/MI_Manny_01_New.uasset" 1362
"C:/Users/5000328/Documents/GitHub/MyProject-River/Content/Characters/Mannequins/Materials/Manny/MI_Manny_01_New.uexp" 1363
"C:/Users/5000328/Documents/GitHub/MyProject-River/Content/Characters/Mannequins/Textures/Manny/T_Manny_02_MRA.ubulk" 1364
"C:/Users/5000328/Documents/GitHub/MyProject-River/Content/Characters/Mannequins/Textures/Manny/T_Manny_02_MRA.uasset" 1365
"C:/Users/5000328/Documents/GitHub/MyProject-River/Content/Characters/Mannequins/Textures/Manny/T_Manny_02_MRA.uexp" 1366
"C:/Users/5000328/Documents/GitHub/MyProject-River/Content/Characters/Mannequins/Textures/Manny/T_Manny_02_D.ubulk" 1367
"C:/Users/5000328/Documents/GitHub/MyProject-River/Content/Characters/Mannequins/Textures/Manny/T_Manny_02_D.uasset" 1368
"C:/Users/5000328/Documents/GitHub/MyProject-River/Content/Characters/Mannequins/Textures/Manny/T_Manny_02_D.uexp" 1369
"C:/Users/5000328/Documents/GitHub/MyProject-River/Content/Characters/Mannequins/Textures/Manny/T_Manny_02_BN.ubulk" 1370
"C:/Users/5000328/Documents/GitHub/MyProject-River/Content/Characters/Mannequins/Textures/Manny/T_Manny_02_BN.uasset" 1371
"C:/Users/5000328/Documents/GitHub/MyProject-River/Content/Characters/Mannequins/Textures/Manny/T_Manny_02_BN.uexp" 1372
"C:/Users/5000328/Documents/GitHub/MyProject-River/Content/Characters/Mannequins/Materials/Manny/MI_Manny_02_New.uasset" 1373
"C:/Users/5000328/Documents/GitHub/MyProject-River/Content/Characters/Mannequins/Materials/Manny/MI_Manny_02_New.uexp" 1374
"C:/Users/5000328/Documents/GitHub/MyProject-River/Content/Characters/Mannequins/Meshes/SKM_Manny_Simple.uasset" 1375
"C:/Users/5000328/Documents/GitHub/MyProject-River/Content/Characters/Mannequins/Meshes/SKM_Manny_Simple.uexp" 1376
"C:/Users/5000328/Documents/GitHub/MyProject-River/Content/TopDown/Blueprints/BP_TopDownCharacter.uasset" 1377
"C:/Users/5000328/Documents/GitHub/MyProject-River/Content/TopDown/Blueprints/BP_TopDownCharacter.uexp" 1378
"C:/Users/5000328/Documents/GitHub/MyProject-River/Content/TopDown/Blueprints/BP_TopDownGameMode.uasset" 1379
"C:/Users/5000328/Documents/GitHub/MyProject-River/Content/TopDown/Blueprints/BP_TopDownGameMode.uexp" 1380
"C:/Users/5000328/Documents/GitHub/MyProject-River/Content/Variant_TwinStick/UI/WBP_TopDownUI_Action.uasset" 1381
"C:/Users/5000328/Documents/GitHub/MyProject-River/Content/Variant_TwinStick/UI/WBP_TopDownUI_Action.uexp" 1382
"C:/Users/5000328/Documents/GitHub/MyProject-River/Content/Variant_TwinStick/Blueprints/BP_TwinStickGameMode.uasset" 1383
"C:/Users/5000328/Documents/GitHub/MyProject-River/Content/Variant_TwinStick/Blueprints/BP_TwinStickGameMode.uexp" 1384
"../../../Engine/Plugins/FX/Niagara/Content/DefaultAssets/DefaultSpriteMaterial.uasset" 1385
"../../../Engine/Plugins/FX/Niagara/Content/DefaultAssets/DefaultSpriteMaterial.uexp" 1386
"../../../Engine/Plugins/FX/Niagara/Content/DefaultAssets/DefaultRIbbonMaterial.uasset" 1387
"../../../Engine/Plugins/FX/Niagara/Content/DefaultAssets/DefaultRIbbonMaterial.uexp" 1388
"C:/Users/5000328/Documents/GitHub/MyProject-River/Content/Variant_TwinStick/Blueprints/Slash_n.uasset" 1389
"C:/Users/5000328/Documents/GitHub/MyProject-River/Content/Variant_TwinStick/Blueprints/Slash_n.uexp" 1390
"../../../Engine/Content/BasicShapes/Sphere.ubulk" 1391
"../../../Engine/Content/BasicShapes/Sphere.uasset" 1392
"../../../Engine/Content/BasicShapes/Sphere.uexp" 1393
"C:/Users/5000328/Documents/GitHub/MyProject-River/Content/LevelPrototyping/Materials/M_FlatCol.uasset" 1394
"C:/Users/5000328/Documents/GitHub/MyProject-River/Content/LevelPrototyping/Materials/M_FlatCol.uexp" 1395
"C:/Users/5000328/Documents/GitHub/MyProject-River/Content/LevelPrototyping/Materials/MI_DefaultColorway.uasset" 1396
"C:/Users/5000328/Documents/GitHub/MyProject-River/Content/LevelPrototyping/Materials/MI_DefaultColorway.uexp" 1397
"C:/Users/5000328/Documents/GitHub/MyProject-River/Content/TopDown/MI_Colorway.uasset" 1398
"C:/Users/5000328/Documents/GitHub/MyProject-River/Content/TopDown/MI_Colorway.uexp" 1399
"C:/Users/5000328/Documents/GitHub/MyProject-River/Content/Variant_TwinStick/Blueprints/BP_TwinStickPickup.uasset" 1400
"C:/Users/5000328/Documents/GitHub/MyProject-River/Content/Variant_TwinStick/Blueprints/BP_TwinStickPickup.uexp" 1401
"C:/Users/5000328/Documents/GitHub/MyProject-River/Content/Variant_TwinStick/Blueprints/AI/STTask_GetPlayer.uasset" 1402
"C:/Users/5000328/Documents/GitHub/MyProject-River/Content/Variant_TwinStick/Blueprints/AI/STTask_GetPlayer.uexp" 1403
"C:/Users/5000328/Documents/GitHub/MyProject-River/Content/Variant_TwinStick/Blueprints/AI/ST_TwinStickNPC.uasset" 1404
"C:/Users/5000328/Documents/GitHub/MyProject-River/Content/Variant_TwinStick/Blueprints/AI/ST_TwinStickNPC.uexp" 1405
"C:/Users/5000328/Documents/GitHub/MyProject-River/Content/Variant_TwinStick/Blueprints/AI/BP_TwinStickAIController.uasset" 1406
"C:/Users/5000328/Documents/GitHub/MyProject-River/Content/Variant_TwinStick/Blueprints/AI/BP_TwinStickAIController.uexp" 1407
"../../../Engine/Content/EngineMaterials/DefaultPhysicalMaterial.uasset" 1408
"../../../Engine/Content/EngineMaterials/DefaultPhysicalMaterial.uexp" 1409
"C:/Users/5000328/Documents/GitHub/MyProject-River/Content/Variant_TwinStick/Meshes/SM_TargetBaseMesh.ubulk" 1410
"C:/Users/5000328/Documents/GitHub/MyProject-River/Content/Variant_TwinStick/Meshes/SM_TargetBaseMesh.uasset" 1411
"C:/Users/5000328/Documents/GitHub/MyProject-River/Content/Variant_TwinStick/Meshes/SM_TargetBaseMesh.uexp" 1412
"C:/Users/5000328/Documents/GitHub/MyProject-River/Content/Variant_TwinStick/Meshes/GC/GC_SM_TargetBaseMesh_Destruction.uasset" 1413
"C:/Users/5000328/Documents/GitHub/MyProject-River/Content/Variant_TwinStick/Meshes/GC/GC_SM_TargetBaseMesh_Destruction.uexp" 1414
"C:/Users/5000328/Documents/GitHub/MyProject-River/Content/Variant_TwinStick/FX/NS_TopDownAction_Destruction.uasset" 1415
"C:/Users/5000328/Documents/GitHub/MyProject-River/Content/Variant_TwinStick/FX/NS_TopDownAction_Destruction.uexp" 1416
"C:/Users/5000328/Documents/GitHub/MyProject-River/Content/Variant_TwinStick/Blueprints/AI/BP_TwinStickNPCDestruction.uasset" 1417
"C:/Users/5000328/Documents/GitHub/MyProject-River/Content/Variant_TwinStick/Blueprints/AI/BP_TwinStickNPCDestruction.uexp" 1418
"C:/Users/5000328/Documents/GitHub/MyProject-River/Content/Variant_TwinStick/Blueprints/AI/BP_TwinStickNPC.uasset" 1419
"C:/Users/5000328/Documents/GitHub/MyProject-River/Content/Variant_TwinStick/Blueprints/AI/BP_TwinStickNPC.uexp" 1420
"C:/Users/5000328/Documents/GitHub/MyProject-River/Content/Variant_TwinStick/Sound/AttackingNoises/Slash_5.ubulk" 1421
"C:/Users/5000328/Documents/GitHub/MyProject-River/Content/Variant_TwinStick/Sound/AttackingNoises/Slash_5.uasset" 1422
"C:/Users/5000328/Documents/GitHub/MyProject-River/Content/Variant_TwinStick/Sound/AttackingNoises/Slash_5.uexp" 1423
"../../../Engine/Content/MobileResources/HUD/VirtualJoystick_Thumb.uasset" 1424
"../../../Engine/Content/MobileResources/HUD/VirtualJoystick_Thumb.uexp" 1425
"C:/Users/5000328/Documents/GitHub/MyProject-River/Content/Variant_TwinStick/Input/BPI_TouchInterface_TwinStick.uasset" 1426
"C:/Users/5000328/Documents/GitHub/MyProject-River/Content/Variant_TwinStick/Input/BPI_TouchInterface_TwinStick.uexp" 1427
"../../../Engine/Content/MobileResources/HUD/VirtualJoystick_Background.uasset" 1428
"../../../Engine/Content/MobileResources/HUD/VirtualJoystick_Background.uexp" 1429
"C:/Users/5000328/Documents/GitHub/MyProject-River/Content/Input/Touch/UI_Thumbstick.uasset" 1430
"C:/Users/5000328/Documents/GitHub/MyProject-River/Content/Input/Touch/UI_Thumbstick.uexp" 1431
"C:/Users/5000328/Documents/GitHub/MyProject-River/Content/Variant_TwinStick/Input/UI_TouchInterface_TwinStick.uasset" 1432
"C:/Users/5000328/Documents/GitHub/MyProject-River/Content/Variant_TwinStick/Input/UI_TouchInterface_TwinStick.uexp" 1433
"C:/Users/5000328/Documents/GitHub/MyProject-River/Content/Variant_TwinStick/Input/Actions/IA_Action_UseItem.uasset" 1434
"C:/Users/5000328/Documents/GitHub/MyProject-River/Content/Variant_TwinStick/Input/Actions/IA_Action_UseItem.uexp" 1435
"C:/Users/5000328/Documents/GitHub/MyProject-River/Content/Variant_TwinStick/Input/Actions/IA_Action_StickAim.uasset" 1436
"C:/Users/5000328/Documents/GitHub/MyProject-River/Content/Variant_TwinStick/Input/Actions/IA_Action_StickAim.uexp" 1437
"C:/Users/5000328/Documents/GitHub/MyProject-River/Content/Variant_TwinStick/Input/Actions/IA_Action_Move.uasset" 1438
"C:/Users/5000328/Documents/GitHub/MyProject-River/Content/Variant_TwinStick/Input/Actions/IA_Action_Move.uexp" 1439
"C:/Users/5000328/Documents/GitHub/MyProject-River/Content/Variant_TwinStick/Input/Actions/IA_Action_MouseAim.uasset" 1440
"C:/Users/5000328/Documents/GitHub/MyProject-River/Content/Variant_TwinStick/Input/Actions/IA_Action_MouseAim.uexp" 1441
"C:/Users/5000328/Documents/GitHub/MyProject-River/Content/Variant_TwinStick/Input/Actions/IA_Action_Fire.uasset" 1442
"C:/Users/5000328/Documents/GitHub/MyProject-River/Content/Variant_TwinStick/Input/Actions/IA_Action_Fire.uexp" 1443
"C:/Users/5000328/Documents/GitHub/MyProject-River/Content/Variant_TwinStick/Input/Actions/IA_Action_Dash.uasset" 1444
"C:/Users/5000328/Documents/GitHub/MyProject-River/Content/Variant_TwinStick/Input/Actions/IA_Action_Dash.uexp" 1445
"C:/Users/5000328/Documents/GitHub/MyProject-River/Content/Input/Actions/IA_Pause.uasset" 1446
"C:/Users/5000328/Documents/GitHub/MyProject-River/Content/Input/Actions/IA_Pause.uexp" 1447
"C:/Users/5000328/Documents/GitHub/MyProject-River/Content/Variant_TwinStick/Input/IMC_TwinStick.uasset" 1448
"C:/Users/5000328/Documents/GitHub/MyProject-River/Content/Variant_TwinStick/Input/IMC_TwinStick.uexp" 1449
"C:/Users/5000328/Documents/GitHub/MyProject-River/Content/Variant_TwinStick/Blueprints/LongSlash_n.uasset" 1450
"C:/Users/5000328/Documents/GitHub/MyProject-River/Content/Variant_TwinStick/Blueprints/LongSlash_n.uexp" 1451
"C:/Users/5000328/Documents/GitHub/MyProject-River/Content/Variant_TwinStick/Blueprints/fxhitplaceholder2.uasset" 1452
"C:/Users/5000328/Documents/GitHub/MyProject-River/Content/Variant_TwinStick/Blueprints/fxhitplaceholder2.uexp" 1453
"C:/Users/5000328/Documents/GitHub/MyProject-River/Content/Variant_TwinStick/Sound/AttackingNoises/eating-effect-254996.ubulk" 1454
"C:/Users/5000328/Documents/GitHub/MyProject-River/Content/Variant_TwinStick/Sound/AttackingNoises/eating-effect-254996.uasset" 1455
"C:/Users/5000328/Documents/GitHub/MyProject-River/Content/Variant_TwinStick/Sound/AttackingNoises/eating-effect-254996.uexp" 1456
"C:/Users/5000328/Documents/GitHub/MyProject-River/Content/Variant_TwinStick/UI/WBP_Upgrade.uasset" 1457
"C:/Users/5000328/Documents/GitHub/MyProject-River/Content/Variant_TwinStick/UI/WBP_Upgrade.uexp" 1458
"C:/Users/5000328/Documents/GitHub/MyProject-River/Content/Variant_TwinStick/Sprites/player/AnimSequences/Movemnt2ElectricBoogaloo.uasset" 1459
"C:/Users/5000328/Documents/GitHub/MyProject-River/Content/Variant_TwinStick/Sprites/player/AnimSequences/Movemnt2ElectricBoogaloo.uexp" 1460
"C:/Users/5000328/Documents/GitHub/MyProject-River/Content/Variant_TwinStick/Sprites/player/pixwl-copy_of_4_.uasset" 1461
"C:/Users/5000328/Documents/GitHub/MyProject-River/Content/Variant_TwinStick/Sprites/player/pixwl-copy_of_4_.uexp" 1462
"C:/Users/5000328/Documents/GitHub/MyProject-River/Content/Variant_TwinStick/Sprites/player/pixwl-copy_of_4__Sprite.uasset" 1463
"C:/Users/5000328/Documents/GitHub/MyProject-River/Content/Variant_TwinStick/Sprites/player/pixwl-copy_of_4__Sprite.uexp" 1464
"C:/Users/5000328/Documents/GitHub/MyProject-River/Content/Variant_TwinStick/Sprites/player/pixwl-1.uasset" 1465
"C:/Users/5000328/Documents/GitHub/MyProject-River/Content/Variant_TwinStick/Sprites/player/pixwl-1.uexp" 1466
"C:/Users/5000328/Documents/GitHub/MyProject-River/Content/Variant_TwinStick/Sprites/player/pixwl-1_Sprite.uasset" 1467
"C:/Users/5000328/Documents/GitHub/MyProject-River/Content/Variant_TwinStick/Sprites/player/pixwl-1_Sprite.uexp" 1468
"C:/Users/5000328/Documents/GitHub/MyProject-River/Content/Variant_TwinStick/Sprites/player/pixel-animation_03.uasset" 1469
"C:/Users/5000328/Documents/GitHub/MyProject-River/Content/Variant_TwinStick/Sprites/player/pixel-animation_03.uexp" 1470
"C:/Users/5000328/Documents/GitHub/MyProject-River/Content/Variant_TwinStick/Sprites/player/pixel-animation_03_Sprite.uasset" 1471
"C:/Users/5000328/Documents/GitHub/MyProject-River/Content/Variant_TwinStick/Sprites/player/pixel-animation_03_Sprite.uexp" 1472
"C:/Users/5000328/Documents/GitHub/MyProject-River/Content/Variant_TwinStick/Sprites/player/Copy_of_pixl_2_.uasset" 1473
"C:/Users/5000328/Documents/GitHub/MyProject-River/Content/Variant_TwinStick/Sprites/player/Copy_of_pixl_2_.uexp" 1474
"C:/Users/5000328/Documents/GitHub/MyProject-River/Content/Variant_TwinStick/Sprites/player/Copy_of_pixl_2__Sprite.uasset" 1475
"C:/Users/5000328/Documents/GitHub/MyProject-River/Content/Variant_TwinStick/Sprites/player/Copy_of_pixl_2__Sprite.uexp" 1476
"C:/Users/5000328/Documents/GitHub/MyProject-River/Content/Variant_TwinStick/Sprites/player/Anims/Player/movement.uasset" 1477
"C:/Users/5000328/Documents/GitHub/MyProject-River/Content/Variant_TwinStick/Sprites/player/Anims/Player/movement.uexp" 1478
"C:/Users/5000328/Documents/GitHub/MyProject-River/Content/Variant_TwinStick/Sprites/player/Swordimages/walking_ani-6.uasset" 1479
"C:/Users/5000328/Documents/GitHub/MyProject-River/Content/Variant_TwinStick/Sprites/player/Swordimages/walking_ani-6.uexp" 1480
"C:/Users/5000328/Documents/GitHub/MyProject-River/Content/Variant_TwinStick/Sprites/player/Swordimages/walking_ani-6_Sprite.uasset" 1481
"C:/Users/5000328/Documents/GitHub/MyProject-River/Content/Variant_TwinStick/Sprites/player/Swordimages/walking_ani-6_Sprite.uexp" 1482
"C:/Users/5000328/Documents/GitHub/MyProject-River/Content/Variant_TwinStick/Sprites/player/Swordimages/walking_ani-5.uasset" 1483
"C:/Users/5000328/Documents/GitHub/MyProject-River/Content/Variant_TwinStick/Sprites/player/Swordimages/walking_ani-5.uexp" 1484
"C:/Users/5000328/Documents/GitHub/MyProject-River/Content/Variant_TwinStick/Sprites/player/Swordimages/walking_ani-5_Sprite.uasset" 1485
"C:/Users/5000328/Documents/GitHub/MyProject-River/Content/Variant_TwinStick/Sprites/player/Swordimages/walking_ani-5_Sprite.uexp" 1486
"C:/Users/5000328/Documents/GitHub/MyProject-River/Content/Variant_TwinStick/Sprites/player/Swordimages/walking_ani-4.uasset" 1487
"C:/Users/5000328/Documents/GitHub/MyProject-River/Content/Variant_TwinStick/Sprites/player/Swordimages/walking_ani-4.uexp" 1488
"C:/Users/5000328/Documents/GitHub/MyProject-River/Content/Variant_TwinStick/Sprites/player/Swordimages/walking_ani-4_Sprite.uasset" 1489
"C:/Users/5000328/Documents/GitHub/MyProject-River/Content/Variant_TwinStick/Sprites/player/Swordimages/walking_ani-4_Sprite.uexp" 1490
"C:/Users/5000328/Documents/GitHub/MyProject-River/Content/Variant_TwinStick/Sprites/player/Swordimages/walking_ani-3.uasset" 1491
"C:/Users/5000328/Documents/GitHub/MyProject-River/Content/Variant_TwinStick/Sprites/player/Swordimages/walking_ani-3.uexp" 1492
"C:/Users/5000328/Documents/GitHub/MyProject-River/Content/Variant_TwinStick/Sprites/player/Swordimages/walking_ani-3_Sprite.uasset" 1493
"C:/Users/5000328/Documents/GitHub/MyProject-River/Content/Variant_TwinStick/Sprites/player/Swordimages/walking_ani-3_Sprite.uexp" 1494
"C:/Users/5000328/Documents/GitHub/MyProject-River/Content/Variant_TwinStick/Sprites/player/Swordimages/walking_ani-2.uasset" 1495
"C:/Users/5000328/Documents/GitHub/MyProject-River/Content/Variant_TwinStick/Sprites/player/Swordimages/walking_ani-2.uexp" 1496
"C:/Users/5000328/Documents/GitHub/MyProject-River/Content/Variant_TwinStick/Sprites/player/Swordimages/walking_ani-2_Sprite.uasset" 1497
"C:/Users/5000328/Documents/GitHub/MyProject-River/Content/Variant_TwinStick/Sprites/player/Swordimages/walking_ani-2_Sprite.uexp" 1498
"C:/Users/5000328/Documents/GitHub/MyProject-River/Content/Variant_TwinStick/Sprites/player/Swordimages/walking_ani-1.uasset" 1499
"C:/Users/5000328/Documents/GitHub/MyProject-River/Content/Variant_TwinStick/Sprites/player/Swordimages/walking_ani-1.uexp" 1500
"C:/Users/5000328/Documents/GitHub/MyProject-River/Content/Variant_TwinStick/Sprites/player/Swordimages/walking_ani-1_Sprite.uasset" 1501
"C:/Users/5000328/Documents/GitHub/MyProject-River/Content/Variant_TwinStick/Sprites/player/Swordimages/walking_ani-1_Sprite.uexp" 1502
"C:/Users/5000328/Documents/GitHub/MyProject-River/Content/Variant_TwinStick/Sprites/player/Anims/Player/walking_ani.uasset" 1503
"C:/Users/5000328/Documents/GitHub/MyProject-River/Content/Variant_TwinStick/Sprites/player/Anims/Player/walking_ani.uexp" 1504
"C:/Users/5000328/Documents/GitHub/MyProject-River/Content/Variant_TwinStick/Sprites/player/AnimSequences/SwordMovement.uasset" 1505
"C:/Users/5000328/Documents/GitHub/MyProject-River/Content/Variant_TwinStick/Sprites/player/AnimSequences/SwordMovement.uexp" 1506
"C:/Users/5000328/Documents/GitHub/MyProject-River/Content/Variant_TwinStick/Sprites/player/Swordimages/IDEL_5.uasset" 1507
"C:/Users/5000328/Documents/GitHub/MyProject-River/Content/Variant_TwinStick/Sprites/player/Swordimages/IDEL_5.uexp" 1508
"C:/Users/5000328/Documents/GitHub/MyProject-River/Content/Variant_TwinStick/Sprites/player/Swordimages/IDEL_5_Sprite.uasset" 1509
"C:/Users/5000328/Documents/GitHub/MyProject-River/Content/Variant_TwinStick/Sprites/player/Swordimages/IDEL_5_Sprite.uexp" 1510
"C:/Users/5000328/Documents/GitHub/MyProject-River/Content/Variant_TwinStick/Sprites/player/Swordimages/IDEL_4.uasset" 1511
"C:/Users/5000328/Documents/GitHub/MyProject-River/Content/Variant_TwinStick/Sprites/player/Swordimages/IDEL_4.uexp" 1512
"C:/Users/5000328/Documents/GitHub/MyProject-River/Content/Variant_TwinStick/Sprites/player/Swordimages/IDEL_4_Sprite.uasset" 1513
"C:/Users/5000328/Documents/GitHub/MyProject-River/Content/Variant_TwinStick/Sprites/player/Swordimages/IDEL_4_Sprite.uexp" 1514
"C:/Users/5000328/Documents/GitHub/MyProject-River/Content/Variant_TwinStick/Sprites/player/Swordimages/IDEL_3.uasset" 1515
"C:/Users/5000328/Documents/GitHub/MyProject-River/Content/Variant_TwinStick/Sprites/player/Swordimages/IDEL_3.uexp" 1516
"C:/Users/5000328/Documents/GitHub/MyProject-River/Content/Variant_TwinStick/Sprites/player/Swordimages/IDEL_3_Sprite.uasset" 1517
"C:/Users/5000328/Documents/GitHub/MyProject-River/Content/Variant_TwinStick/Sprites/player/Swordimages/IDEL_3_Sprite.uexp" 1518
"C:/Users/5000328/Documents/GitHub/MyProject-River/Content/Variant_TwinStick/Sprites/player/Swordimages/IDEL_2.uasset" 1519
"C:/Users/5000328/Documents/GitHub/MyProject-River/Content/Variant_TwinStick/Sprites/player/Swordimages/IDEL_2.uexp" 1520
"C:/Users/5000328/Documents/GitHub/MyProject-River/Content/Variant_TwinStick/Sprites/player/Swordimages/IDEL_2_Sprite.uasset" 1521
"C:/Users/5000328/Documents/GitHub/MyProject-River/Content/Variant_TwinStick/Sprites/player/Swordimages/IDEL_2_Sprite.uexp" 1522
"C:/Users/5000328/Documents/GitHub/MyProject-River/Content/Variant_TwinStick/Sprites/player/Swordimages/IDEL_1.uasset" 1523
"C:/Users/5000328/Documents/GitHub/MyProject-River/Content/Variant_TwinStick/Sprites/player/Swordimages/IDEL_1.uexp" 1524
"C:/Users/5000328/Documents/GitHub/MyProject-River/Content/Variant_TwinStick/Sprites/player/Swordimages/IDEL_1_Sprite.uasset" 1525
"C:/Users/5000328/Documents/GitHub/MyProject-River/Content/Variant_TwinStick/Sprites/player/Swordimages/IDEL_1_Sprite.uexp" 1526
"C:/Users/5000328/Documents/GitHub/MyProject-River/Content/Variant_TwinStick/Sprites/player/Anims/Player/SwordIdle.uasset" 1527
"C:/Users/5000328/Documents/GitHub/MyProject-River/Content/Variant_TwinStick/Sprites/player/Anims/Player/SwordIdle.uexp" 1528
"C:/Users/5000328/Documents/GitHub/MyProject-River/Content/Variant_TwinStick/Sprites/player/AnimSequences/SwordIdle.uasset" 1529
"C:/Users/5000328/Documents/GitHub/MyProject-River/Content/Variant_TwinStick/Sprites/player/AnimSequences/SwordIdle.uexp" 1530
"C:/Users/5000328/Documents/GitHub/MyProject-River/Content/Variant_TwinStick/Sprites/player/Spearimages/Spear_walking_animation.uasset" 1531
"C:/Users/5000328/Documents/GitHub/MyProject-River/Content/Variant_TwinStick/Sprites/player/Spearimages/Spear_walking_animation.uexp" 1532
"C:/Users/5000328/Documents/GitHub/MyProject-River/Content/Variant_TwinStick/Sprites/player/Spearimages/Spear_walking_animation_Sprite.uasset" 1533
"C:/Users/5000328/Documents/GitHub/MyProject-River/Content/Variant_TwinStick/Sprites/player/Spearimages/Spear_walking_animation_Sprite.uexp" 1534
"C:/Users/5000328/Documents/GitHub/MyProject-River/Content/Variant_TwinStick/Sprites/player/Spearimages/Spear_walking_animation_4.uasset" 1535
"C:/Users/5000328/Documents/GitHub/MyProject-River/Content/Variant_TwinStick/Sprites/player/Spearimages/Spear_walking_animation_4.uexp" 1536
"C:/Users/5000328/Documents/GitHub/MyProject-River/Content/Variant_TwinStick/Sprites/player/Spearimages/Spear_walking_animation_4_Sprite.uasset" 1537
"C:/Users/5000328/Documents/GitHub/MyProject-River/Content/Variant_TwinStick/Sprites/player/Spearimages/Spear_walking_animation_4_Sprite.uexp" 1538
"C:/Users/5000328/Documents/GitHub/MyProject-River/Content/Variant_TwinStick/Sprites/player/Spearimages/Spear_walking_animation_3.uasset" 1539
"C:/Users/5000328/Documents/GitHub/MyProject-River/Content/Variant_TwinStick/Sprites/player/Spearimages/Spear_walking_animation_3.uexp" 1540
"C:/Users/5000328/Documents/GitHub/MyProject-River/Content/Variant_TwinStick/Sprites/player/Spearimages/Spear_walking_animation_3_Sprite.uasset" 1541
"C:/Users/5000328/Documents/GitHub/MyProject-River/Content/Variant_TwinStick/Sprites/player/Spearimages/Spear_walking_animation_3_Sprite.uexp" 1542
"C:/Users/5000328/Documents/GitHub/MyProject-River/Content/Variant_TwinStick/Sprites/player/Spearimages/Spear_walking_animation_2.uasset" 1543
"C:/Users/5000328/Documents/GitHub/MyProject-River/Content/Variant_TwinStick/Sprites/player/Spearimages/Spear_walking_animation_2.uexp" 1544
"C:/Users/5000328/Documents/GitHub/MyProject-River/Content/Variant_TwinStick/Sprites/player/Spearimages/Spear_walking_animation_2_Sprite.uasset" 1545
"C:/Users/5000328/Documents/GitHub/MyProject-River/Content/Variant_TwinStick/Sprites/player/Spearimages/Spear_walking_animation_2_Sprite.uexp" 1546
"C:/Users/5000328/Documents/GitHub/MyProject-River/Content/Variant_TwinStick/Sprites/player/Anims/Player/Spear_walking_animation1.uasset" 1547
"C:/Users/5000328/Documents/GitHub/MyProject-River/Content/Variant_TwinStick/Sprites/player/Anims/Player/Spear_walking_animation1.uexp" 1548
"C:/Users/5000328/Documents/GitHub/MyProject-River/Content/Variant_TwinStick/Sprites/player/AnimSequences/SpearMovement.uasset" 1549
"C:/Users/5000328/Documents/GitHub/MyProject-River/Content/Variant_TwinStick/Sprites/player/AnimSequences/SpearMovement.uexp" 1550
"C:/Users/5000328/Documents/GitHub/MyProject-River/Content/Variant_TwinStick/Sprites/player/Spearimages/Spear_Idle_animation.uasset" 1551
"C:/Users/5000328/Documents/GitHub/MyProject-River/Content/Variant_TwinStick/Sprites/player/Spearimages/Spear_Idle_animation.uexp" 1552
"C:/Users/5000328/Documents/GitHub/MyProject-River/Content/Variant_TwinStick/Sprites/player/Spearimages/Spear_Idle_animation_Sprite.uasset" 1553
"C:/Users/5000328/Documents/GitHub/MyProject-River/Content/Variant_TwinStick/Sprites/player/Spearimages/Spear_Idle_animation_Sprite.uexp" 1554
"C:/Users/5000328/Documents/GitHub/MyProject-River/Content/Variant_TwinStick/Sprites/player/Spearimages/Spear_Idle_animation_2.uasset" 1555
"C:/Users/5000328/Documents/GitHub/MyProject-River/Content/Variant_TwinStick/Sprites/player/Spearimages/Spear_Idle_animation_2.uexp" 1556
"C:/Users/5000328/Documents/GitHub/MyProject-River/Content/Variant_TwinStick/Sprites/player/Spearimages/Spear_Idle_animation_2_Sprite.uasset" 1557
"C:/Users/5000328/Documents/GitHub/MyProject-River/Content/Variant_TwinStick/Sprites/player/Spearimages/Spear_Idle_animation_2_Sprite.uexp" 1558
"C:/Users/5000328/Documents/GitHub/MyProject-River/Content/Variant_TwinStick/Sprites/player/Anims/Player/Spear_Idle_animation1.uasset" 1559
"C:/Users/5000328/Documents/GitHub/MyProject-River/Content/Variant_TwinStick/Sprites/player/Anims/Player/Spear_Idle_animation1.uexp" 1560
"C:/Users/5000328/Documents/GitHub/MyProject-River/Content/Variant_TwinStick/Sprites/player/AnimSequences/SpearIdle.uasset" 1561
"C:/Users/5000328/Documents/GitHub/MyProject-River/Content/Variant_TwinStick/Sprites/player/AnimSequences/SpearIdle.uexp" 1562
"C:/Users/5000328/Documents/GitHub/MyProject-River/Content/Variant_TwinStick/Sprites/player/Unarmmed_Anims/unarmed_walk_animation.uasset" 1563
"C:/Users/5000328/Documents/GitHub/MyProject-River/Content/Variant_TwinStick/Sprites/player/Unarmmed_Anims/unarmed_walk_animation.uexp" 1564
"C:/Users/5000328/Documents/GitHub/MyProject-River/Content/Variant_TwinStick/Sprites/player/Unarmmed_Anims/unarmed_walk_animation_Sprite.uasset" 1565
"C:/Users/5000328/Documents/GitHub/MyProject-River/Content/Variant_TwinStick/Sprites/player/Unarmmed_Anims/unarmed_walk_animation_Sprite.uexp" 1566
"C:/Users/5000328/Documents/GitHub/MyProject-River/Content/Variant_TwinStick/Sprites/player/Unarmmed_Anims/unarmed_walk_animation_4.uasset" 1567
"C:/Users/5000328/Documents/GitHub/MyProject-River/Content/Variant_TwinStick/Sprites/player/Unarmmed_Anims/unarmed_walk_animation_4.uexp" 1568
"C:/Users/5000328/Documents/GitHub/MyProject-River/Content/Variant_TwinStick/Sprites/player/Unarmmed_Anims/unarmed_walk_animation_4_Sprite.uasset" 1569
"C:/Users/5000328/Documents/GitHub/MyProject-River/Content/Variant_TwinStick/Sprites/player/Unarmmed_Anims/unarmed_walk_animation_4_Sprite.uexp" 1570
"C:/Users/5000328/Documents/GitHub/MyProject-River/Content/Variant_TwinStick/Sprites/player/Unarmmed_Anims/unarmed_walk_animation_3.uasset" 1571
"C:/Users/5000328/Documents/GitHub/MyProject-River/Content/Variant_TwinStick/Sprites/player/Unarmmed_Anims/unarmed_walk_animation_3.uexp" 1572
"C:/Users/5000328/Documents/GitHub/MyProject-River/Content/Variant_TwinStick/Sprites/player/Unarmmed_Anims/unarmed_walk_animation_3_Sprite.uasset" 1573
"C:/Users/5000328/Documents/GitHub/MyProject-River/Content/Variant_TwinStick/Sprites/player/Unarmmed_Anims/unarmed_walk_animation_3_Sprite.uexp" 1574
"C:/Users/5000328/Documents/GitHub/MyProject-River/Content/Variant_TwinStick/Sprites/player/Unarmmed_Anims/unarmed_walk_animation_2.uasset" 1575
"C:/Users/5000328/Documents/GitHub/MyProject-River/Content/Variant_TwinStick/Sprites/player/Unarmmed_Anims/unarmed_walk_animation_2.uexp" 1576
"C:/Users/5000328/Documents/GitHub/MyProject-River/Content/Variant_TwinStick/Sprites/player/Unarmmed_Anims/unarmed_walk_animation_2_Sprite.uasset" 1577
"C:/Users/5000328/Documents/GitHub/MyProject-River/Content/Variant_TwinStick/Sprites/player/Unarmmed_Anims/unarmed_walk_animation_2_Sprite.uexp" 1578
"C:/Users/5000328/Documents/GitHub/MyProject-River/Content/Variant_TwinStick/Sprites/player/Unarmmed_Anims/unarmed_walk_animation1.uasset" 1579
"C:/Users/5000328/Documents/GitHub/MyProject-River/Content/Variant_TwinStick/Sprites/player/Unarmmed_Anims/unarmed_walk_animation1.uexp" 1580
"C:/Users/5000328/Documents/GitHub/MyProject-River/Content/Variant_TwinStick/Sprites/player/AnimSequences/Movement.uasset" 1581
"C:/Users/5000328/Documents/GitHub/MyProject-River/Content/Variant_TwinStick/Sprites/player/AnimSequences/Movement.uexp" 1582
"C:/Users/5000328/Documents/GitHub/MyProject-River/Content/Variant_TwinStick/Sprites/player/MaceImages/Mace_walking_animation.uasset" 1583
"C:/Users/5000328/Documents/GitHub/MyProject-River/Content/Variant_TwinStick/Sprites/player/MaceImages/Mace_walking_animation.uexp" 1584
"C:/Users/5000328/Documents/GitHub/MyProject-River/Content/Variant_TwinStick/Sprites/player/MaceImages/Mace_walking_animation_Sprite.uasset" 1585
"C:/Users/5000328/Documents/GitHub/MyProject-River/Content/Variant_TwinStick/Sprites/player/MaceImages/Mace_walking_animation_Sprite.uexp" 1586
"C:/Users/5000328/Documents/GitHub/MyProject-River/Content/Variant_TwinStick/Sprites/player/MaceImages/Mace_walking_animation_3.uasset" 1587
"C:/Users/5000328/Documents/GitHub/MyProject-River/Content/Variant_TwinStick/Sprites/player/MaceImages/Mace_walking_animation_3.uexp" 1588
"C:/Users/5000328/Documents/GitHub/MyProject-River/Content/Variant_TwinStick/Sprites/player/MaceImages/Mace_walking_animation_3_Sprite.uasset" 1589
"C:/Users/5000328/Documents/GitHub/MyProject-River/Content/Variant_TwinStick/Sprites/player/MaceImages/Mace_walking_animation_3_Sprite.uexp" 1590
"C:/Users/5000328/Documents/GitHub/MyProject-River/Content/Variant_TwinStick/Sprites/player/MaceImages/Mace_walking_animation_2.uasset" 1591
"C:/Users/5000328/Documents/GitHub/MyProject-River/Content/Variant_TwinStick/Sprites/player/MaceImages/Mace_walking_animation_2.uexp" 1592
"C:/Users/5000328/Documents/GitHub/MyProject-River/Content/Variant_TwinStick/Sprites/player/MaceImages/Mace_walking_animation_2_Sprite.uasset" 1593
"C:/Users/5000328/Documents/GitHub/MyProject-River/Content/Variant_TwinStick/Sprites/player/MaceImages/Mace_walking_animation_2_Sprite.uexp" 1594
"C:/Users/5000328/Documents/GitHub/MyProject-River/Content/Variant_TwinStick/Sprites/player/Anims/Player/Mace_walking_animation1.uasset" 1595
"C:/Users/5000328/Documents/GitHub/MyProject-River/Content/Variant_TwinStick/Sprites/player/Anims/Player/Mace_walking_animation1.uexp" 1596
"C:/Users/5000328/Documents/GitHub/MyProject-River/Content/Variant_TwinStick/Sprites/player/AnimSequences/MaceMovement.uasset" 1597
"C:/Users/5000328/Documents/GitHub/MyProject-River/Content/Variant_TwinStick/Sprites/player/AnimSequences/MaceMovement.uexp" 1598
"C:/Users/5000328/Documents/GitHub/MyProject-River/Content/Variant_TwinStick/Sprites/player/MaceImages/Mace_Idle_animation_5.uasset" 1599
"C:/Users/5000328/Documents/GitHub/MyProject-River/Content/Variant_TwinStick/Sprites/player/MaceImages/Mace_Idle_animation_5.uexp" 1600
"C:/Users/5000328/Documents/GitHub/MyProject-River/Content/Variant_TwinStick/Sprites/player/MaceImages/Mace_Idle_animation_5_Sprite.uasset" 1601
"C:/Users/5000328/Documents/GitHub/MyProject-River/Content/Variant_TwinStick/Sprites/player/MaceImages/Mace_Idle_animation_5_Sprite.uexp" 1602
"C:/Users/5000328/Documents/GitHub/MyProject-River/Content/Variant_TwinStick/Sprites/player/MaceImages/Mace_Idle_animation_4.uasset" 1603
"C:/Users/5000328/Documents/GitHub/MyProject-River/Content/Variant_TwinStick/Sprites/player/MaceImages/Mace_Idle_animation_4.uexp" 1604
"C:/Users/5000328/Documents/GitHub/MyProject-River/Content/Variant_TwinStick/Sprites/player/MaceImages/Mace_Idle_animation_4_Sprite.uasset" 1605
"C:/Users/5000328/Documents/GitHub/MyProject-River/Content/Variant_TwinStick/Sprites/player/MaceImages/Mace_Idle_animation_4_Sprite.uexp" 1606
"C:/Users/5000328/Documents/GitHub/MyProject-River/Content/Variant_TwinStick/Sprites/player/MaceImages/Mace_Idle_animation_3.uasset" 1607
"C:/Users/5000328/Documents/GitHub/MyProject-River/Content/Variant_TwinStick/Sprites/player/MaceImages/Mace_Idle_animation_3.uexp" 1608
"C:/Users/5000328/Documents/GitHub/MyProject-River/Content/Variant_TwinStick/Sprites/player/MaceImages/Mace_Idle_animation_3_Sprite.uasset" 1609
"C:/Users/5000328/Documents/GitHub/MyProject-River/Content/Variant_TwinStick/Sprites/player/MaceImages/Mace_Idle_animation_3_Sprite.uexp" 1610
"C:/Users/5000328/Documents/GitHub/MyProject-River/Content/Variant_TwinStick/Sprites/player/MaceImages/Mace_Idle_animation_2.uasset" 1611
"C:/Users/5000328/Documents/GitHub/MyProject-River/Content/Variant_TwinStick/Sprites/player/MaceImages/Mace_Idle_animation_2.uexp" 1612
"C:/Users/5000328/Documents/GitHub/MyProject-River/Content/Variant_TwinStick/Sprites/player/MaceImages/Mace_Idle_animation_2_Sprite.uasset" 1613
"C:/Users/5000328/Documents/GitHub/MyProject-River/Content/Variant_TwinStick/Sprites/player/MaceImages/Mace_Idle_animation_2_Sprite.uexp" 1614
"C:/Users/5000328/Documents/GitHub/MyProject-River/Content/Variant_TwinStick/Sprites/player/Anims/Player/Mace_Idle_animation1.uasset" 1615
"C:/Users/5000328/Documents/GitHub/MyProject-River/Content/Variant_TwinStick/Sprites/player/Anims/Player/Mace_Idle_animation1.uexp" 1616
"C:/Users/5000328/Documents/GitHub/MyProject-River/Content/Variant_TwinStick/Sprites/player/AnimSequences/MaceIdle.uasset" 1617
"C:/Users/5000328/Documents/GitHub/MyProject-River/Content/Variant_TwinStick/Sprites/player/AnimSequences/MaceIdle.uexp" 1618
"C:/Users/5000328/Documents/GitHub/MyProject-River/Content/Variant_TwinStick/Sprites/player/Anims/Player/Idle.uasset" 1619
"C:/Users/5000328/Documents/GitHub/MyProject-River/Content/Variant_TwinStick/Sprites/player/Anims/Player/Idle.uexp" 1620
"C:/Users/5000328/Documents/GitHub/MyProject-River/Content/Variant_TwinStick/Sprites/player/AnimSequences/Idle.uasset" 1621
"C:/Users/5000328/Documents/GitHub/MyProject-River/Content/Variant_TwinStick/Sprites/player/AnimSequences/Idle.uexp" 1622
"C:/Users/5000328/Documents/GitHub/MyProject-River/Content/Variant_TwinStick/Sprites/player/Hammerimgaes/Hammer_walking_animation_5.uasset" 1623
"C:/Users/5000328/Documents/GitHub/MyProject-River/Content/Variant_TwinStick/Sprites/player/Hammerimgaes/Hammer_walking_animation_5.uexp" 1624
"C:/Users/5000328/Documents/GitHub/MyProject-River/Content/Variant_TwinStick/Sprites/player/Hammerimgaes/Hammer_walking_animation_5_Sprite.uasset" 1625
"C:/Users/5000328/Documents/GitHub/MyProject-River/Content/Variant_TwinStick/Sprites/player/Hammerimgaes/Hammer_walking_animation_5_Sprite.uexp" 1626
"C:/Users/5000328/Documents/GitHub/MyProject-River/Content/Variant_TwinStick/Sprites/player/Hammerimgaes/Hammer_walking_animation_4.uasset" 1627
"C:/Users/5000328/Documents/GitHub/MyProject-River/Content/Variant_TwinStick/Sprites/player/Hammerimgaes/Hammer_walking_animation_4.uexp" 1628
"C:/Users/5000328/Documents/GitHub/MyProject-River/Content/Variant_TwinStick/Sprites/player/Hammerimgaes/Hammer_walking_animation_4_Sprite.uasset" 1629
"C:/Users/5000328/Documents/GitHub/MyProject-River/Content/Variant_TwinStick/Sprites/player/Hammerimgaes/Hammer_walking_animation_4_Sprite.uexp" 1630
"C:/Users/5000328/Documents/GitHub/MyProject-River/Content/Variant_TwinStick/Sprites/player/Hammerimgaes/Hammer_walking_animation_3.uasset" 1631
"C:/Users/5000328/Documents/GitHub/MyProject-River/Content/Variant_TwinStick/Sprites/player/Hammerimgaes/Hammer_walking_animation_3.uexp" 1632
"C:/Users/5000328/Documents/GitHub/MyProject-River/Content/Variant_TwinStick/Sprites/player/Hammerimgaes/Hammer_walking_animation_3_Sprite.uasset" 1633
"C:/Users/5000328/Documents/GitHub/MyProject-River/Content/Variant_TwinStick/Sprites/player/Hammerimgaes/Hammer_walking_animation_3_Sprite.uexp" 1634
"C:/Users/5000328/Documents/GitHub/MyProject-River/Content/Variant_TwinStick/Sprites/player/Hammerimgaes/Hammer_walking_animation_2.uasset" 1635
"C:/Users/5000328/Documents/GitHub/MyProject-River/Content/Variant_TwinStick/Sprites/player/Hammerimgaes/Hammer_walking_animation_2.uexp" 1636
"C:/Users/5000328/Documents/GitHub/MyProject-River/Content/Variant_TwinStick/Sprites/player/Hammerimgaes/Hammer_walking_animation_2_Sprite.uasset" 1637
"C:/Users/5000328/Documents/GitHub/MyProject-River/Content/Variant_TwinStick/Sprites/player/Hammerimgaes/Hammer_walking_animation_2_Sprite.uexp" 1638
"C:/Users/5000328/Documents/GitHub/MyProject-River/Content/Variant_TwinStick/Sprites/player/Anims/Player/Hammer_walking_animation1.uasset" 1639
"C:/Users/5000328/Documents/GitHub/MyProject-River/Content/Variant_TwinStick/Sprites/player/Anims/Player/Hammer_walking_animation1.uexp" 1640
"C:/Users/5000328/Documents/GitHub/MyProject-River/Content/Variant_TwinStick/Sprites/player/AnimSequences/HammerMovement.uasset" 1641
"C:/Users/5000328/Documents/GitHub/MyProject-River/Content/Variant_TwinStick/Sprites/player/AnimSequences/HammerMovement.uexp" 1642
"C:/Users/5000328/Documents/GitHub/MyProject-River/Content/Variant_TwinStick/Sprites/player/Hammerimgaes/Hammer_Idle_animation_3.uasset" 1643
"C:/Users/5000328/Documents/GitHub/MyProject-River/Content/Variant_TwinStick/Sprites/player/Hammerimgaes/Hammer_Idle_animation_3.uexp" 1644
"C:/Users/5000328/Documents/GitHub/MyProject-River/Content/Variant_TwinStick/Sprites/player/Hammerimgaes/Hammer_Idle_animation_3_Sprite.uasset" 1645
"C:/Users/5000328/Documents/GitHub/MyProject-River/Content/Variant_TwinStick/Sprites/player/Hammerimgaes/Hammer_Idle_animation_3_Sprite.uexp" 1646
"C:/Users/5000328/Documents/GitHub/MyProject-River/Content/Variant_TwinStick/Sprites/player/Hammerimgaes/Hammer_Idle_animation_2.uasset" 1647
"C:/Users/5000328/Documents/GitHub/MyProject-River/Content/Variant_TwinStick/Sprites/player/Hammerimgaes/Hammer_Idle_animation_2.uexp" 1648
"C:/Users/5000328/Documents/GitHub/MyProject-River/Content/Variant_TwinStick/Sprites/player/Hammerimgaes/Hammer_Idle_animation_2_Sprite.uasset" 1649
"C:/Users/5000328/Documents/GitHub/MyProject-River/Content/Variant_TwinStick/Sprites/player/Hammerimgaes/Hammer_Idle_animation_2_Sprite.uexp" 1650
"C:/Users/5000328/Documents/GitHub/MyProject-River/Content/Variant_TwinStick/Sprites/player/Anims/Player/Hammer_Idle_animation1.uasset" 1651
"C:/Users/5000328/Documents/GitHub/MyProject-River/Content/Variant_TwinStick/Sprites/player/Anims/Player/Hammer_Idle_animation1.uexp" 1652
"C:/Users/5000328/Documents/GitHub/MyProject-River/Content/Variant_TwinStick/Sprites/player/AnimSequences/HammerIdle.uasset" 1653
"C:/Users/5000328/Documents/GitHub/MyProject-River/Content/Variant_TwinStick/Sprites/player/AnimSequences/HammerIdle.uexp" 1654
"C:/Users/5000328/Documents/GitHub/MyProject-River/Content/Variant_TwinStick/Sprites/player/Daggerimages/Dagger_walking_animation_4.uasset" 1655
"C:/Users/5000328/Documents/GitHub/MyProject-River/Content/Variant_TwinStick/Sprites/player/Daggerimages/Dagger_walking_animation_4.uexp" 1656
"C:/Users/5000328/Documents/GitHub/MyProject-River/Content/Variant_TwinStick/Sprites/player/Daggerimages/Dagger_walking_animation_4_Sprite.uasset" 1657
"C:/Users/5000328/Documents/GitHub/MyProject-River/Content/Variant_TwinStick/Sprites/player/Daggerimages/Dagger_walking_animation_4_Sprite.uexp" 1658
"C:/Users/5000328/Documents/GitHub/MyProject-River/Content/Variant_TwinStick/Sprites/player/Daggerimages/Dagger_walking_animation_3.uasset" 1659
"C:/Users/5000328/Documents/GitHub/MyProject-River/Content/Variant_TwinStick/Sprites/player/Daggerimages/Dagger_walking_animation_3.uexp" 1660
"C:/Users/5000328/Documents/GitHub/MyProject-River/Content/Variant_TwinStick/Sprites/player/Daggerimages/Dagger_walking_animation_3_Sprite.uasset" 1661
"C:/Users/5000328/Documents/GitHub/MyProject-River/Content/Variant_TwinStick/Sprites/player/Daggerimages/Dagger_walking_animation_3_Sprite.uexp" 1662
"C:/Users/5000328/Documents/GitHub/MyProject-River/Content/Variant_TwinStick/Sprites/player/Daggerimages/Dagger_walking_animation_2.uasset" 1663
"C:/Users/5000328/Documents/GitHub/MyProject-River/Content/Variant_TwinStick/Sprites/player/Daggerimages/Dagger_walking_animation_2.uexp" 1664
"C:/Users/5000328/Documents/GitHub/MyProject-River/Content/Variant_TwinStick/Sprites/player/Daggerimages/Dagger_walking_animation_2_Sprite.uasset" 1665
"C:/Users/5000328/Documents/GitHub/MyProject-River/Content/Variant_TwinStick/Sprites/player/Daggerimages/Dagger_walking_animation_2_Sprite.uexp" 1666
"C:/Users/5000328/Documents/GitHub/MyProject-River/Content/Variant_TwinStick/Sprites/player/Anims/Player/Dagger_walking_animation.uasset" 1667
"C:/Users/5000328/Documents/GitHub/MyProject-River/Content/Variant_TwinStick/Sprites/player/Anims/Player/Dagger_walking_animation.uexp" 1668
"C:/Users/5000328/Documents/GitHub/MyProject-River/Content/Variant_TwinStick/Sprites/player/AnimSequences/DaggerMovement.uasset" 1669
"C:/Users/5000328/Documents/GitHub/MyProject-River/Content/Variant_TwinStick/Sprites/player/AnimSequences/DaggerMovement.uexp" 1670
"C:/Users/5000328/Documents/GitHub/MyProject-River/Content/Variant_TwinStick/Sprites/player/Daggerimages/Dagger_Idle_animation.uasset" 1671
"C:/Users/5000328/Documents/GitHub/MyProject-River/Content/Variant_TwinStick/Sprites/player/Daggerimages/Dagger_Idle_animation.uexp" 1672
"C:/Users/5000328/Documents/GitHub/MyProject-River/Content/Variant_TwinStick/Sprites/player/Daggerimages/Dagger_Idle_animation_Sprite.uasset" 1673
"C:/Users/5000328/Documents/GitHub/MyProject-River/Content/Variant_TwinStick/Sprites/player/Daggerimages/Dagger_Idle_animation_Sprite.uexp" 1674
"C:/Users/5000328/Documents/GitHub/MyProject-River/Content/Variant_TwinStick/Sprites/player/Daggerimages/Dagger_Idle_animation_2.uasset" 1675
"C:/Users/5000328/Documents/GitHub/MyProject-River/Content/Variant_TwinStick/Sprites/player/Daggerimages/Dagger_Idle_animation_2.uexp" 1676
"C:/Users/5000328/Documents/GitHub/MyProject-River/Content/Variant_TwinStick/Sprites/player/Daggerimages/Dagger_Idle_animation_2_Sprite.uasset" 1677
"C:/Users/5000328/Documents/GitHub/MyProject-River/Content/Variant_TwinStick/Sprites/player/Daggerimages/Dagger_Idle_animation_2_Sprite.uexp" 1678
"C:/Users/5000328/Documents/GitHub/MyProject-River/Content/Variant_TwinStick/Sprites/player/Anims/Player/Dagger_Idle_animation_Flipbook.uasset" 1679
"C:/Users/5000328/Documents/GitHub/MyProject-River/Content/Variant_TwinStick/Sprites/player/Anims/Player/Dagger_Idle_animation_Flipbook.uexp" 1680
"C:/Users/5000328/Documents/GitHub/MyProject-River/Content/Variant_TwinStick/Sprites/player/AnimSequences/DaggerIdle.uasset" 1681
"C:/Users/5000328/Documents/GitHub/MyProject-River/Content/Variant_TwinStick/Sprites/player/AnimSequences/DaggerIdle.uexp" 1682
"C:/Users/5000328/Documents/GitHub/MyProject-River/Content/Variant_TwinStick/Sprites/player/Axeimages/axe_walking_animation_4.uasset" 1683
"C:/Users/5000328/Documents/GitHub/MyProject-River/Content/Variant_TwinStick/Sprites/player/Axeimages/axe_walking_animation_4.uexp" 1684
"C:/Users/5000328/Documents/GitHub/MyProject-River/Content/Variant_TwinStick/Sprites/player/Axeimages/axe_walking_animation_4_Sprite.uasset" 1685
"C:/Users/5000328/Documents/GitHub/MyProject-River/Content/Variant_TwinStick/Sprites/player/Axeimages/axe_walking_animation_4_Sprite.uexp" 1686
"C:/Users/5000328/Documents/GitHub/MyProject-River/Content/Variant_TwinStick/Sprites/player/Axeimages/axe_walking_animation_3.uasset" 1687
"C:/Users/5000328/Documents/GitHub/MyProject-River/Content/Variant_TwinStick/Sprites/player/Axeimages/axe_walking_animation_3.uexp" 1688
"C:/Users/5000328/Documents/GitHub/MyProject-River/Content/Variant_TwinStick/Sprites/player/Axeimages/axe_walking_animation_3_Sprite.uasset" 1689
"C:/Users/5000328/Documents/GitHub/MyProject-River/Content/Variant_TwinStick/Sprites/player/Axeimages/axe_walking_animation_3_Sprite.uexp" 1690
"C:/Users/5000328/Documents/GitHub/MyProject-River/Content/Variant_TwinStick/Sprites/player/Axeimages/axe_walking_animation_2.uasset" 1691
"C:/Users/5000328/Documents/GitHub/MyProject-River/Content/Variant_TwinStick/Sprites/player/Axeimages/axe_walking_animation_2.uexp" 1692
"C:/Users/5000328/Documents/GitHub/MyProject-River/Content/Variant_TwinStick/Sprites/player/Axeimages/axe_walking_animation_2_Sprite.uasset" 1693
"C:/Users/5000328/Documents/GitHub/MyProject-River/Content/Variant_TwinStick/Sprites/player/Axeimages/axe_walking_animation_2_Sprite.uexp" 1694
"C:/Users/5000328/Documents/GitHub/MyProject-River/Content/Variant_TwinStick/Sprites/player/Anims/Player/axe_walking_animation1.uasset" 1695
"C:/Users/5000328/Documents/GitHub/MyProject-River/Content/Variant_TwinStick/Sprites/player/Anims/Player/axe_walking_animation1.uexp" 1696
"C:/Users/5000328/Documents/GitHub/MyProject-River/Content/Variant_TwinStick/Sprites/player/AnimSequences/AxeMovement.uasset" 1697
"C:/Users/5000328/Documents/GitHub/MyProject-River/Content/Variant_TwinStick/Sprites/player/AnimSequences/AxeMovement.uexp" 1698
"C:/Users/5000328/Documents/GitHub/MyProject-River/Content/Variant_TwinStick/Sprites/player/Axeimages/axe_idle_animation_.uasset" 1699
"C:/Users/5000328/Documents/GitHub/MyProject-River/Content/Variant_TwinStick/Sprites/player/Axeimages/axe_idle_animation_.uexp" 1700
"C:/Users/5000328/Documents/GitHub/MyProject-River/Content/Variant_TwinStick/Sprites/player/Axeimages/axe_idle_animation__Sprite.uasset" 1701
"C:/Users/5000328/Documents/GitHub/MyProject-River/Content/Variant_TwinStick/Sprites/player/Axeimages/axe_idle_animation__Sprite.uexp" 1702
"C:/Users/5000328/Documents/GitHub/MyProject-River/Content/Variant_TwinStick/Sprites/player/Axeimages/axe_idle_animation_2.uasset" 1703
"C:/Users/5000328/Documents/GitHub/MyProject-River/Content/Variant_TwinStick/Sprites/player/Axeimages/axe_idle_animation_2.uexp" 1704
"C:/Users/5000328/Documents/GitHub/MyProject-River/Content/Variant_TwinStick/Sprites/player/Axeimages/axe_idle_animation_2_Sprite1.uasset" 1705
"C:/Users/5000328/Documents/GitHub/MyProject-River/Content/Variant_TwinStick/Sprites/player/Axeimages/axe_idle_animation_2_Sprite1.uexp" 1706
"C:/Users/5000328/Documents/GitHub/MyProject-River/Content/Variant_TwinStick/Sprites/player/Anims/Player/axe_idle_animation_Flipbook.uasset" 1707
"C:/Users/5000328/Documents/GitHub/MyProject-River/Content/Variant_TwinStick/Sprites/player/Anims/Player/axe_idle_animation_Flipbook.uexp" 1708
"C:/Users/5000328/Documents/GitHub/MyProject-River/Content/Variant_TwinStick/Sprites/player/AnimSequences/AxeIdle.uasset" 1709
"C:/Users/5000328/Documents/GitHub/MyProject-River/Content/Variant_TwinStick/Sprites/player/AnimSequences/AxeIdle.uexp" 1710
"C:/Users/5000328/Documents/GitHub/MyProject-River/Content/Variant_TwinStick/Sprites/player/Unarmmed_Anims/unarmed_block_animation.uasset" 1711
"C:/Users/5000328/Documents/GitHub/MyProject-River/Content/Variant_TwinStick/Sprites/player/Unarmmed_Anims/unarmed_block_animation.uexp" 1712
"C:/Users/5000328/Documents/GitHub/MyProject-River/Content/Variant_TwinStick/Sprites/player/Unarmmed_Anims/unarmed_block_animation_Sprite.uasset" 1713
"C:/Users/5000328/Documents/GitHub/MyProject-River/Content/Variant_TwinStick/Sprites/player/Unarmmed_Anims/unarmed_block_animation_Sprite.uexp" 1714
"C:/Users/5000328/Documents/GitHub/MyProject-River/Content/Variant_TwinStick/Sprites/player/Unarmmed_Anims/unarmed_block_animation_6.uasset" 1715
"C:/Users/5000328/Documents/GitHub/MyProject-River/Content/Variant_TwinStick/Sprites/player/Unarmmed_Anims/unarmed_block_animation_6.uexp" 1716
"C:/Users/5000328/Documents/GitHub/MyProject-River/Content/Variant_TwinStick/Sprites/player/Unarmmed_Anims/unarmed_block_animation_6_Sprite.uasset" 1717
"C:/Users/5000328/Documents/GitHub/MyProject-River/Content/Variant_TwinStick/Sprites/player/Unarmmed_Anims/unarmed_block_animation_6_Sprite.uexp" 1718
"C:/Users/5000328/Documents/GitHub/MyProject-River/Content/Variant_TwinStick/Sprites/player/Unarmmed_Anims/unarmed_block_animation_5.uasset" 1719
"C:/Users/5000328/Documents/GitHub/MyProject-River/Content/Variant_TwinStick/Sprites/player/Unarmmed_Anims/unarmed_block_animation_5.uexp" 1720
"C:/Users/5000328/Documents/GitHub/MyProject-River/Content/Variant_TwinStick/Sprites/player/Unarmmed_Anims/unarmed_block_animation_5_Sprite.uasset" 1721
"C:/Users/5000328/Documents/GitHub/MyProject-River/Content/Variant_TwinStick/Sprites/player/Unarmmed_Anims/unarmed_block_animation_5_Sprite.uexp" 1722
"C:/Users/5000328/Documents/GitHub/MyProject-River/Content/Variant_TwinStick/Sprites/player/Unarmmed_Anims/unarmed_block_animation_4.uasset" 1723
"C:/Users/5000328/Documents/GitHub/MyProject-River/Content/Variant_TwinStick/Sprites/player/Unarmmed_Anims/unarmed_block_animation_4.uexp" 1724
"C:/Users/5000328/Documents/GitHub/MyProject-River/Content/Variant_TwinStick/Sprites/player/Unarmmed_Anims/unarmed_block_animation_4_Sprite.uasset" 1725
"C:/Users/5000328/Documents/GitHub/MyProject-River/Content/Variant_TwinStick/Sprites/player/Unarmmed_Anims/unarmed_block_animation_4_Sprite.uexp" 1726
"C:/Users/5000328/Documents/GitHub/MyProject-River/Content/Variant_TwinStick/Sprites/player/Unarmmed_Anims/unarmed_block_animation_3.uasset" 1727
"C:/Users/5000328/Documents/GitHub/MyProject-River/Content/Variant_TwinStick/Sprites/player/Unarmmed_Anims/unarmed_block_animation_3.uexp" 1728
"C:/Users/5000328/Documents/GitHub/MyProject-River/Content/Variant_TwinStick/Sprites/player/Unarmmed_Anims/unarmed_block_animation_3_Sprite.uasset" 1729
"C:/Users/5000328/Documents/GitHub/MyProject-River/Content/Variant_TwinStick/Sprites/player/Unarmmed_Anims/unarmed_block_animation_3_Sprite.uexp" 1730
"C:/Users/5000328/Documents/GitHub/MyProject-River/Content/Variant_TwinStick/Sprites/player/Unarmmed_Anims/unarmed_block_animation_2.uasset" 1731
"C:/Users/5000328/Documents/GitHub/MyProject-River/Content/Variant_TwinStick/Sprites/player/Unarmmed_Anims/unarmed_block_animation_2.uexp" 1732
"C:/Users/5000328/Documents/GitHub/MyProject-River/Content/Variant_TwinStick/Sprites/player/Unarmmed_Anims/unarmed_block_animation_2_Sprite.uasset" 1733
"C:/Users/5000328/Documents/GitHub/MyProject-River/Content/Variant_TwinStick/Sprites/player/Unarmmed_Anims/unarmed_block_animation_2_Sprite.uexp" 1734
"C:/Users/5000328/Documents/GitHub/MyProject-River/Content/Variant_TwinStick/Sprites/player/Unarmmed_Anims/unarmed_block_animation1.uasset" 1735
"C:/Users/5000328/Documents/GitHub/MyProject-River/Content/Variant_TwinStick/Sprites/player/Unarmmed_Anims/unarmed_block_animation1.uexp" 1736
"C:/Users/5000328/Documents/GitHub/MyProject-River/Content/Variant_TwinStick/Sprites/player/AnimSequences/AnimSequences/UnarmedBlock.uasset" 1737
"C:/Users/5000328/Documents/GitHub/MyProject-River/Content/Variant_TwinStick/Sprites/player/AnimSequences/AnimSequences/UnarmedBlock.uexp" 1738
"C:/Users/5000328/Documents/GitHub/MyProject-River/Content/Variant_TwinStick/Sprites/player/Unarmmed_Anims/unarmed_attack_animation.uasset" 1739
"C:/Users/5000328/Documents/GitHub/MyProject-River/Content/Variant_TwinStick/Sprites/player/Unarmmed_Anims/unarmed_attack_animation.uexp" 1740
"C:/Users/5000328/Documents/GitHub/MyProject-River/Content/Variant_TwinStick/Sprites/player/Unarmmed_Anims/unarmed_attack_animation_Sprite.uasset" 1741
"C:/Users/5000328/Documents/GitHub/MyProject-River/Content/Variant_TwinStick/Sprites/player/Unarmmed_Anims/unarmed_attack_animation_Sprite.uexp" 1742
"C:/Users/5000328/Documents/GitHub/MyProject-River/Content/Variant_TwinStick/Sprites/player/Unarmmed_Anims/unarmed_attack_animation_5.uasset" 1743
"C:/Users/5000328/Documents/GitHub/MyProject-River/Content/Variant_TwinStick/Sprites/player/Unarmmed_Anims/unarmed_attack_animation_5.uexp" 1744
"C:/Users/5000328/Documents/GitHub/MyProject-River/Content/Variant_TwinStick/Sprites/player/Unarmmed_Anims/unarmed_attack_animation_5_Sprite.uasset" 1745
"C:/Users/5000328/Documents/GitHub/MyProject-River/Content/Variant_TwinStick/Sprites/player/Unarmmed_Anims/unarmed_attack_animation_5_Sprite.uexp" 1746
"C:/Users/5000328/Documents/GitHub/MyProject-River/Content/Variant_TwinStick/Sprites/player/Unarmmed_Anims/unarmed_attack_animation_4.uasset" 1747
"C:/Users/5000328/Documents/GitHub/MyProject-River/Content/Variant_TwinStick/Sprites/player/Unarmmed_Anims/unarmed_attack_animation_4.uexp" 1748
"C:/Users/5000328/Documents/GitHub/MyProject-River/Content/Variant_TwinStick/Sprites/player/Unarmmed_Anims/unarmed_attack_animation_4_Sprite.uasset" 1749
"C:/Users/5000328/Documents/GitHub/MyProject-River/Content/Variant_TwinStick/Sprites/player/Unarmmed_Anims/unarmed_attack_animation_4_Sprite.uexp" 1750
"C:/Users/5000328/Documents/GitHub/MyProject-River/Content/Variant_TwinStick/Sprites/player/Unarmmed_Anims/unarmed_attack_animation_3.uasset" 1751
"C:/Users/5000328/Documents/GitHub/MyProject-River/Content/Variant_TwinStick/Sprites/player/Unarmmed_Anims/unarmed_attack_animation_3.uexp" 1752
"C:/Users/5000328/Documents/GitHub/MyProject-River/Content/Variant_TwinStick/Sprites/player/Unarmmed_Anims/unarmed_attack_animation_3_Sprite.uasset" 1753
"C:/Users/5000328/Documents/GitHub/MyProject-River/Content/Variant_TwinStick/Sprites/player/Unarmmed_Anims/unarmed_attack_animation_3_Sprite.uexp" 1754
"C:/Users/5000328/Documents/GitHub/MyProject-River/Content/Variant_TwinStick/Sprites/player/Unarmmed_Anims/unarmed_attack_animation_2.uasset" 1755
"C:/Users/5000328/Documents/GitHub/MyProject-River/Content/Variant_TwinStick/Sprites/player/Unarmmed_Anims/unarmed_attack_animation_2.uexp" 1756
"C:/Users/5000328/Documents/GitHub/MyProject-River/Content/Variant_TwinStick/Sprites/player/Unarmmed_Anims/unarmed_attack_animation_2_Sprite.uasset" 1757
"C:/Users/5000328/Documents/GitHub/MyProject-River/Content/Variant_TwinStick/Sprites/player/Unarmmed_Anims/unarmed_attack_animation_2_Sprite.uexp" 1758
"C:/Users/5000328/Documents/GitHub/MyProject-River/Content/Variant_TwinStick/Sprites/player/Unarmmed_Anims/unarmed_attack_animation1.uasset" 1759
"C:/Users/5000328/Documents/GitHub/MyProject-River/Content/Variant_TwinStick/Sprites/player/Unarmmed_Anims/unarmed_attack_animation1.uexp" 1760
"C:/Users/5000328/Documents/GitHub/MyProject-River/Content/Variant_TwinStick/Sprites/player/AnimSequences/AnimSequences/UnarmedAttack.uasset" 1761
"C:/Users/5000328/Documents/GitHub/MyProject-River/Content/Variant_TwinStick/Sprites/player/AnimSequences/AnimSequences/UnarmedAttack.uexp" 1762
"C:/Users/5000328/Documents/GitHub/MyProject-River/Content/Variant_TwinStick/Sprites/player/sword_block_animation/sword_block_animation_6.uasset" 1763
"C:/Users/5000328/Documents/GitHub/MyProject-River/Content/Variant_TwinStick/Sprites/player/sword_block_animation/sword_block_animation_6.uexp" 1764
"C:/Users/5000328/Documents/GitHub/MyProject-River/Content/Variant_TwinStick/Sprites/player/sword_block_animation/sword_block_animation_6_Sprite.uasset" 1765
"C:/Users/5000328/Documents/GitHub/MyProject-River/Content/Variant_TwinStick/Sprites/player/sword_block_animation/sword_block_animation_6_Sprite.uexp" 1766
"C:/Users/5000328/Documents/GitHub/MyProject-River/Content/Variant_TwinStick/Sprites/player/sword_block_animation/sword_block_animation_5.uasset" 1767
"C:/Users/5000328/Documents/GitHub/MyProject-River/Content/Variant_TwinStick/Sprites/player/sword_block_animation/sword_block_animation_5.uexp" 1768
"C:/Users/5000328/Documents/GitHub/MyProject-River/Content/Variant_TwinStick/Sprites/player/sword_block_animation/sword_block_animation_5_Sprite.uasset" 1769
"C:/Users/5000328/Documents/GitHub/MyProject-River/Content/Variant_TwinStick/Sprites/player/sword_block_animation/sword_block_animation_5_Sprite.uexp" 1770
"C:/Users/5000328/Documents/GitHub/MyProject-River/Content/Variant_TwinStick/Sprites/player/sword_block_animation/sword_block_animation_4.uasset" 1771
"C:/Users/5000328/Documents/GitHub/MyProject-River/Content/Variant_TwinStick/Sprites/player/sword_block_animation/sword_block_animation_4.uexp" 1772
"C:/Users/5000328/Documents/GitHub/MyProject-River/Content/Variant_TwinStick/Sprites/player/sword_block_animation/sword_block_animation_4_Sprite.uasset" 1773
"C:/Users/5000328/Documents/GitHub/MyProject-River/Content/Variant_TwinStick/Sprites/player/sword_block_animation/sword_block_animation_4_Sprite.uexp" 1774
"C:/Users/5000328/Documents/GitHub/MyProject-River/Content/Variant_TwinStick/Sprites/player/sword_block_animation/sword_block_animation_3.uasset" 1775
"C:/Users/5000328/Documents/GitHub/MyProject-River/Content/Variant_TwinStick/Sprites/player/sword_block_animation/sword_block_animation_3.uexp" 1776
"C:/Users/5000328/Documents/GitHub/MyProject-River/Content/Variant_TwinStick/Sprites/player/sword_block_animation/sword_block_animation_3_Sprite.uasset" 1777
"C:/Users/5000328/Documents/GitHub/MyProject-River/Content/Variant_TwinStick/Sprites/player/sword_block_animation/sword_block_animation_3_Sprite.uexp" 1778
"C:/Users/5000328/Documents/GitHub/MyProject-River/Content/Variant_TwinStick/Sprites/player/sword_block_animation/sword_block_animation_2.uasset" 1779
"C:/Users/5000328/Documents/GitHub/MyProject-River/Content/Variant_TwinStick/Sprites/player/sword_block_animation/sword_block_animation_2.uexp" 1780
"C:/Users/5000328/Documents/GitHub/MyProject-River/Content/Variant_TwinStick/Sprites/player/sword_block_animation/sword_block_animation_2_Sprite.uasset" 1781
"C:/Users/5000328/Documents/GitHub/MyProject-River/Content/Variant_TwinStick/Sprites/player/sword_block_animation/sword_block_animation_2_Sprite.uexp" 1782
"C:/Users/5000328/Documents/GitHub/MyProject-River/Content/Variant_TwinStick/Sprites/player/Anims/Player/sword_block_animation1.uasset" 1783
"C:/Users/5000328/Documents/GitHub/MyProject-River/Content/Variant_TwinStick/Sprites/player/Anims/Player/sword_block_animation1.uexp" 1784
"C:/Users/5000328/Documents/GitHub/MyProject-River/Content/Variant_TwinStick/Sprites/player/AnimSequences/AnimSequences/SwordBlock.uasset" 1785
"C:/Users/5000328/Documents/GitHub/MyProject-River/Content/Variant_TwinStick/Sprites/player/AnimSequences/AnimSequences/SwordBlock.uexp" 1786
"C:/Users/5000328/Documents/GitHub/MyProject-River/Content/Variant_TwinStick/Sprites/player/attacking_with_sword/attacking_with_sword_5.uasset" 1787
"C:/Users/5000328/Documents/GitHub/MyProject-River/Content/Variant_TwinStick/Sprites/player/attacking_with_sword/attacking_with_sword_5.uexp" 1788
"C:/Users/5000328/Documents/GitHub/MyProject-River/Content/Variant_TwinStick/Sprites/player/attacking_with_sword/attacking_with_sword_5_Sprite.uasset" 1789
"C:/Users/5000328/Documents/GitHub/MyProject-River/Content/Variant_TwinStick/Sprites/player/attacking_with_sword/attacking_with_sword_5_Sprite.uexp" 1790
"C:/Users/5000328/Documents/GitHub/MyProject-River/Content/Variant_TwinStick/Sprites/player/attacking_with_sword/attacking_with_sword_4.uasset" 1791
"C:/Users/5000328/Documents/GitHub/MyProject-River/Content/Variant_TwinStick/Sprites/player/attacking_with_sword/attacking_with_sword_4.uexp" 1792
"C:/Users/5000328/Documents/GitHub/MyProject-River/Content/Variant_TwinStick/Sprites/player/attacking_with_sword/attacking_with_sword_4_Sprite.uasset" 1793
"C:/Users/5000328/Documents/GitHub/MyProject-River/Content/Variant_TwinStick/Sprites/player/attacking_with_sword/attacking_with_sword_4_Sprite.uexp" 1794
"C:/Users/5000328/Documents/GitHub/MyProject-River/Content/Variant_TwinStick/Sprites/player/attacking_with_sword/attacking_with_sword_3.uasset" 1795
"C:/Users/5000328/Documents/GitHub/MyProject-River/Content/Variant_TwinStick/Sprites/player/attacking_with_sword/attacking_with_sword_3.uexp" 1796
"C:/Users/5000328/Documents/GitHub/MyProject-River/Content/Variant_TwinStick/Sprites/player/attacking_with_sword/attacking_with_sword_3_Sprite.uasset" 1797
"C:/Users/5000328/Documents/GitHub/MyProject-River/Content/Variant_TwinStick/Sprites/player/attacking_with_sword/attacking_with_sword_3_Sprite.uexp" 1798
"C:/Users/5000328/Documents/GitHub/MyProject-River/Content/Variant_TwinStick/Sprites/player/attacking_with_sword/attacking_with_sword_2.uasset" 1799
"C:/Users/5000328/Documents/GitHub/MyProject-River/Content/Variant_TwinStick/Sprites/player/attacking_with_sword/attacking_with_sword_2.uexp" 1800
"C:/Users/5000328/Documents/GitHub/MyProject-River/Content/Variant_TwinStick/Sprites/player/attacking_with_sword/attacking_with_sword_2_Sprite.uasset" 1801
"C:/Users/5000328/Documents/GitHub/MyProject-River/Content/Variant_TwinStick/Sprites/player/attacking_with_sword/attacking_with_sword_2_Sprite.uexp" 1802
"C:/Users/5000328/Documents/GitHub/MyProject-River/Content/Variant_TwinStick/Sprites/player/attacking_with_sword/attacking_with_sword_1.uasset" 1803
"C:/Users/5000328/Documents/GitHub/MyProject-River/Content/Variant_TwinStick/Sprites/player/attacking_with_sword/attacking_with_sword_1.uexp" 1804
"C:/Users/5000328/Documents/GitHub/MyProject-River/Content/Variant_TwinStick/Sprites/player/attacking_with_sword/attacking_with_sword_1_Sprite.uasset" 1805
"C:/Users/5000328/Documents/GitHub/MyProject-River/Content/Variant_TwinStick/Sprites/player/attacking_with_sword/attacking_with_sword_1_Sprite.uexp" 1806
"C:/Users/5000328/Documents/GitHub/MyProject-River/Content/Variant_TwinStick/Sprites/player/attacking_with_sword/attacking_with_sword.uasset" 1807
"C:/Users/5000328/Documents/GitHub/MyProject-River/Content/Variant_TwinStick/Sprites/player/attacking_with_sword/attacking_with_sword.uexp" 1808
"C:/Users/5000328/Documents/GitHub/MyProject-River/Content/Variant_TwinStick/Sprites/player/AnimSequences/AnimSequences/SwordAttack.uasset" 1809
"C:/Users/5000328/Documents/GitHub/MyProject-River/Content/Variant_TwinStick/Sprites/player/AnimSequences/AnimSequences/SwordAttack.uexp" 1810
"C:/Users/5000328/Documents/GitHub/MyProject-River/Content/Variant_TwinStick/Sprites/player/Spear_block_animation/Spear_block_animation_7.uasset" 1811
"C:/Users/5000328/Documents/GitHub/MyProject-River/Content/Variant_TwinStick/Sprites/player/Spear_block_animation/Spear_block_animation_7.uexp" 1812
"C:/Users/5000328/Documents/GitHub/MyProject-River/Content/Variant_TwinStick/Sprites/player/Spear_block_animation/Spear_block_animation_7_Sprite.uasset" 1813
"C:/Users/5000328/Documents/GitHub/MyProject-River/Content/Variant_TwinStick/Sprites/player/Spear_block_animation/Spear_block_animation_7_Sprite.uexp" 1814
"C:/Users/5000328/Documents/GitHub/MyProject-River/Content/Variant_TwinStick/Sprites/player/Spear_block_animation/Spear_block_animation_6.uasset" 1815
"C:/Users/5000328/Documents/GitHub/MyProject-River/Content/Variant_TwinStick/Sprites/player/Spear_block_animation/Spear_block_animation_6.uexp" 1816
"C:/Users/5000328/Documents/GitHub/MyProject-River/Content/Variant_TwinStick/Sprites/player/Spear_block_animation/Spear_block_animation_6_Sprite.uasset" 1817
"C:/Users/5000328/Documents/GitHub/MyProject-River/Content/Variant_TwinStick/Sprites/player/Spear_block_animation/Spear_block_animation_6_Sprite.uexp" 1818
"C:/Users/5000328/Documents/GitHub/MyProject-River/Content/Variant_TwinStick/Sprites/player/Spear_block_animation/Spear_block_animation_5.uasset" 1819
"C:/Users/5000328/Documents/GitHub/MyProject-River/Content/Variant_TwinStick/Sprites/player/Spear_block_animation/Spear_block_animation_5.uexp" 1820
"C:/Users/5000328/Documents/GitHub/MyProject-River/Content/Variant_TwinStick/Sprites/player/Spear_block_animation/Spear_block_animation_5_Sprite.uasset" 1821
"C:/Users/5000328/Documents/GitHub/MyProject-River/Content/Variant_TwinStick/Sprites/player/Spear_block_animation/Spear_block_animation_5_Sprite.uexp" 1822
"C:/Users/5000328/Documents/GitHub/MyProject-River/Content/Variant_TwinStick/Sprites/player/Spear_block_animation/Spear_block_animation_4.uasset" 1823
"C:/Users/5000328/Documents/GitHub/MyProject-River/Content/Variant_TwinStick/Sprites/player/Spear_block_animation/Spear_block_animation_4.uexp" 1824
"C:/Users/5000328/Documents/GitHub/MyProject-River/Content/Variant_TwinStick/Sprites/player/Spear_block_animation/Spear_block_animation_4_Sprite.uasset" 1825
"C:/Users/5000328/Documents/GitHub/MyProject-River/Content/Variant_TwinStick/Sprites/player/Spear_block_animation/Spear_block_animation_4_Sprite.uexp" 1826
"C:/Users/5000328/Documents/GitHub/MyProject-River/Content/Variant_TwinStick/Sprites/player/Spear_block_animation/Spear_block_animation_3.uasset" 1827
"C:/Users/5000328/Documents/GitHub/MyProject-River/Content/Variant_TwinStick/Sprites/player/Spear_block_animation/Spear_block_animation_3.uexp" 1828
"C:/Users/5000328/Documents/GitHub/MyProject-River/Content/Variant_TwinStick/Sprites/player/Spear_block_animation/Spear_block_animation_3_Sprite.uasset" 1829
"C:/Users/5000328/Documents/GitHub/MyProject-River/Content/Variant_TwinStick/Sprites/player/Spear_block_animation/Spear_block_animation_3_Sprite.uexp" 1830
"C:/Users/5000328/Documents/GitHub/MyProject-River/Content/Variant_TwinStick/Sprites/player/Spear_block_animation/Spear_block_animation_2.uasset" 1831
"C:/Users/5000328/Documents/GitHub/MyProject-River/Content/Variant_TwinStick/Sprites/player/Spear_block_animation/Spear_block_animation_2.uexp" 1832
"C:/Users/5000328/Documents/GitHub/MyProject-River/Content/Variant_TwinStick/Sprites/player/Spear_block_animation/Spear_block_animation_2_Sprite.uasset" 1833
"C:/Users/5000328/Documents/GitHub/MyProject-River/Content/Variant_TwinStick/Sprites/player/Spear_block_animation/Spear_block_animation_2_Sprite.uexp" 1834
"C:/Users/5000328/Documents/GitHub/MyProject-River/Content/Variant_TwinStick/Sprites/player/Anims/Player/Spear_block_animation1.uasset" 1835
"C:/Users/5000328/Documents/GitHub/MyProject-River/Content/Variant_TwinStick/Sprites/player/Anims/Player/Spear_block_animation1.uexp" 1836
"C:/Users/5000328/Documents/GitHub/MyProject-River/Content/Variant_TwinStick/Sprites/player/AnimSequences/AnimSequences/SpearBlock.uasset" 1837
"C:/Users/5000328/Documents/GitHub/MyProject-River/Content/Variant_TwinStick/Sprites/player/AnimSequences/AnimSequences/SpearBlock.uexp" 1838
"C:/Users/5000328/Documents/GitHub/MyProject-River/Content/Variant_TwinStick/Sprites/player/attacking_spear_animation/attacking_with_spear_3.uasset" 1839
"C:/Users/5000328/Documents/GitHub/MyProject-River/Content/Variant_TwinStick/Sprites/player/attacking_spear_animation/attacking_with_spear_3.uexp" 1840
"C:/Users/5000328/Documents/GitHub/MyProject-River/Content/Variant_TwinStick/Sprites/player/attacking_spear_animation/attacking_with_spear_3_Sprite.uasset" 1841
"C:/Users/5000328/Documents/GitHub/MyProject-River/Content/Variant_TwinStick/Sprites/player/attacking_spear_animation/attacking_with_spear_3_Sprite.uexp" 1842
"C:/Users/5000328/Documents/GitHub/MyProject-River/Content/Variant_TwinStick/Sprites/player/attacking_spear_animation/attacking_with_spear_2.uasset" 1843
"C:/Users/5000328/Documents/GitHub/MyProject-River/Content/Variant_TwinStick/Sprites/player/attacking_spear_animation/attacking_with_spear_2.uexp" 1844
"C:/Users/5000328/Documents/GitHub/MyProject-River/Content/Variant_TwinStick/Sprites/player/attacking_spear_animation/attacking_with_spear_2_Sprite.uasset" 1845
"C:/Users/5000328/Documents/GitHub/MyProject-River/Content/Variant_TwinStick/Sprites/player/attacking_spear_animation/attacking_with_spear_2_Sprite.uexp" 1846
"C:/Users/5000328/Documents/GitHub/MyProject-River/Content/Variant_TwinStick/Sprites/player/attacking_spear_animation/attacking_with_spear_1.uasset" 1847
"C:/Users/5000328/Documents/GitHub/MyProject-River/Content/Variant_TwinStick/Sprites/player/attacking_spear_animation/attacking_with_spear_1.uexp" 1848
"C:/Users/5000328/Documents/GitHub/MyProject-River/Content/Variant_TwinStick/Sprites/player/attacking_spear_animation/attacking_with_spear_1_Sprite.uasset" 1849
"C:/Users/5000328/Documents/GitHub/MyProject-River/Content/Variant_TwinStick/Sprites/player/attacking_spear_animation/attacking_with_spear_1_Sprite.uexp" 1850
"C:/Users/5000328/Documents/GitHub/MyProject-River/Content/Variant_TwinStick/Sprites/player/Anims/Player/attacking_with_spear.uasset" 1851
"C:/Users/5000328/Documents/GitHub/MyProject-River/Content/Variant_TwinStick/Sprites/player/Anims/Player/attacking_with_spear.uexp" 1852
"C:/Users/5000328/Documents/GitHub/MyProject-River/Content/Variant_TwinStick/Sprites/player/AnimSequences/AnimSequences/SpearAttack.uasset" 1853
"C:/Users/5000328/Documents/GitHub/MyProject-River/Content/Variant_TwinStick/Sprites/player/AnimSequences/AnimSequences/SpearAttack.uexp" 1854
"C:/Users/5000328/Documents/GitHub/MyProject-River/Content/Variant_TwinStick/Sprites/player/Mace_Block_animation/Mace_block_animation_7.uasset" 1855
"C:/Users/5000328/Documents/GitHub/MyProject-River/Content/Variant_TwinStick/Sprites/player/Mace_Block_animation/Mace_block_animation_7.uexp" 1856
"C:/Users/5000328/Documents/GitHub/MyProject-River/Content/Variant_TwinStick/Sprites/player/Mace_Block_animation/Mace_block_animation_7_Sprite.uasset" 1857
"C:/Users/5000328/Documents/GitHub/MyProject-River/Content/Variant_TwinStick/Sprites/player/Mace_Block_animation/Mace_block_animation_7_Sprite.uexp" 1858
"C:/Users/5000328/Documents/GitHub/MyProject-River/Content/Variant_TwinStick/Sprites/player/Mace_Block_animation/Mace_block_animation_6.uasset" 1859
"C:/Users/5000328/Documents/GitHub/MyProject-River/Content/Variant_TwinStick/Sprites/player/Mace_Block_animation/Mace_block_animation_6.uexp" 1860
"C:/Users/5000328/Documents/GitHub/MyProject-River/Content/Variant_TwinStick/Sprites/player/Mace_Block_animation/Mace_block_animation_6_Sprite.uasset" 1861
"C:/Users/5000328/Documents/GitHub/MyProject-River/Content/Variant_TwinStick/Sprites/player/Mace_Block_animation/Mace_block_animation_6_Sprite.uexp" 1862
"C:/Users/5000328/Documents/GitHub/MyProject-River/Content/Variant_TwinStick/Sprites/player/Mace_Block_animation/Mace_block_animation_5.uasset" 1863
"C:/Users/5000328/Documents/GitHub/MyProject-River/Content/Variant_TwinStick/Sprites/player/Mace_Block_animation/Mace_block_animation_5.uexp" 1864
"C:/Users/5000328/Documents/GitHub/MyProject-River/Content/Variant_TwinStick/Sprites/player/Mace_Block_animation/Mace_block_animation_5_Sprite.uasset" 1865
"C:/Users/5000328/Documents/GitHub/MyProject-River/Content/Variant_TwinStick/Sprites/player/Mace_Block_animation/Mace_block_animation_5_Sprite.uexp" 1866
"C:/Users/5000328/Documents/GitHub/MyProject-River/Content/Variant_TwinStick/Sprites/player/Mace_Block_animation/Mace_block_animation_4.uasset" 1867
"C:/Users/5000328/Documents/GitHub/MyProject-River/Content/Variant_TwinStick/Sprites/player/Mace_Block_animation/Mace_block_animation_4.uexp" 1868
"C:/Users/5000328/Documents/GitHub/MyProject-River/Content/Variant_TwinStick/Sprites/player/Mace_Block_animation/Mace_block_animation_4_Sprite.uasset" 1869
"C:/Users/5000328/Documents/GitHub/MyProject-River/Content/Variant_TwinStick/Sprites/player/Mace_Block_animation/Mace_block_animation_4_Sprite.uexp" 1870
"C:/Users/5000328/Documents/GitHub/MyProject-River/Content/Variant_TwinStick/Sprites/player/Mace_Block_animation/Mace_block_animation_3.uasset" 1871
"C:/Users/5000328/Documents/GitHub/MyProject-River/Content/Variant_TwinStick/Sprites/player/Mace_Block_animation/Mace_block_animation_3.uexp" 1872
"C:/Users/5000328/Documents/GitHub/MyProject-River/Content/Variant_TwinStick/Sprites/player/Mace_Block_animation/Mace_block_animation_3_Sprite.uasset" 1873
"C:/Users/5000328/Documents/GitHub/MyProject-River/Content/Variant_TwinStick/Sprites/player/Mace_Block_animation/Mace_block_animation_3_Sprite.uexp" 1874
"C:/Users/5000328/Documents/GitHub/MyProject-River/Content/Variant_TwinStick/Sprites/player/Mace_Block_animation/Mace_block_animation_2.uasset" 1875
"C:/Users/5000328/Documents/GitHub/MyProject-River/Content/Variant_TwinStick/Sprites/player/Mace_Block_animation/Mace_block_animation_2.uexp" 1876
"C:/Users/5000328/Documents/GitHub/MyProject-River/Content/Variant_TwinStick/Sprites/player/Mace_Block_animation/Mace_block_animation_2_Sprite.uasset" 1877
"C:/Users/5000328/Documents/GitHub/MyProject-River/Content/Variant_TwinStick/Sprites/player/Mace_Block_animation/Mace_block_animation_2_Sprite.uexp" 1878
"C:/Users/5000328/Documents/GitHub/MyProject-River/Content/Variant_TwinStick/Sprites/player/Anims/Player/Mace_block_animation1.uasset" 1879
"C:/Users/5000328/Documents/GitHub/MyProject-River/Content/Variant_TwinStick/Sprites/player/Anims/Player/Mace_block_animation1.uexp" 1880
"C:/Users/5000328/Documents/GitHub/MyProject-River/Content/Variant_TwinStick/Sprites/player/AnimSequences/AnimSequences/Mace_Block.uasset" 1881
"C:/Users/5000328/Documents/GitHub/MyProject-River/Content/Variant_TwinStick/Sprites/player/AnimSequences/AnimSequences/Mace_Block.uexp" 1882
"C:/Users/5000328/Documents/GitHub/MyProject-River/Content/Variant_TwinStick/Sprites/player/attacking_with_mace_animation/attacking_with_mace_4.uasset" 1883
"C:/Users/5000328/Documents/GitHub/MyProject-River/Content/Variant_TwinStick/Sprites/player/attacking_with_mace_animation/attacking_with_mace_4.uexp" 1884
"C:/Users/5000328/Documents/GitHub/MyProject-River/Content/Variant_TwinStick/Sprites/player/attacking_with_mace_animation/attacking_with_mace_4_Sprite.uasset" 1885
"C:/Users/5000328/Documents/GitHub/MyProject-River/Content/Variant_TwinStick/Sprites/player/attacking_with_mace_animation/attacking_with_mace_4_Sprite.uexp" 1886
"C:/Users/5000328/Documents/GitHub/MyProject-River/Content/Variant_TwinStick/Sprites/player/attacking_with_mace_animation/attacking_with_mace_3.uasset" 1887
"C:/Users/5000328/Documents/GitHub/MyProject-River/Content/Variant_TwinStick/Sprites/player/attacking_with_mace_animation/attacking_with_mace_3.uexp" 1888
"C:/Users/5000328/Documents/GitHub/MyProject-River/Content/Variant_TwinStick/Sprites/player/attacking_with_mace_animation/attacking_with_mace_3_Sprite.uasset" 1889
"C:/Users/5000328/Documents/GitHub/MyProject-River/Content/Variant_TwinStick/Sprites/player/attacking_with_mace_animation/attacking_with_mace_3_Sprite.uexp" 1890
"C:/Users/5000328/Documents/GitHub/MyProject-River/Content/Variant_TwinStick/Sprites/player/attacking_with_mace_animation/attacking_with_mace_2.uasset" 1891
"C:/Users/5000328/Documents/GitHub/MyProject-River/Content/Variant_TwinStick/Sprites/player/attacking_with_mace_animation/attacking_with_mace_2.uexp" 1892
"C:/Users/5000328/Documents/GitHub/MyProject-River/Content/Variant_TwinStick/Sprites/player/attacking_with_mace_animation/attacking_with_mace_2_Sprite.uasset" 1893
"C:/Users/5000328/Documents/GitHub/MyProject-River/Content/Variant_TwinStick/Sprites/player/attacking_with_mace_animation/attacking_with_mace_2_Sprite.uexp" 1894
"C:/Users/5000328/Documents/GitHub/MyProject-River/Content/Variant_TwinStick/Sprites/player/attacking_with_mace_animation/attacking_with_mace_1.uasset" 1895
"C:/Users/5000328/Documents/GitHub/MyProject-River/Content/Variant_TwinStick/Sprites/player/attacking_with_mace_animation/attacking_with_mace_1.uexp" 1896
"C:/Users/5000328/Documents/GitHub/MyProject-River/Content/Variant_TwinStick/Sprites/player/attacking_with_mace_animation/attacking_with_mace_1_Sprite.uasset" 1897
"C:/Users/5000328/Documents/GitHub/MyProject-River/Content/Variant_TwinStick/Sprites/player/attacking_with_mace_animation/attacking_with_mace_1_Sprite.uexp" 1898
"C:/Users/5000328/Documents/GitHub/MyProject-River/Content/Variant_TwinStick/Sprites/player/Anims/Player/attacking_with_mace.uasset" 1899
"C:/Users/5000328/Documents/GitHub/MyProject-River/Content/Variant_TwinStick/Sprites/player/Anims/Player/attacking_with_mace.uexp" 1900
"C:/Users/5000328/Documents/GitHub/MyProject-River/Content/Variant_TwinStick/Sprites/player/AnimSequences/AnimSequences/MaceAttack.uasset" 1901
"C:/Users/5000328/Documents/GitHub/MyProject-River/Content/Variant_TwinStick/Sprites/player/AnimSequences/AnimSequences/MaceAttack.uexp" 1902
"C:/Users/5000328/Documents/GitHub/MyProject-River/Content/Variant_TwinStick/Sprites/player/Hammer_block_animation/Hammer_block_animation_5.uasset" 1903
"C:/Users/5000328/Documents/GitHub/MyProject-River/Content/Variant_TwinStick/Sprites/player/Hammer_block_animation/Hammer_block_animation_5.uexp" 1904
"C:/Users/5000328/Documents/GitHub/MyProject-River/Content/Variant_TwinStick/Sprites/player/Hammer_block_animation/Hammer_block_animation_5_Sprite.uasset" 1905
"C:/Users/5000328/Documents/GitHub/MyProject-River/Content/Variant_TwinStick/Sprites/player/Hammer_block_animation/Hammer_block_animation_5_Sprite.uexp" 1906
"C:/Users/5000328/Documents/GitHub/MyProject-River/Content/Variant_TwinStick/Sprites/player/Hammer_block_animation/Hammer_block_animation_4.uasset" 1907
"C:/Users/5000328/Documents/GitHub/MyProject-River/Content/Variant_TwinStick/Sprites/player/Hammer_block_animation/Hammer_block_animation_4.uexp" 1908
"C:/Users/5000328/Documents/GitHub/MyProject-River/Content/Variant_TwinStick/Sprites/player/Hammer_block_animation/Hammer_block_animation_4_Sprite.uasset" 1909
"C:/Users/5000328/Documents/GitHub/MyProject-River/Content/Variant_TwinStick/Sprites/player/Hammer_block_animation/Hammer_block_animation_4_Sprite.uexp" 1910
"C:/Users/5000328/Documents/GitHub/MyProject-River/Content/Variant_TwinStick/Sprites/player/Hammer_block_animation/Hammer_block_animation_3.uasset" 1911
"C:/Users/5000328/Documents/GitHub/MyProject-River/Content/Variant_TwinStick/Sprites/player/Hammer_block_animation/Hammer_block_animation_3.uexp" 1912
"C:/Users/5000328/Documents/GitHub/MyProject-River/Content/Variant_TwinStick/Sprites/player/Hammer_block_animation/Hammer_block_animation_3_Sprite.uasset" 1913
"C:/Users/5000328/Documents/GitHub/MyProject-River/Content/Variant_TwinStick/Sprites/player/Hammer_block_animation/Hammer_block_animation_3_Sprite.uexp" 1914
"C:/Users/5000328/Documents/GitHub/MyProject-River/Content/Variant_TwinStick/Sprites/player/Hammer_block_animation/Hammer_block_animation_2.uasset" 1915
"C:/Users/5000328/Documents/GitHub/MyProject-River/Content/Variant_TwinStick/Sprites/player/Hammer_block_animation/Hammer_block_animation_2.uexp" 1916
"C:/Users/5000328/Documents/GitHub/MyProject-River/Content/Variant_TwinStick/Sprites/player/Hammer_block_animation/Hammer_block_animation_2_Sprite.uasset" 1917
"C:/Users/5000328/Documents/GitHub/MyProject-River/Content/Variant_TwinStick/Sprites/player/Hammer_block_animation/Hammer_block_animation_2_Sprite.uexp" 1918
"C:/Users/5000328/Documents/GitHub/MyProject-River/Content/Variant_TwinStick/Sprites/player/Anims/Player/Hammer_block_animation1.uasset" 1919
"C:/Users/5000328/Documents/GitHub/MyProject-River/Content/Variant_TwinStick/Sprites/player/Anims/Player/Hammer_block_animation1.uexp" 1920
"C:/Users/5000328/Documents/GitHub/MyProject-River/Content/Variant_TwinStick/Sprites/player/AnimSequences/AnimSequences/HammerBlock.uasset" 1921
"C:/Users/5000328/Documents/GitHub/MyProject-River/Content/Variant_TwinStick/Sprites/player/AnimSequences/AnimSequences/HammerBlock.uexp" 1922
"C:/Users/5000328/Documents/GitHub/MyProject-River/Content/Variant_TwinStick/Sprites/player/HammerAnims/Player/attacking_with_hammer_4.uasset" 1923
"C:/Users/5000328/Documents/GitHub/MyProject-River/Content/Variant_TwinStick/Sprites/player/HammerAnims/Player/attacking_with_hammer_4.uexp" 1924
"C:/Users/5000328/Documents/GitHub/MyProject-River/Content/Variant_TwinStick/Sprites/player/HammerAnims/Player/attacking_with_hammer_4_Sprite.uasset" 1925
"C:/Users/5000328/Documents/GitHub/MyProject-River/Content/Variant_TwinStick/Sprites/player/HammerAnims/Player/attacking_with_hammer_4_Sprite.uexp" 1926
"C:/Users/5000328/Documents/GitHub/MyProject-River/Content/Variant_TwinStick/Sprites/player/HammerAnims/Player/attacking_with_hammer_3.uasset" 1927
"C:/Users/5000328/Documents/GitHub/MyProject-River/Content/Variant_TwinStick/Sprites/player/HammerAnims/Player/attacking_with_hammer_3.uexp" 1928
"C:/Users/5000328/Documents/GitHub/MyProject-River/Content/Variant_TwinStick/Sprites/player/HammerAnims/Player/attacking_with_hammer_3_Sprite.uasset" 1929
"C:/Users/5000328/Documents/GitHub/MyProject-River/Content/Variant_TwinStick/Sprites/player/HammerAnims/Player/attacking_with_hammer_3_Sprite.uexp" 1930
"C:/Users/5000328/Documents/GitHub/MyProject-River/Content/Variant_TwinStick/Sprites/player/HammerAnims/Player/attacking_with_hammer_2.uasset" 1931
"C:/Users/5000328/Documents/GitHub/MyProject-River/Content/Variant_TwinStick/Sprites/player/HammerAnims/Player/attacking_with_hammer_2.uexp" 1932
"C:/Users/5000328/Documents/GitHub/MyProject-River/Content/Variant_TwinStick/Sprites/player/HammerAnims/Player/attacking_with_hammer_2_Sprite.uasset" 1933
"C:/Users/5000328/Documents/GitHub/MyProject-River/Content/Variant_TwinStick/Sprites/player/HammerAnims/Player/attacking_with_hammer_2_Sprite.uexp" 1934
"C:/Users/5000328/Documents/GitHub/MyProject-River/Content/Variant_TwinStick/Sprites/player/HammerAnims/Player/attacking_with_hammer_1.uasset" 1935
"C:/Users/5000328/Documents/GitHub/MyProject-River/Content/Variant_TwinStick/Sprites/player/HammerAnims/Player/attacking_with_hammer_1.uexp" 1936
"C:/Users/5000328/Documents/GitHub/MyProject-River/Content/Variant_TwinStick/Sprites/player/HammerAnims/Player/attacking_with_hammer_1_Sprite.uasset" 1937
"C:/Users/5000328/Documents/GitHub/MyProject-River/Content/Variant_TwinStick/Sprites/player/HammerAnims/Player/attacking_with_hammer_1_Sprite.uexp" 1938
"C:/Users/5000328/Documents/GitHub/MyProject-River/Content/Variant_TwinStick/Sprites/player/HammerAnims/Player/attacking_with_hammer.uasset" 1939
"C:/Users/5000328/Documents/GitHub/MyProject-River/Content/Variant_TwinStick/Sprites/player/HammerAnims/Player/attacking_with_hammer.uexp" 1940
"C:/Users/5000328/Documents/GitHub/MyProject-River/Content/Variant_TwinStick/Sprites/player/AnimSequences/AnimSequences/HammerAttack.uasset" 1941
"C:/Users/5000328/Documents/GitHub/MyProject-River/Content/Variant_TwinStick/Sprites/player/AnimSequences/AnimSequences/HammerAttack.uexp" 1942
"C:/Users/5000328/Documents/GitHub/MyProject-River/Content/Variant_TwinStick/Sprites/player/Dagger_block_animation/Dagger_block_animation.uasset" 1943
"C:/Users/5000328/Documents/GitHub/MyProject-River/Content/Variant_TwinStick/Sprites/player/Dagger_block_animation/Dagger_block_animation.uexp" 1944
"C:/Users/5000328/Documents/GitHub/MyProject-River/Content/Variant_TwinStick/Sprites/player/Dagger_block_animation/Dagger_block_animation_Sprite.uasset" 1945
"C:/Users/5000328/Documents/GitHub/MyProject-River/Content/Variant_TwinStick/Sprites/player/Dagger_block_animation/Dagger_block_animation_Sprite.uexp" 1946
"C:/Users/5000328/Documents/GitHub/MyProject-River/Content/Variant_TwinStick/Sprites/player/Dagger_block_animation/Dagger_block_animation_6.uasset" 1947
"C:/Users/5000328/Documents/GitHub/MyProject-River/Content/Variant_TwinStick/Sprites/player/Dagger_block_animation/Dagger_block_animation_6.uexp" 1948
"C:/Users/5000328/Documents/GitHub/MyProject-River/Content/Variant_TwinStick/Sprites/player/Dagger_block_animation/Dagger_block_animation_6_Sprite.uasset" 1949
"C:/Users/5000328/Documents/GitHub/MyProject-River/Content/Variant_TwinStick/Sprites/player/Dagger_block_animation/Dagger_block_animation_6_Sprite.uexp" 1950
"C:/Users/5000328/Documents/GitHub/MyProject-River/Content/Variant_TwinStick/Sprites/player/Dagger_block_animation/Dagger_block_animation_5.uasset" 1951
"C:/Users/5000328/Documents/GitHub/MyProject-River/Content/Variant_TwinStick/Sprites/player/Dagger_block_animation/Dagger_block_animation_5.uexp" 1952
"C:/Users/5000328/Documents/GitHub/MyProject-River/Content/Variant_TwinStick/Sprites/player/Dagger_block_animation/Dagger_block_animation_5_Sprite.uasset" 1953
"C:/Users/5000328/Documents/GitHub/MyProject-River/Content/Variant_TwinStick/Sprites/player/Dagger_block_animation/Dagger_block_animation_5_Sprite.uexp" 1954
"C:/Users/5000328/Documents/GitHub/MyProject-River/Content/Variant_TwinStick/Sprites/player/Dagger_block_animation/Dagger_block_animation_4.uasset" 1955
"C:/Users/5000328/Documents/GitHub/MyProject-River/Content/Variant_TwinStick/Sprites/player/Dagger_block_animation/Dagger_block_animation_4.uexp" 1956
"C:/Users/5000328/Documents/GitHub/MyProject-River/Content/Variant_TwinStick/Sprites/player/Dagger_block_animation/Dagger_block_animation_4_Sprite.uasset" 1957
"C:/Users/5000328/Documents/GitHub/MyProject-River/Content/Variant_TwinStick/Sprites/player/Dagger_block_animation/Dagger_block_animation_4_Sprite.uexp" 1958
"C:/Users/5000328/Documents/GitHub/MyProject-River/Content/Variant_TwinStick/Sprites/player/Dagger_block_animation/Dagger_block_animation_3.uasset" 1959
"C:/Users/5000328/Documents/GitHub/MyProject-River/Content/Variant_TwinStick/Sprites/player/Dagger_block_animation/Dagger_block_animation_3.uexp" 1960
"C:/Users/5000328/Documents/GitHub/MyProject-River/Content/Variant_TwinStick/Sprites/player/Dagger_block_animation/Dagger_block_animation_3_Sprite.uasset" 1961
"C:/Users/5000328/Documents/GitHub/MyProject-River/Content/Variant_TwinStick/Sprites/player/Dagger_block_animation/Dagger_block_animation_3_Sprite.uexp" 1962
"C:/Users/5000328/Documents/GitHub/MyProject-River/Content/Variant_TwinStick/Sprites/player/Dagger_block_animation/Dagger_block_animation_2.uasset" 1963
"C:/Users/5000328/Documents/GitHub/MyProject-River/Content/Variant_TwinStick/Sprites/player/Dagger_block_animation/Dagger_block_animation_2.uexp" 1964
"C:/Users/5000328/Documents/GitHub/MyProject-River/Content/Variant_TwinStick/Sprites/player/Dagger_block_animation/Dagger_block_animation_2_Sprite.uasset" 1965
"C:/Users/5000328/Documents/GitHub/MyProject-River/Content/Variant_TwinStick/Sprites/player/Dagger_block_animation/Dagger_block_animation_2_Sprite.uexp" 1966
"C:/Users/5000328/Documents/GitHub/MyProject-River/Content/Variant_TwinStick/Sprites/player/Anims/Player/Dagger_block_animation1.uasset" 1967
"C:/Users/5000328/Documents/GitHub/MyProject-River/Content/Variant_TwinStick/Sprites/player/Anims/Player/Dagger_block_animation1.uexp" 1968
"C:/Users/5000328/Documents/GitHub/MyProject-River/Content/Variant_TwinStick/Sprites/player/AnimSequences/AnimSequences/DaggerBlock.uasset" 1969
"C:/Users/5000328/Documents/GitHub/MyProject-River/Content/Variant_TwinStick/Sprites/player/AnimSequences/AnimSequences/DaggerBlock.uexp" 1970
"C:/Users/5000328/Documents/GitHub/MyProject-River/Content/Variant_TwinStick/Sprites/player/Attacking_with_dagger_animation/attacking_with_dagger_5.uasset" 1971
"C:/Users/5000328/Documents/GitHub/MyProject-River/Content/Variant_TwinStick/Sprites/player/Attacking_with_dagger_animation/attacking_with_dagger_5.uexp" 1972
"C:/Users/5000328/Documents/GitHub/MyProject-River/Content/Variant_TwinStick/Sprites/player/Attacking_with_dagger_animation/attacking_with_dagger_5_Sprite.uasset" 1973
"C:/Users/5000328/Documents/GitHub/MyProject-River/Content/Variant_TwinStick/Sprites/player/Attacking_with_dagger_animation/attacking_with_dagger_5_Sprite.uexp" 1974
"C:/Users/5000328/Documents/GitHub/MyProject-River/Content/Variant_TwinStick/Sprites/player/Attacking_with_dagger_animation/attacking_with_dagger_4.uasset" 1975
"C:/Users/5000328/Documents/GitHub/MyProject-River/Content/Variant_TwinStick/Sprites/player/Attacking_with_dagger_animation/attacking_with_dagger_4.uexp" 1976
"C:/Users/5000328/Documents/GitHub/MyProject-River/Content/Variant_TwinStick/Sprites/player/Attacking_with_dagger_animation/attacking_with_dagger_4_Sprite.uasset" 1977
"C:/Users/5000328/Documents/GitHub/MyProject-River/Content/Variant_TwinStick/Sprites/player/Attacking_with_dagger_animation/attacking_with_dagger_4_Sprite.uexp" 1978
"C:/Users/5000328/Documents/GitHub/MyProject-River/Content/Variant_TwinStick/Sprites/player/Attacking_with_dagger_animation/attacking_with_dagger_3.uasset" 1979
"C:/Users/5000328/Documents/GitHub/MyProject-River/Content/Variant_TwinStick/Sprites/player/Attacking_with_dagger_animation/attacking_with_dagger_3.uexp" 1980
"C:/Users/5000328/Documents/GitHub/MyProject-River/Content/Variant_TwinStick/Sprites/player/Attacking_with_dagger_animation/attacking_with_dagger_3_Sprite.uasset" 1981
"C:/Users/5000328/Documents/GitHub/MyProject-River/Content/Variant_TwinStick/Sprites/player/Attacking_with_dagger_animation/attacking_with_dagger_3_Sprite.uexp" 1982
"C:/Users/5000328/Documents/GitHub/MyProject-River/Content/Variant_TwinStick/Sprites/player/Attacking_with_dagger_animation/attacking_with_dagger_2.uasset" 1983
"C:/Users/5000328/Documents/GitHub/MyProject-River/Content/Variant_TwinStick/Sprites/player/Attacking_with_dagger_animation/attacking_with_dagger_2.uexp" 1984
"C:/Users/5000328/Documents/GitHub/MyProject-River/Content/Variant_TwinStick/Sprites/player/Attacking_with_dagger_animation/attacking_with_dagger_2_Sprite.uasset" 1985
"C:/Users/5000328/Documents/GitHub/MyProject-River/Content/Variant_TwinStick/Sprites/player/Attacking_with_dagger_animation/attacking_with_dagger_2_Sprite.uexp" 1986
"C:/Users/5000328/Documents/GitHub/MyProject-River/Content/Variant_TwinStick/Sprites/player/Attacking_with_dagger_animation/attacking_with_dagger_1.uasset" 1987
"C:/Users/5000328/Documents/GitHub/MyProject-River/Content/Variant_TwinStick/Sprites/player/Attacking_with_dagger_animation/attacking_with_dagger_1.uexp" 1988
"C:/Users/5000328/Documents/GitHub/MyProject-River/Content/Variant_TwinStick/Sprites/player/Attacking_with_dagger_animation/attacking_with_dagger_1_Sprite.uasset" 1989
"C:/Users/5000328/Documents/GitHub/MyProject-River/Content/Variant_TwinStick/Sprites/player/Attacking_with_dagger_animation/attacking_with_dagger_1_Sprite.uexp" 1990
"C:/Users/5000328/Documents/GitHub/MyProject-River/Content/Variant_TwinStick/Sprites/player/Anims/Player/attacking_with_dagger.uasset" 1991
"C:/Users/5000328/Documents/GitHub/MyProject-River/Content/Variant_TwinStick/Sprites/player/Anims/Player/attacking_with_dagger.uexp" 1992
"C:/Users/5000328/Documents/GitHub/MyProject-River/Content/Variant_TwinStick/Sprites/player/AnimSequences/AnimSequences/DaggerAttack.uasset" 1993
"C:/Users/5000328/Documents/GitHub/MyProject-River/Content/Variant_TwinStick/Sprites/player/AnimSequences/AnimSequences/DaggerAttack.uexp" 1994
"C:/Users/5000328/Documents/GitHub/MyProject-River/Content/Variant_TwinStick/Sprites/player/Axeimages/axe_block_animation_5.uasset" 1995
"C:/Users/5000328/Documents/GitHub/MyProject-River/Content/Variant_TwinStick/Sprites/player/Axeimages/axe_block_animation_5.uexp" 1996
"C:/Users/5000328/Documents/GitHub/MyProject-River/Content/Variant_TwinStick/Sprites/player/Axeimages/axe_block_animation_5_Sprite.uasset" 1997
"C:/Users/5000328/Documents/GitHub/MyProject-River/Content/Variant_TwinStick/Sprites/player/Axeimages/axe_block_animation_5_Sprite.uexp" 1998
"C:/Users/5000328/Documents/GitHub/MyProject-River/Content/Variant_TwinStick/Sprites/player/Axeimages/axe_block_animation_4.uasset" 1999
"C:/Users/5000328/Documents/GitHub/MyProject-River/Content/Variant_TwinStick/Sprites/player/Axeimages/axe_block_animation_4.uexp" 2000
"C:/Users/5000328/Documents/GitHub/MyProject-River/Content/Variant_TwinStick/Sprites/player/Axeimages/axe_block_animation_4_Sprite.uasset" 2001
"C:/Users/5000328/Documents/GitHub/MyProject-River/Content/Variant_TwinStick/Sprites/player/Axeimages/axe_block_animation_4_Sprite.uexp" 2002
"C:/Users/5000328/Documents/GitHub/MyProject-River/Content/Variant_TwinStick/Sprites/player/Axeimages/axe_block_animation_3.uasset" 2003
"C:/Users/5000328/Documents/GitHub/MyProject-River/Content/Variant_TwinStick/Sprites/player/Axeimages/axe_block_animation_3.uexp" 2004
"C:/Users/5000328/Documents/GitHub/MyProject-River/Content/Variant_TwinStick/Sprites/player/Axeimages/axe_block_animation_3_Sprite.uasset" 2005
"C:/Users/5000328/Documents/GitHub/MyProject-River/Content/Variant_TwinStick/Sprites/player/Axeimages/axe_block_animation_3_Sprite.uexp" 2006
"C:/Users/5000328/Documents/GitHub/MyProject-River/Content/Variant_TwinStick/Sprites/player/Axeimages/axe_block_animation_2.uasset" 2007
"C:/Users/5000328/Documents/GitHub/MyProject-River/Content/Variant_TwinStick/Sprites/player/Axeimages/axe_block_animation_2.uexp" 2008
"C:/Users/5000328/Documents/GitHub/MyProject-River/Content/Variant_TwinStick/Sprites/player/Axeimages/axe_block_animation_2_Sprite.uasset" 2009
"C:/Users/5000328/Documents/GitHub/MyProject-River/Content/Variant_TwinStick/Sprites/player/Axeimages/axe_block_animation_2_Sprite.uexp" 2010
"C:/Users/5000328/Documents/GitHub/MyProject-River/Content/Variant_TwinStick/Sprites/player/Axeimages/axe_block_animation1.uasset" 2011
"C:/Users/5000328/Documents/GitHub/MyProject-River/Content/Variant_TwinStick/Sprites/player/Axeimages/axe_block_animation1.uexp" 2012
"C:/Users/5000328/Documents/GitHub/MyProject-River/Content/Variant_TwinStick/Sprites/player/AnimSequences/AnimSequences/AxeBlock.uasset" 2013
"C:/Users/5000328/Documents/GitHub/MyProject-River/Content/Variant_TwinStick/Sprites/player/AnimSequences/AnimSequences/AxeBlock.uexp" 2014
"C:/Users/5000328/Documents/GitHub/MyProject-River/Content/Variant_TwinStick/Sprites/player/attacking_axe_animation/attacking_with_axe_6.uasset" 2015
"C:/Users/5000328/Documents/GitHub/MyProject-River/Content/Variant_TwinStick/Sprites/player/attacking_axe_animation/attacking_with_axe_6.uexp" 2016
"C:/Users/5000328/Documents/GitHub/MyProject-River/Content/Variant_TwinStick/Sprites/player/attacking_axe_animation/attacking_with_axe_6_Sprite.uasset" 2017
"C:/Users/5000328/Documents/GitHub/MyProject-River/Content/Variant_TwinStick/Sprites/player/attacking_axe_animation/attacking_with_axe_6_Sprite.uexp" 2018
"C:/Users/5000328/Documents/GitHub/MyProject-River/Content/Variant_TwinStick/Sprites/player/attacking_axe_animation/attacking_with_axe_5.uasset" 2019
"C:/Users/5000328/Documents/GitHub/MyProject-River/Content/Variant_TwinStick/Sprites/player/attacking_axe_animation/attacking_with_axe_5.uexp" 2020
"C:/Users/5000328/Documents/GitHub/MyProject-River/Content/Variant_TwinStick/Sprites/player/attacking_axe_animation/attacking_with_axe_5_Sprite.uasset" 2021
"C:/Users/5000328/Documents/GitHub/MyProject-River/Content/Variant_TwinStick/Sprites/player/attacking_axe_animation/attacking_with_axe_5_Sprite.uexp" 2022
"C:/Users/5000328/Documents/GitHub/MyProject-River/Content/Variant_TwinStick/Sprites/player/attacking_axe_animation/attacking_with_axe_4.uasset" 2023
"C:/Users/5000328/Documents/GitHub/MyProject-River/Content/Variant_TwinStick/Sprites/player/attacking_axe_animation/attacking_with_axe_4.uexp" 2024
"C:/Users/5000328/Documents/GitHub/MyProject-River/Content/Variant_TwinStick/Sprites/player/attacking_axe_animation/attacking_with_axe_4_Sprite.uasset" 2025
"C:/Users/5000328/Documents/GitHub/MyProject-River/Content/Variant_TwinStick/Sprites/player/attacking_axe_animation/attacking_with_axe_4_Sprite.uexp" 2026
"C:/Users/5000328/Documents/GitHub/MyProject-River/Content/Variant_TwinStick/Sprites/player/attacking_axe_animation/attacking_with_axe_3.uasset" 2027
"C:/Users/5000328/Documents/GitHub/MyProject-River/Content/Variant_TwinStick/Sprites/player/attacking_axe_animation/attacking_with_axe_3.uexp" 2028
"C:/Users/5000328/Documents/GitHub/MyProject-River/Content/Variant_TwinStick/Sprites/player/attacking_axe_animation/attacking_with_axe_3_Sprite.uasset" 2029
"C:/Users/5000328/Documents/GitHub/MyProject-River/Content/Variant_TwinStick/Sprites/player/attacking_axe_animation/attacking_with_axe_3_Sprite.uexp" 2030
"C:/Users/5000328/Documents/GitHub/MyProject-River/Content/Variant_TwinStick/Sprites/player/attacking_axe_animation/attacking_with_axe_2.uasset" 2031
"C:/Users/5000328/Documents/GitHub/MyProject-River/Content/Variant_TwinStick/Sprites/player/attacking_axe_animation/attacking_with_axe_2.uexp" 2032
"C:/Users/5000328/Documents/GitHub/MyProject-River/Content/Variant_TwinStick/Sprites/player/attacking_axe_animation/attacking_with_axe_2_Sprite.uasset" 2033
"C:/Users/5000328/Documents/GitHub/MyProject-River/Content/Variant_TwinStick/Sprites/player/attacking_axe_animation/attacking_with_axe_2_Sprite.uexp" 2034
"C:/Users/5000328/Documents/GitHub/MyProject-River/Content/Variant_TwinStick/Sprites/player/attacking_axe_animation/attacking_with_axe_1.uasset" 2035
"C:/Users/5000328/Documents/GitHub/MyProject-River/Content/Variant_TwinStick/Sprites/player/attacking_axe_animation/attacking_with_axe_1.uexp" 2036
"C:/Users/5000328/Documents/GitHub/MyProject-River/Content/Variant_TwinStick/Sprites/player/attacking_axe_animation/attacking_with_axe_1_Sprite.uasset" 2037
"C:/Users/5000328/Documents/GitHub/MyProject-River/Content/Variant_TwinStick/Sprites/player/attacking_axe_animation/attacking_with_axe_1_Sprite.uexp" 2038
"C:/Users/5000328/Documents/GitHub/MyProject-River/Content/Variant_TwinStick/Sprites/player/Anims/Player/attacking_with_axe.uasset" 2039
"C:/Users/5000328/Documents/GitHub/MyProject-River/Content/Variant_TwinStick/Sprites/player/Anims/Player/attacking_with_axe.uexp" 2040
"C:/Users/5000328/Documents/GitHub/MyProject-River/Content/Variant_TwinStick/Sprites/player/AnimSequences/AnimSequences/AxeAttack.uasset" 2041
"C:/Users/5000328/Documents/GitHub/MyProject-River/Content/Variant_TwinStick/Sprites/player/AnimSequences/AnimSequences/AxeAttack.uexp" 2042
"C:/Users/5000328/Documents/GitHub/MyProject-River/Content/Variant_TwinStick/Sprites/player/AnimSequences/MovemntMagic.uasset" 2043
"C:/Users/5000328/Documents/GitHub/MyProject-River/Content/Variant_TwinStick/Sprites/player/AnimSequences/MovemntMagic.uexp" 2044
"C:/Users/5000328/Documents/GitHub/MyProject-River/Content/Variant_TwinStick/Blueprints/BP_Punch.uasset" 2045
"C:/Users/5000328/Documents/GitHub/MyProject-River/Content/Variant_TwinStick/Blueprints/BP_Punch.uexp" 2046
"C:/Users/5000328/Documents/GitHub/MyProject-River/Content/Variant_TwinStick/Blueprints/BP_TwinStickCharacter.uasset" 2047
"C:/Users/5000328/Documents/GitHub/MyProject-River/Content/Variant_TwinStick/Blueprints/BP_TwinStickCharacter.uexp" 2048
"C:/Users/5000328/Documents/GitHub/MyProject-River/Content/LevelPrototyping/Meshes/SM_ChamferCube.ubulk" 2049
"C:/Users/5000328/Documents/GitHub/MyProject-River/Content/LevelPrototyping/Meshes/SM_ChamferCube.uasset" 2050
"C:/Users/5000328/Documents/GitHub/MyProject-River/Content/LevelPrototyping/Meshes/SM_ChamferCube.uexp" 2051
"C:/Users/5000328/Documents/GitHub/MyProject-River/Content/Variant_TwinStick/Object-Interactable.uasset" 2052
"C:/Users/5000328/Documents/GitHub/MyProject-River/Content/Variant_TwinStick/Object-Interactable.uexp" 2053
"../../../Engine/Content/Functions/Engine_MaterialFunctions01/Gradient/LinearGradient.uasset" 2054
"../../../Engine/Content/Functions/Engine_MaterialFunctions01/Gradient/LinearGradient.uexp" 2055
"../../../Engine/Content/Functions/Engine_MaterialFunctions01/ImageAdjustment/CheapContrast.uasset" 2056
"../../../Engine/Content/Functions/Engine_MaterialFunctions01/ImageAdjustment/CheapContrast.uexp" 2057
"C:/Users/5000328/Documents/GitHub/MyProject-River/Content/LevelPrototyping/Textures/T_GridChecker_A.ubulk" 2058
"C:/Users/5000328/Documents/GitHub/MyProject-River/Content/LevelPrototyping/Textures/T_GridChecker_A.uasset" 2059
"C:/Users/5000328/Documents/GitHub/MyProject-River/Content/LevelPrototyping/Textures/T_GridChecker_A.uexp" 2060
"C:/Users/5000328/Documents/GitHub/MyProject-River/Content/LevelPrototyping/Materials/MF_ProcGrid.uasset" 2061
"C:/Users/5000328/Documents/GitHub/MyProject-River/Content/LevelPrototyping/Materials/MF_ProcGrid.uexp" 2062
"C:/Users/5000328/Documents/GitHub/MyProject-River/Content/LevelPrototyping/Materials/M_PrototypeGrid.uasset" 2063
"C:/Users/5000328/Documents/GitHub/MyProject-River/Content/LevelPrototyping/Materials/M_PrototypeGrid.uexp" 2064
"C:/Users/5000328/Documents/GitHub/MyProject-River/Content/LevelPrototyping/Materials/MI_PrototypeGrid_Gray.uasset" 2065
"C:/Users/5000328/Documents/GitHub/MyProject-River/Content/LevelPrototyping/Materials/MI_PrototypeGrid_Gray.uexp" 2066
"C:/Users/5000328/Documents/GitHub/MyProject-River/Content/LevelPrototyping/Meshes/SM_QuarterCylinder.ubulk" 2067
"C:/Users/5000328/Documents/GitHub/MyProject-River/Content/LevelPrototyping/Meshes/SM_QuarterCylinder.uasset" 2068
"C:/Users/5000328/Documents/GitHub/MyProject-River/Content/LevelPrototyping/Meshes/SM_QuarterCylinder.uexp" 2069
"C:/Users/5000328/Documents/GitHub/MyProject-River/Content/LevelPrototyping/Meshes/SM_Cube.ubulk" 2070
"C:/Users/5000328/Documents/GitHub/MyProject-River/Content/LevelPrototyping/Meshes/SM_Cube.uasset" 2071
"C:/Users/5000328/Documents/GitHub/MyProject-River/Content/LevelPrototyping/Meshes/SM_Cube.uexp" 2072
"C:/Users/5000328/Documents/GitHub/MyProject-River/Content/LevelPrototyping/Materials/MI_PrototypeGrid_TopDark.uasset" 2073
"C:/Users/5000328/Documents/GitHub/MyProject-River/Content/LevelPrototyping/Materials/MI_PrototypeGrid_TopDark.uexp" 2074
"C:/Users/5000328/Documents/GitHub/MyProject-River/Content/Variant_TwinStick/LEVELS/TheLevelsThatArentTheGameplay/LVL_Upgrades-1.uexp" 2075
"C:/Users/5000328/Documents/GitHub/MyProject-River/Content/Variant_TwinStick/LEVELS/TheLevelsThatArentTheGameplay/LVL_Upgrades-1.umap" 2076
"C:/Users/5000328/Documents/GitHub/MyProject-River/Content/Variant_TwinStick/UI/WBP_Options.uasset" 2077
"C:/Users/5000328/Documents/GitHub/MyProject-River/Content/Variant_TwinStick/UI/WBP_Options.uexp" 2078
"C:/Users/5000328/Documents/GitHub/MyProject-River/Content/Variant_TwinStick/LEVELS/TheLevelsThatArentTheGameplay/LVL_OPTIONS.uexp" 2079
"C:/Users/5000328/Documents/GitHub/MyProject-River/Content/Variant_TwinStick/LEVELS/TheLevelsThatArentTheGameplay/LVL_OPTIONS.umap" 2080
"C:/Users/5000328/Documents/GitHub/MyProject-River/Content/Variant_TwinStick/UI/HiPaint_1768277912810.uasset" 2081
"C:/Users/5000328/Documents/GitHub/MyProject-River/Content/Variant_TwinStick/UI/HiPaint_1768277912810.uexp" 2082
"C:/Users/5000328/Documents/GitHub/MyProject-River/Content/Variant_TwinStick/UI/WBP_MAINMENU.uasset" 2083
"C:/Users/5000328/Documents/GitHub/MyProject-River/Content/Variant_TwinStick/UI/WBP_MAINMENU.uexp" 2084
"C:/Users/5000328/Documents/GitHub/MyProject-River/Content/Variant_TwinStick/LEVELS/TheLevelsThatArentTheGameplay/LVL_MAINMENU.uexp" 2085
"C:/Users/5000328/Documents/GitHub/MyProject-River/Content/Variant_TwinStick/LEVELS/TheLevelsThatArentTheGameplay/LVL_MAINMENU.umap" 2086
"C:/Users/5000328/Documents/GitHub/MyProject-River/Content/Variant_TwinStick/LEVELS/TheLevelsThatArentTheGameplay/CREDITS.uexp" 2087
"C:/Users/5000328/Documents/GitHub/MyProject-River/Content/Variant_TwinStick/LEVELS/TheLevelsThatArentTheGameplay/CREDITS.umap" 2088
"../../../Engine/Content/EngineSky/T_Sky_Stars.ubulk" 2089
"../../../Engine/Content/EngineSky/T_Sky_Stars.uasset" 2090
"../../../Engine/Content/EngineSky/T_Sky_Stars.uexp" 2091
"../../../Engine/Content/EngineSky/T_Sky_Clouds_M.ubulk" 2092
"../../../Engine/Content/EngineSky/T_Sky_Clouds_M.uasset" 2093
"../../../Engine/Content/EngineSky/T_Sky_Clouds_M.uexp" 2094
"../../../Engine/Content/EngineSky/T_Sky_Blue.ubulk" 2095
"../../../Engine/Content/EngineSky/T_Sky_Blue.uasset" 2096
"../../../Engine/Content/EngineSky/T_Sky_Blue.uexp" 2097
"../../../Engine/Content/EngineSky/M_Sky_Panning_Clouds2.uasset" 2098
"../../../Engine/Content/EngineSky/M_Sky_Panning_Clouds2.uexp" 2099
"../../../Engine/Content/EngineSky/SM_SkySphere.ubulk" 2100
"../../../Engine/Content/EngineSky/SM_SkySphere.uasset" 2101
"../../../Engine/Content/EngineSky/SM_SkySphere.uexp" 2102
"../../../Engine/Content/EngineSky/M_SimpleSkyDome.uasset" 2103
"../../../Engine/Content/EngineSky/M_SimpleSkyDome.uexp" 2104
"C:/Users/5000328/Documents/GitHub/MyProject-River/Content/Variant_TwinStick/Blueprints/AI/BP_TwinStickSpawner.uasset" 2105
"C:/Users/5000328/Documents/GitHub/MyProject-River/Content/Variant_TwinStick/Blueprints/AI/BP_TwinStickSpawner.uexp" 2106
"C:/Users/5000328/Documents/GitHub/MyProject-River/Content/Variant_TwinStick/LEVELS/NightVariant/LVL_TwinStick6Night.uexp" 2107
"C:/Users/5000328/Documents/GitHub/MyProject-River/Content/Variant_TwinStick/LEVELS/NightVariant/LVL_TwinStick6Night.umap" 2108
"C:/Users/5000328/Documents/GitHub/MyProject-River/Content/Variant_TwinStick/LEVELS/NightVariant/LVL_TwinStick5Night.uexp" 2109
"C:/Users/5000328/Documents/GitHub/MyProject-River/Content/Variant_TwinStick/LEVELS/NightVariant/LVL_TwinStick5Night.umap" 2110
"C:/Users/5000328/Documents/GitHub/MyProject-River/Content/Variant_TwinStick/LEVELS/NightVariant/LVL_TwinStick4Night.uexp" 2111
"C:/Users/5000328/Documents/GitHub/MyProject-River/Content/Variant_TwinStick/LEVELS/NightVariant/LVL_TwinStick4Night.umap" 2112
"C:/Users/5000328/Documents/GitHub/MyProject-River/Content/Variant_TwinStick/LEVELS/NightVariant/LVL_TwinStick3Night.uexp" 2113
"C:/Users/5000328/Documents/GitHub/MyProject-River/Content/Variant_TwinStick/LEVELS/NightVariant/LVL_TwinStick3Night.umap" 2114
"C:/Users/5000328/Documents/GitHub/MyProject-River/Content/Variant_TwinStick/LEVELS/NightVariant/LVL_TwinStick2Night.uexp" 2115
"C:/Users/5000328/Documents/GitHub/MyProject-River/Content/Variant_TwinStick/LEVELS/NightVariant/LVL_TwinStick2Night.umap" 2116
"C:/Users/5000328/Documents/GitHub/MyProject-River/Content/Variant_TwinStick/LEVELS/NightVariant/LVL_TwinStick1Night.uexp" 2117
"C:/Users/5000328/Documents/GitHub/MyProject-River/Content/Variant_TwinStick/LEVELS/NightVariant/LVL_TwinStick1Night.umap" 2118
"C:/Users/5000328/Documents/GitHub/MyProject-River/Content/Variant_TwinStick/LEVELS/NightVariant/LVL_TwinStick0Night.uexp" 2119
"C:/Users/5000328/Documents/GitHub/MyProject-River/Content/Variant_TwinStick/LEVELS/NightVariant/LVL_TwinStick0Night.umap" 2120
"C:/Users/5000328/Documents/GitHub/MyProject-River/Content/Variant_TwinStick/LEVELS/DayVariant/LVL_TwinStick7.uexp" 2121
"C:/Users/5000328/Documents/GitHub/MyProject-River/Content/Variant_TwinStick/LEVELS/DayVariant/LVL_TwinStick7.umap" 2122
"C:/Users/5000328/Documents/GitHub/MyProject-River/Content/Variant_TwinStick/LEVELS/DayVariant/LVL_TwinStick6.uexp" 2123
"C:/Users/5000328/Documents/GitHub/MyProject-River/Content/Variant_TwinStick/LEVELS/DayVariant/LVL_TwinStick6.umap" 2124
"C:/Users/5000328/Documents/GitHub/MyProject-River/Content/Variant_TwinStick/LEVELS/DayVariant/LVL_TwinStick5.uexp" 2125
"C:/Users/5000328/Documents/GitHub/MyProject-River/Content/Variant_TwinStick/LEVELS/DayVariant/LVL_TwinStick5.umap" 2126
"C:/Users/5000328/Documents/GitHub/MyProject-River/Content/Variant_TwinStick/LEVELS/DayVariant/LVL_TwinStick4.uexp" 2127
"C:/Users/5000328/Documents/GitHub/MyProject-River/Content/Variant_TwinStick/LEVELS/DayVariant/LVL_TwinStick4.umap" 2128
"C:/Users/5000328/Documents/GitHub/MyProject-River/Content/Variant_TwinStick/LEVELS/DayVariant/LVL_TwinStick3.uexp" 2129
"C:/Users/5000328/Documents/GitHub/MyProject-River/Content/Variant_TwinStick/LEVELS/DayVariant/LVL_TwinStick3.umap" 2130
"C:/Users/5000328/Documents/GitHub/MyProject-River/Content/Variant_TwinStick/LEVELS/DayVariant/LVL_TwinStick2.uexp" 2131
"C:/Users/5000328/Documents/GitHub/MyProject-River/Content/Variant_TwinStick/LEVELS/DayVariant/LVL_TwinStick2.umap" 2132
"C:/Users/5000328/Documents/GitHub/MyProject-River/Content/Variant_TwinStick/LEVELS/DayVariant/LVL_TwinStick1.uexp" 2133
"C:/Users/5000328/Documents/GitHub/MyProject-River/Content/Variant_TwinStick/LEVELS/DayVariant/LVL_TwinStick1.umap" 2134
"C:/Users/5000328/Documents/GitHub/MyProject-River/Content/Variant_TwinStick/LEVELS/DayVariant/LVL_TwinStick0.uexp" 2135
"C:/Users/5000328/Documents/GitHub/MyProject-River/Content/Variant_TwinStick/LEVELS/DayVariant/LVL_TwinStick0.umap" 2136
