"C:/Users/WenzinOL/Documents/GitHub/MyProject-River/ContractualGauntlet.uproject" 1
"../../../Engine/Plugins/AudioGameplay/AudioGameplay.uplugin" 2
"../../../Engine/Plugins/BlueprintFileUtils/BlueprintFileUtils.uplugin" 3
"../../../Engine/Plugins/AudioInsights/AudioInsights.uplugin" 4
"../../../Engine/Plugins/ChaosClothAssetEditor/ChaosClothAssetEditor.uplugin" 5
"../../../Engine/Plugins/ChaosVD/ChaosVD.uplugin" 6
"../../../Engine/Plugins/AudioGameplayVolume/AudioGameplayVolume.uplugin" 7
"../../../Engine/Plugins/FastBuildController/FastBuildController.uplugin" 8
"../../../Engine/Plugins/IoStoreInsights/IoStoreInsights.uplugin" 9
"../../../Engine/Plugins/EnhancedInput/EnhancedInput.uplugin" 10
"../../../Engine/Plugins/Chooser/Chooser.uplugin" 11
"../../../Engine/Plugins/CmdLinkServer/CmdLinkServer.uplugin" 12
"../../../Engine/Plugins/DiscoveryBeaconReceiver/DiscoveryBeaconReceiver.uplugin" 13
"../../../Engine/Plugins/ChaosCloth/ChaosCloth.uplugin" 14
"../../../Engine/Plugins/LightWeightInstancesEditor/LightWeightInstancesEditor.uplugin" 15
"../../../Engine/Plugins/ChaosClothAsset/ChaosClothAsset.uplugin" 16
"../../../Engine/Plugins/MassInsights/MassInsights.uplugin" 17
"../../../Engine/Plugins/MeshPainting/MeshPainting.uplugin" 18
"../../../Engine/Plugins/JsonBlueprintUtilities/JsonBlueprintUtilities.uplugin" 19
"../../../Engine/Plugins/Mutable/Mutable.uplugin" 20
"../../../Engine/Plugins/PCG/PCG.uplugin" 21
"../../../Engine/Plugins/MemoryUsageQueries/MemoryUsageQueries.uplugin" 22
"../../../Engine/Plugins/RenderGraphInsights/RenderGraphInsights.uplugin" 23
"../../../Engine/Plugins/TraceUtilities/TraceUtilities.uplugin" 24
"../../../Engine/Plugins/TextureGraph/TextureGraph.uplugin" 25
"../../../Engine/Plugins/ScriptPlugin/ScriptPlugin.uplugin" 26
"../../../Engine/Plugins/Compression/OodleNetwork/OodleNetwork.uplugin" 27
"../../../Engine/Plugins/XGEController/XGEController.uplugin" 28
"../../../Engine/Plugins/Enterprise/AxFImporter/AxFImporter.uplugin" 29
"../../../Engine/Plugins/Enterprise/DataprepEditor/DataprepEditor.uplugin" 30
"../../../Engine/Plugins/Enterprise/DatasmithContent/DatasmithContent.uplugin" 31
"../../../Engine/Plugins/Enterprise/DatasmithImporter/DatasmithImporter.uplugin" 32
"../../../Engine/Plugins/UbaController/UbaController.uplugin" 33
"../../../Engine/Plugins/WorldMetrics/WorldMetrics.uplugin" 34
"../../../Engine/Plugins/ChaosInsights/ChaosInsights.uplugin" 35
"../../../Engine/Plugins/Enterprise/DatasmithFBXImporter/DatasmithFBXImporter.uplugin" 36
"../../../Engine/Plugins/Enterprise/DatasmithCADImporter/DatasmithCADImporter.uplugin" 37
"../../../Engine/Plugins/Enterprise/GLTFExporter/GLTFExporter.uplugin" 38
"../../../Engine/Plugins/Enterprise/VariantManagerContent/VariantManagerContent.uplugin" 39
"../../../Engine/Plugins/FX/Cascade/Cascade.uplugin" 40
"../../../Engine/Plugins/FX/Niagara/Niagara.uplugin" 41
"../../../Engine/Plugins/FX/ExampleCustomDataInterface/ExampleCustomDataInterface.uplugin" 42
"../../../Engine/Plugins/Enterprise/DatasmithC4DImporter/DatasmithC4DImporter.uplugin" 43
"../../../Engine/Plugins/Enterprise/VariantManager/VariantManager.uplugin" 44
"../../../Engine/Plugins/FX/NiagaraMRQ/NiagaraMRQ.uplugin" 45
"../../../Engine/Plugins/Importers/AlembicHairImporter/AlembicHairImporter.uplugin" 46
"../../../Engine/Plugins/FX/CascadeToNiagaraConverter/CascadeToNiagaraConverter.uplugin" 47
"../../../Engine/Plugins/Importers/USDImporter/USDImporter.uplugin" 48
"../../../Engine/Plugins/Importers/AlembicImporter/AlembicImporter.uplugin" 49
"../../../Engine/Plugins/FX/NiagaraSimCaching/NiagaraSimCaching.uplugin" 50
"../../../Engine/Plugins/Importers/USDMultiUser/USDMultiUser.uplugin" 51
"../../../Engine/Plugins/Enterprise/LidarPointCloud/LidarPointCloud.uplugin" 52
"../../../Engine/Plugins/Importers/USDImporterMDL/USDImporterMDL.uplugin" 53
"../../../Engine/Plugins/Media/AjaMedia/AjaMedia.uplugin" 54
"../../../Engine/Plugins/Interchange/Editor/InterchangeEditor.uplugin" 55
"../../../Engine/Plugins/Enterprise/MDLImporter/MDLImporter.uplugin" 56
"../../../Engine/Plugins/Interchange/Assets/InterchangeAssets.uplugin" 57
"../../../Engine/Plugins/Media/AvfMedia/AvfMedia.uplugin" 58
"../../../Engine/Plugins/Media/AvidDNxHDDecoderElectra/AvidDNxHDDecoderElectra.uplugin" 59
"../../../Engine/Plugins/Media/AndroidMedia/AndroidMedia.uplugin" 60
"../../../Engine/Plugins/Media/BinkMedia/BinkMedia.uplugin" 61
"../../../Engine/Plugins/Interchange/Runtime/Interchange.uplugin" 62
"../../../Engine/Plugins/Media/AvidDNxMedia/AvidDNxMedia.uplugin" 63
"../../../Engine/Plugins/Media/AndroidCamera/AndroidCamera.uplugin" 64
"../../../Engine/Plugins/Media/ElectraCDM/ElectraCDM.uplugin" 65
"../../../Engine/Plugins/Media/AppleProResDecoderElectra/AppleProResDecoderElectra.uplugin" 66
"../../../Engine/Plugins/Media/D3D12VideoDecodersElectra/D3D12VideoDecodersElectra.uplugin" 67
"../../../Engine/Plugins/Media/AppleProResMedia/AppleProResMedia.uplugin" 68
"../../../Engine/Plugins/Media/ElectraCodecs/ElectraCodecs.uplugin" 69
"../../../Engine/Plugins/Media/AudioCaptureTimecodeProvider/AudioCaptureTimecodeProvider.uplugin" 70
"../../../Engine/Plugins/Media/ElectraPlayer/ElectraPlayer.uplugin" 71
"../../../Engine/Plugins/Media/ElectraUtil/ElectraUtil.uplugin" 72
"../../../Engine/Plugins/Media/BlackmagicMedia/BlackmagicMedia.uplugin" 73
"../../../Engine/Plugins/Media/ImgMedia/ImgMedia.uplugin" 74
"../../../Engine/Plugins/FX/NiagaraFluids/NiagaraFluids.uplugin" 75
"../../../Engine/Plugins/Media/LinearTimecode/LinearTimecode.uplugin" 76
"../../../Engine/Plugins/Media/MediaCompositing/MediaCompositing.uplugin" 77
"../../../Engine/Plugins/Media/ElectraSubtitles/ElectraSubtitles.uplugin" 78
"../../../Engine/Plugins/Media/MediaFrameworkUtilities/MediaFrameworkUtilities.uplugin" 79
"../../../Engine/Plugins/Media/MediaIOFramework/MediaIOFramework.uplugin" 80
"../../../Engine/Plugins/Media/HAPDecoderElectra/HAPDecoderElectra.uplugin" 81
"../../../Engine/Plugins/Media/FlacDecoderElectra/FlacDecoderElectra.uplugin" 82
"../../../Engine/Plugins/Media/HAPMedia/HAPMedia.uplugin" 83
"../../../Engine/Plugins/Media/HardwareEncoders/HardwareEncoders.uplugin" 84
"../../../Engine/Plugins/Media/NDIMedia/NDIMedia.uplugin" 85
"../../../Engine/Plugins/Media/TimecodeSynchronizer/TimecodeSynchronizer.uplugin" 86
"../../../Engine/Plugins/Media/PixelStreaming2/PixelStreaming2.uplugin" 87
"../../../Engine/Plugins/Media/MfMedia/MfMedia.uplugin" 88
"../../../Engine/Plugins/Media/MediaPlayerEditor/MediaPlayerEditor.uplugin" 89
"../../../Engine/Plugins/Media/PixelCapture/PixelCapture.uplugin" 90
"../../../Engine/Plugins/Media/MediaPlate/MediaPlate.uplugin" 91
"../../../Engine/Plugins/Media/WmfMedia/WmfMedia.uplugin" 92
"../../../Engine/Plugins/Media/PixelStreaming/PixelStreaming.uplugin" 93
"../../../Engine/Plugins/Media/OpusDecoderElectra/OpusDecoderElectra.uplugin" 94
"../../../Engine/Plugins/MetaHuman/MetaHumanCalibrationProcessing/MetaHumanCalibrationProcessing.uplugin" 95
"../../../Engine/Plugins/MetaHuman/MetaHumanLiveLink/MetaHumanLiveLink.uplugin" 96
"../../../Engine/Plugins/MetaHuman/MetaHumanAnimator/MetaHuman.uplugin" 97
"../../../Engine/Plugins/MetaHuman/MetaHumanCharacter/MetaHumanCharacter.uplugin" 98
"../../../Engine/Plugins/MetaHuman/MetaHumanSDK/MetaHumanSDK.uplugin" 99
"../../../Engine/Plugins/Media/VPxDecoderElectra/VPxDecoderElectra.uplugin" 100
"../../../Engine/Plugins/NetcodeUnitTest/NetcodeUnitTest/NetcodeUnitTest.uplugin" 101
"../../../Engine/Plugins/Media/MediaMovieStreamer/MediaMovieStreamer.uplugin" 102
"../../../Engine/Plugins/Media/WebMMedia/WebMMedia.uplugin" 103
"../../../Engine/Plugins/Online/EOSShared/EOSShared.uplugin" 104
"../../../Engine/Plugins/Online/EOSOverlayInputProvider/EOSOverlayInputProvider.uplugin" 105
"../../../Engine/Plugins/Online/OnlineFramework/OnlineFramework.uplugin" 106
"../../../Engine/Plugins/NetcodeUnitTest/NUTUnrealEngine/NUTUnrealEngine.uplugin" 107
"../../../Engine/Plugins/Online/OnlineServicesEOS/OnlineServicesEOS.uplugin" 108
"../../../Engine/Plugins/Online/OnlineServices/OnlineServices.uplugin" 109
"../../../Engine/Plugins/Online/OnlineServicesEpicCommon/OnlineServicesEpicCommon.uplugin" 110
"../../../Engine/Plugins/Online/OnlineServicesEOSGS/OnlineServicesEOSGS.uplugin" 111
"../../../Engine/Plugins/Online/OnlineServicesOSSAdapter/OnlineServicesOSSAdapter.uplugin" 112
"../../../Engine/Plugins/Online/OnlineSubsystem/OnlineSubsystem.uplugin" 113
"../../../Engine/Plugins/Online/OnlineServicesNull/OnlineServicesNull.uplugin" 114
"../../../Engine/Plugins/MetaHuman/MetaHumanCoreTechLib/MetaHumanCoreTech.uplugin" 115
"../../../Engine/Plugins/Online/OnlineSubsystemSteam/OnlineSubsystemSteam.uplugin" 116
"../../../Engine/Plugins/Online/OnlineBase/OnlineBase.uplugin" 117
"../../../Engine/Plugins/Online/OnlineSubsystemEOS/OnlineSubsystemEOS.uplugin" 118
"../../../Engine/Plugins/Online/OnlineSubsystemTencent/OnlineSubsystemTencent.uplugin" 119
"../../../Engine/Plugins/Online/OnlineSubsystemAmazon/OnlineSubsystemAmazon.uplugin" 120
"../../../Engine/Plugins/Online/OnlineSubsystemNull/OnlineSubsystemNull.uplugin" 121
"../../../Engine/Plugins/Online/OnlineSubsystemGoogle/OnlineSubsystemGoogle.uplugin" 122
"../../../Engine/Plugins/Online/OnlineSubsystemApple/OnlineSubsystemApple.uplugin" 123
"../../../Engine/Plugins/Online/WebAuth/WebAuth.uplugin" 124
"../../../Engine/Plugins/Online/OnlineSubsystemUtils/OnlineSubsystemUtils.uplugin" 125
"../../../Engine/Plugins/Protocols/MQTT/MQTT.uplugin" 126
"../../../Engine/Plugins/Online/SocketSubsystemSteamIP/SocketSubsystemSteamIP.uplugin" 127
"../../../Engine/Plugins/Slate/SlateScripting/SlateScripting.uplugin" 128
"../../../Engine/Plugins/Slate/SlateInsights/SlateInsights.uplugin" 129
"../../../Engine/Plugins/VirtualProduction/ActorModifier/ActorModifier.uplugin" 130
"../../../Engine/Plugins/VirtualProduction/ActorModifierCore/ActorModifierCore.uplugin" 131
"../../../Engine/Plugins/VirtualProduction/Avalanche/Avalanche.uplugin" 132
"../../../Engine/Plugins/Online/OnlineSubsystemFacebook/OnlineSubsystemFacebook.uplugin" 133
"../../../Engine/Plugins/VirtualProduction/CaptureData/CaptureData.uplugin" 134
"../../../Engine/Plugins/VirtualProduction/CameraCalibrationCore/CameraCalibrationCore.uplugin" 135
"../../../Engine/Plugins/VirtualProduction/CameraCalibrationML/CameraCalibrationML.uplugin" 136
"../../../Engine/Plugins/Online/SocketSubsystemEOS/SocketSubsystemEOS.uplugin" 137
"../../../Engine/Plugins/VirtualProduction/CompositePlane/CompositePlane.uplugin" 138
"../../../Engine/Plugins/VirtualProduction/ClonerEffector/ClonerEffector.uplugin" 139
"../../../Engine/Plugins/VirtualProduction/DataCharts/DataCharts.uplugin" 140
"../../../Engine/Plugins/VirtualProduction/CameraCalibration/CameraCalibration.uplugin" 141
"../../../Engine/Plugins/VirtualProduction/CustomDetailsView/CustomDetailsView.uplugin" 142
"../../../Engine/Plugins/VirtualProduction/ICVFXTesting/ICVFXTesting.uplugin" 143
"../../../Engine/Plugins/VirtualProduction/ICVFX/ICVFX.uplugin" 144
"../../../Engine/Plugins/VirtualProduction/LensComponent/LensComponent.uplugin" 145
"../../../Engine/Plugins/VirtualProduction/GeometryMask/GeometryMask.uplugin" 146
"../../../Engine/Plugins/VirtualProduction/CinematicAssemblyTools/CinematicAssemblyTools.uplugin" 147
"../../../Engine/Plugins/VirtualProduction/LiveLinkCamera/LiveLinkCamera.uplugin" 148
"../../../Engine/Plugins/VirtualProduction/LevelSnapshots/LevelSnapshots.uplugin" 149
"../../../Engine/Plugins/VirtualProduction/LiveLinkFreeD/LiveLinkFreeD.uplugin" 150
"../../../Engine/Plugins/VirtualProduction/LiveLinkLens/LiveLinkLens.uplugin" 151
"../../../Engine/Plugins/VirtualProduction/LiveLinkMasterLockit/LiveLinkMasterLockit.uplugin" 152
"../../../Engine/Plugins/VirtualProduction/LiveLinkInputDevice/LiveLinkInputDevice.uplugin" 153
"../../../Engine/Plugins/VirtualProduction/LiveLinkXR/LiveLinkXR.uplugin" 154
"../../../Engine/Plugins/VirtualProduction/LiveLinkPrestonMDR/LiveLinkPrestonMDR.uplugin" 155
"../../../Engine/Plugins/VirtualProduction/LiveLinkVRPN/LiveLinkVRPN.uplugin" 156
"../../../Engine/Plugins/VirtualProduction/MultiUserTakes/MultiUserTakes.uplugin" 157
"../../../Engine/Plugins/VirtualProduction/EpicStageApp/EpicStageApp.uplugin" 158
"../../../Engine/Plugins/VirtualProduction/OperatorStack/OperatorStack.uplugin" 159
"../../../Engine/Plugins/VirtualProduction/PropertyAnimator/PropertyAnimator.uplugin" 160
"../../../Engine/Plugins/VirtualProduction/RemoteControlProtocolMIDI/RemoteControlProtocolMIDI.uplugin" 161
"../../../Engine/Plugins/VirtualProduction/DynamicMaterial/DynamicMaterial.uplugin" 162
"../../../Engine/Plugins/VirtualProduction/LiveLinkOpenTrackIO/LiveLinkOpenTrackIO.uplugin" 163
"../../../Engine/Plugins/VirtualProduction/SequencerPlaylists/SequencerPlaylists.uplugin" 164
"../../../Engine/Plugins/VirtualProduction/RemoteControlProtocolOSC/RemoteControlProtocolOSC.uplugin" 165
"../../../Engine/Plugins/VirtualProduction/StageMonitoring/StageMonitoring.uplugin" 166
"../../../Engine/Plugins/VirtualProduction/StormSync/StormSync.uplugin" 167
"../../../Engine/Plugins/VirtualProduction/StormSyncAvalancheBridge/StormSyncAvalancheBridge.uplugin" 168
"../../../Engine/Plugins/VirtualProduction/RemoteControlWebInterface/RemoteControlWebInterface.uplugin" 169
"../../../Engine/Plugins/VirtualProduction/Switchboard/Switchboard.uplugin" 170
"../../../Engine/Plugins/VirtualProduction/Takes/Takes.uplugin" 171
"../../../Engine/Plugins/VirtualProduction/PropertyAnimatorCore/PropertyAnimatorCore.uplugin" 172
"../../../Engine/Plugins/VirtualProduction/VirtualCamera/VirtualCamera.uplugin" 173
"../../../Engine/Plugins/VirtualProduction/VirtualCameraCore/VirtualCameraCore.uplugin" 174
"../../../Engine/Plugins/VirtualProduction/RemoteControl/RemoteControl.uplugin" 175
"../../../Engine/Plugins/VirtualProduction/VirtualScouting/VirtualScouting.uplugin" 176
"../../../Engine/Plugins/Marketplace/Advanceda233ff62d942V10/AdvancedFlockSystem.uplugin" 177
"../../../Engine/Plugins/Marketplace/AIforNPC6396182c7afaV7/ConvAI.uplugin" 178
"../../../Engine/Plugins/VirtualProduction/TextureShare/TextureShare.uplugin" 179
"../../../Engine/Plugins/Marketplace/AsyncLoabb9e7e751a1fV12/AsyncLoadingScreen.uplugin" 180
"../../../Engine/Plugins/Marketplace/EasyBall82fd3adc895fV23/EasyBallistics.uplugin" 181
"../../../Engine/Plugins/Marketplace/DzXRadia550fd64493afV12/RadialMenu.uplugin" 182
"../../../Engine/Plugins/Marketplace/Didithitfd030df5f542V10/DidItHit.uplugin" 183
"../../../Engine/Plugins/Marketplace/CloudsLi35bef4b1c902V9/CloudsLighting.uplugin" 184
"../../../Engine/Plugins/Marketplace/LGUI3DUI97e8be40c733V6/LGUI.uplugin" 185
"../../../Engine/Plugins/Marketplace/MySQLand9611469d9c3bV6/MySQL.uplugin" 186
"../../../Engine/Plugins/Marketplace/MazeGene1598ed850df5V8/MazeGenerator.uplugin" 187
"../../../Engine/Plugins/Marketplace/LineOfSi2fd409b45b58V11/LineOfSight.uplugin" 188
"../../../Engine/Plugins/Marketplace/LookAtAc5eebda36ea41V7/C3_LAA.uplugin" 189
"../../../Engine/Plugins/Marketplace/Outlineraa702287f326V7/OutlinerShortcuts.uplugin" 190
"../../../Engine/Plugins/VirtualProduction/RemoteControlProtocolDMX/RemoteControlProtocolDMX.uplugin" 191
"../../../Engine/Plugins/Marketplace/Enhanceddcafa965c3c5V6/EnhancedCodeFlow.uplugin" 192
"../../../Engine/Plugins/Marketplace/NPCOptim06b444d31a84V10/NPC_Optimizator.uplugin" 193
"../../../Engine/Plugins/VirtualProduction/TimedDataMonitor/TimedDataMonitor.uplugin" 194
"../../../Engine/Plugins/VirtualProduction/RemoteControlInterception/RemoteControlInterception.uplugin" 195
"../../../Engine/Plugins/VirtualProduction/PerformanceCaptureWorkflow/PerformanceCaptureWorkflow.uplugin" 196
"../../../Engine/Plugins/Marketplace/PaperZD8b0e064aa89dV19/PaperZD.uplugin" 197
"../../../Engine/Plugins/Marketplace/LEExtend395af98d3fa0V26/LowEntryExtStdLib.uplugin" 198
"../../../Engine/Plugins/Marketplace/RyansHel12818cbfebd4V9/RyHelpfulHelpers.uplugin" 199
"../../../Engine/Plugins/Marketplace/RestartUc49eada2a0d9V9/RestartEditor.uplugin" 200
"../../../Engine/Plugins/Marketplace/TabResto9f2edf299654V7/TabRestore.uplugin" 201
"../../../Engine/Plugins/Marketplace/ShaderOp5ce76d082467V8/ShaderOptimizationTool.uplugin" 202
"../../../Engine/Plugins/Marketplace/WaterPhy084d8150e741V9/WaterPhysics.uplugin" 203
"../../../Engine/Plugins/Marketplace/StatsAchcdadabf87305V11/StatsIntegration.uplugin" 204
"../../../Engine/Plugins/Marketplace/WorldDirbdc4b8f2c191V9/WorldDirectorPRO.uplugin" 205
"../../../Engine/Plugins/MovieScene/CustomizableSequencerTracks/CustomizableSequencerTracks.uplugin" 206
"../../../Engine/Plugins/MovieScene/MovieRenderPipeline/MovieRenderPipeline.uplugin" 207
"../../../Engine/Plugins/Marketplace/SimpleInc001d659aeaeV5/SimpleInventorySystem.uplugin" 208
"../../../Engine/Plugins/MovieScene/ReplayTracks/ReplayTracks.uplugin" 209
"../../../Engine/Plugins/Marketplace/PluginBu380905d14e12V8/PluginBuilder.uplugin" 210
"../../../Engine/Plugins/MovieScene/ActorSequence/ActorSequence.uplugin" 211
"../../../Engine/Plugins/MovieScene/MovieSceneTextTrack/MovieSceneTextTrack.uplugin" 212
"../../../Engine/Plugins/MovieScene/TemplateSequence/TemplateSequence.uplugin" 213
"../../../Engine/Plugins/PCGInterops/PCGGeometryScriptInterop/PCGGeometryScriptInterop.uplugin" 214
"../../../Engine/Plugins/PCGInterops/PCGExternalDataInterop/PCGExternalDataInterop.uplugin" 215
"../../../Engine/Plugins/Marketplace/NiagaraU409cc0a0b725V9/NiagaraUIRenderer.uplugin" 216
"../../../Engine/Plugins/MovieScene/SequencerScripting/SequencerScripting.uplugin" 217
"../../../Engine/Plugins/Runtime/ActorLayerUtilities/ActorLayerUtilities.uplugin" 218
"../../../Engine/Plugins/Portal/LauncherChunkInstaller/LauncherChunkInstaller.uplugin" 219
"../../../Engine/Plugins/Runtime/ADM/ADM.uplugin" 220
"../../../Engine/Plugins/Runtime/AndroidFileServer/AndroidFileServer.uplugin" 221
"../../../Engine/Plugins/Runtime/AndroidBackgroundService/AndroidBackgroundService.uplugin" 222
"../../../Engine/Plugins/NNE/NNERuntimeORT/NNERuntimeORT.uplugin" 223
"../../../Engine/Plugins/Runtime/AndroidPermission/AndroidPermission.uplugin" 224
"../../../Engine/Plugins/MovieScene/MoviePipelineMaskRenderPass/MoviePipelineMaskRenderPass.uplugin" 225
"../../../Engine/Plugins/Runtime/AnimationBudgetAllocator/AnimationBudgetAllocator.uplugin" 226
"../../../Engine/Plugins/Marketplace/MeleeTracc0e79f5ef81V6/MeleeTrace.uplugin" 227
"../../../Engine/Plugins/Runtime/AppleMoviePlayer/AppleMoviePlayer.uplugin" 228
"../../../Engine/Plugins/Runtime/AudioCapture/AudioCapture.uplugin" 229
"../../../Engine/Plugins/Runtime/ArchVisCharacter/ArchVisCharacter.uplugin" 230
"../../../Engine/Plugins/NNE/NNEDenoiser/NNEDenoiser.uplugin" 231
"../../../Engine/Plugins/Runtime/AudioModulation/AudioModulation.uplugin" 232
"../../../Engine/Plugins/Runtime/AssetTags/AssetTags.uplugin" 233
"../../../Engine/Plugins/Runtime/AudioMotorSim/AudioMotorSim.uplugin" 234
"../../../Engine/Plugins/Runtime/AudioWidgets/AudioWidgets.uplugin" 235
"../../../Engine/Plugins/Runtime/AudioSynesthesia/AudioSynesthesia.uplugin" 236
"../../../Engine/Plugins/Runtime/ChunkDownloader/ChunkDownloader.uplugin" 237
"../../../Engine/Plugins/Runtime/CableComponent/CableComponent.uplugin" 238
"../../../Engine/Plugins/Runtime/ComputeFramework/ComputeFramework.uplugin" 239
"../../../Engine/Plugins/Runtime/AndroidMoviePlayer/AndroidMoviePlayer.uplugin" 240
"../../../Engine/Plugins/Runtime/DataRegistry/DataRegistry.uplugin" 241
"../../../Engine/Plugins/Runtime/CommonUI/CommonUI.uplugin" 242
"../../../Engine/Plugins/Runtime/GameplayInteractions/GameplayInteractions.uplugin" 243
"../../../Engine/Plugins/MovieScene/LevelSequenceEditor/LevelSequenceEditor.uplugin" 244
"../../../Engine/Plugins/Runtime/GameplayStateTree/GameplayStateTree.uplugin" 245
"../../../Engine/Plugins/Runtime/GeoReferencing/GeoReferencing.uplugin" 246
"../../../Engine/Plugins/Runtime/CustomMeshComponent/CustomMeshComponent.uplugin" 247
"../../../Engine/Plugins/Runtime/Firebase/Firebase.uplugin" 248
"../../../Engine/Plugins/Runtime/AndroidDeviceProfileSelector/AndroidDeviceProfileSelector.uplugin" 249
"../../../Engine/Plugins/Runtime/GeometryScripting/GeometryScripting.uplugin" 250
"../../../Engine/Plugins/Runtime/GameplayAbilities/GameplayAbilities.uplugin" 251
"../../../Engine/Plugins/Runtime/GeometryCache/GeometryCache.uplugin" 252
"../../../Engine/Plugins/Runtime/GeometryProcessing/GeometryProcessing.uplugin" 253
"../../../Engine/Plugins/Runtime/HairStrands/HairStrands.uplugin" 254
"../../../Engine/Plugins/Runtime/ApexDestruction/ApexDestruction.uplugin" 255
"../../../Engine/Plugins/Runtime/Harmonix/Harmonix.uplugin" 256
"../../../Engine/Plugins/Runtime/ExampleDeviceProfileSelector/ExampleDeviceProfileSelector.uplugin" 257
"../../../Engine/Plugins/Runtime/GameInput/GameInput.uplugin" 258
"../../../Engine/Plugins/Runtime/GoogleCloudMessaging/GoogleCloudMessaging.uplugin" 259
"../../../Engine/Plugins/Runtime/HDRIBackdrop/HDRIBackdrop.uplugin" 260
"../../../Engine/Plugins/Runtime/HPMotionController/HPMotionController.uplugin" 261
"../../../Engine/Plugins/Runtime/IOSReplayKit/IOSReplayKit.uplugin" 262
"../../../Engine/Plugins/Runtime/GooglePAD/GooglePAD.uplugin" 263
"../../../Engine/Plugins/Runtime/IOSDeviceProfileSelector/IOSDeviceProfileSelector.uplugin" 264
"../../../Engine/Plugins/Runtime/GameFeatures/GameFeatures.uplugin" 265
"../../../Engine/Plugins/Runtime/LinuxDeviceProfileSelector/LinuxDeviceProfileSelector.uplugin" 266
"../../../Engine/Plugins/Runtime/HTTPChunkInstaller/HTTPChunkInstaller.uplugin" 267
"../../../Engine/Plugins/Runtime/LocationServicesAndroidImpl/LocationServicesAndroidImpl.uplugin" 268
"../../../Engine/Plugins/Runtime/InputDebugging/InputDebugging.uplugin" 269
"../../../Engine/Plugins/Runtime/LocationServicesIOSImpl/LocationServicesIOSImpl.uplugin" 270
"../../../Engine/Plugins/Runtime/AppleImageUtils/AppleImageUtils.uplugin" 271
"../../../Engine/Plugins/Runtime/LiveLinkOvernDisplay/LiveLinkOverNDisplay.uplugin" 272
"../../../Engine/Plugins/Runtime/LocationServicesBPLibrary/LocationServicesBPLibrary.uplugin" 273
"../../../Engine/Plugins/Runtime/MassEntity/MassEntity.uplugin" 274
"../../../Engine/Plugins/Runtime/MassGameplay/MassGameplay.uplugin" 275
"../../../Engine/Plugins/Runtime/MeshModelingToolset/MeshModelingToolset.uplugin" 276
"../../../Engine/Plugins/Runtime/MicrosoftSpatialAudio/MicroSoftSpatialSound.uplugin" 277
"../../../Engine/Plugins/Runtime/InstancedActors/InstancedActors.uplugin" 278
"../../../Engine/Plugins/Runtime/Metasound/Metasound.uplugin" 279
"../../../Engine/Plugins/Runtime/MobileFSR/MobileFSR.uplugin" 280
"../../../Engine/Plugins/Runtime/MixedRealityCaptureFramework/MixedRealityCaptureFramework.uplugin" 281
"../../../Engine/Plugins/Runtime/ModelViewViewModel/ModelViewViewModel.uplugin" 282
"../../../Engine/Plugins/Runtime/ModularGameplay/ModularGameplay.uplugin" 283
"../../../Engine/Plugins/Runtime/MultiServerReplication/MultiServerReplication.uplugin" 284
"../../../Engine/Plugins/Runtime/MobilePatchingUtils/MobilePatchingUtils.uplugin" 285
"../../../Engine/Plugins/Runtime/MusicEnvironment/MusicEnvironment.uplugin" 286
"../../../Engine/Plugins/Runtime/MsQuic/MsQuic.uplugin" 287
"../../../Engine/Plugins/Runtime/nDisplayModularFeatures/nDisplayModularFeatures.uplugin" 288
"../../../Engine/Plugins/Runtime/MIDIDevice/MIDIDevice.uplugin" 289
"../../../Engine/Plugins/Runtime/NetworkPredictionExtras/NetworkPredictionExtras.uplugin" 290
"../../../Engine/Plugins/Runtime/NetworkPredictionInsights/NetworkPredictionInsights.uplugin" 291
"../../../Engine/Plugins/Runtime/OpenXRHandTracking/OpenXRHandTracking.uplugin" 292
"../../../Engine/Plugins/Runtime/NavCorridor/NavCorridor.uplugin" 293
"../../../Engine/Plugins/Runtime/LevelStreamingPersistence/LevelStreamingPersistence.uplugin" 294
"../../../Engine/Plugins/Runtime/OpenXREyeTracker/OpenXREyeTracker.uplugin" 295
"../../../Engine/Plugins/Runtime/OpenXRViveTracker/OpenXRViveTracker.uplugin" 296
"../../../Engine/Plugins/Runtime/NetworkPrediction/NetworkPrediction.uplugin" 297
"../../../Engine/Plugins/Runtime/OpenCV/OpenCV.uplugin" 298
"../../../Engine/Plugins/Runtime/OptionalMobileFeaturesBPLibrary/OptionalMobileFeaturesBPLibrary.uplugin" 299
"../../../Engine/Plugins/Runtime/OSC/OSC.uplugin" 300
"../../../Engine/Plugins/Runtime/PreLoadScreenMoviePlayer/PreLoadScreenMoviePlayer.uplugin" 301
"../../../Engine/Plugins/Runtime/GameplayBehaviorSmartObjects/GameplayBehaviorSmartObjects.uplugin" 302
"../../../Engine/Plugins/Runtime/PropertyBindingUtils/PropertyBindingUtils.uplugin" 303
"../../../Engine/Plugins/Runtime/OpenXRMsftHandInteraction/OpenXRMsftHandInteraction.uplugin" 304
"../../../Engine/Plugins/Runtime/RenderTrace/RenderTrace.uplugin" 305
"../../../Engine/Plugins/Runtime/ReplicationSystemTestPlugin/ReplicationSystemTestPlugin.uplugin" 306
"../../../Engine/Plugins/Runtime/nDisplay/nDisplay.uplugin" 307
"../../../Engine/Plugins/Runtime/RigVM/RigVM.uplugin" 308
"../../../Engine/Plugins/Runtime/SkeletalMerging/SkeletalMerging.uplugin" 309
"../../../Engine/Plugins/Runtime/SignificanceManager/SignificanceManager.uplugin" 310
"../../../Engine/Plugins/Runtime/ScriptableToolsFramework/ScriptableToolsFramework.uplugin" 311
"../../../Engine/Plugins/Runtime/SoundFields/SoundFields.uplugin" 312
"../../../Engine/Plugins/Runtime/SoundMod/SoundMod.uplugin" 313
"../../../Engine/Plugins/Runtime/SoundCueTemplates/SoundCueTemplates.uplugin" 314
"../../../Engine/Plugins/Runtime/ProceduralMeshComponent/ProceduralMeshComponent.uplugin" 315
"../../../Engine/Plugins/Runtime/ResonanceAudio/ResonanceAudio.uplugin" 316
"../../../Engine/Plugins/Runtime/OpenXR/OpenXR.uplugin" 317
"../../../Engine/Plugins/Runtime/SunPosition/SunPosition.uplugin" 318
"../../../Engine/Plugins/Runtime/WebBrowserWidget/WebBrowserWidget.uplugin" 319
"../../../Engine/Plugins/Runtime/SmartObjects/SmartObjects.uplugin" 320
"../../../Engine/Plugins/Runtime/WebMMoviePlayer/WebMMoviePlayer.uplugin" 321
"../../../Engine/Plugins/Runtime/WaveTable/WaveTable.uplugin" 322
"../../../Engine/Plugins/Runtime/Spatialization/Spatialization.uplugin" 323
"../../../Engine/Plugins/Runtime/WindowsDeviceProfileSelector/WindowsDeviceProfileSelector.uplugin" 324
"../../../Engine/Plugins/Runtime/WebBrowserNativeProxy/WebBrowserNativeProxy.uplugin" 325
"../../../Engine/Plugins/Runtime/Synthesis/Synthesis.uplugin" 326
"../../../Engine/Plugins/Runtime/WarpUtils/WarpUtils.uplugin" 327
"../../../Engine/Plugins/Runtime/USDCore/USDCore.uplugin" 328
"../../../Engine/Plugins/Runtime/XRBase/XRBase.uplugin" 329
"../../../Engine/Plugins/Runtime/WindowsMoviePlayer/WindowsMoviePlayer.uplugin" 330
"../../../Engine/Plugins/Runtime/StateTree/StateTree.uplugin" 331
"../../../Engine/Plugins/Runtime/ZoneGraphAnnotations/ZoneGraphAnnotations.uplugin" 332
"../../../Engine/Plugins/Runtime/Soundscape/Soundscape.uplugin" 333
"../../../Engine/Plugins/Web/HttpBlueprint/HttpBlueprint.uplugin" 334
"../../../Engine/Plugins/AI/HTNPlanner/HTNPlanner.uplugin" 335
"../../../Engine/Plugins/AI/EnvironmentQueryEditor/EnvironmentQueryEditor.uplugin" 336
"../../../Engine/Plugins/AI/MassAI/MassAI.uplugin" 337
"../../../Engine/Plugins/AI/AISupport/AISupport.uplugin" 338
"../../../Engine/Plugins/2D/Paper2D/Paper2D.uplugin" 339
"../../../Engine/Plugins/Runtime/PropertyAccess/PropertyAccessEditor.uplugin" 340
"../../../Engine/Plugins/Animation/ACLPlugin/ACLPlugin.uplugin" 341
"../../../Engine/Plugins/Animation/AnimationLocomotionLibrary/AnimationLocomotionLibrary.uplugin" 342
"../../../Engine/Plugins/Animation/ControlRigModules/ControlRigModules.uplugin" 343
"../../../Engine/Plugins/Runtime/ReplicationGraph/ReplicationGraph.uplugin" 344
"../../../Engine/Plugins/AI/MassCrowd/MassCrowd.uplugin" 345
"../../../Engine/Plugins/Animation/ControlRig/ControlRig.uplugin" 346
"../../../Engine/Plugins/Animation/BlendStack/BlendStack.uplugin" 347
"../../../Engine/Plugins/Animation/AnimatorKit/AnimatorKit.uplugin" 348
"../../../Engine/Plugins/Animation/BlendSpaceMotionAnalysis/BlendSpaceMotionAnalysis.uplugin" 349
"../../../Engine/Plugins/Animation/AnimationWarping/AnimationWarping.uplugin" 350
"../../../Engine/Plugins/Animation/GameplayInsights/GameplayInsights.uplugin" 351
"../../../Engine/Plugins/Animation/DeformerGraph/DeformerGraph.uplugin" 352
"../../../Engine/Plugins/Animation/IKRig/IKRig.uplugin" 353
"../../../Engine/Plugins/Animation/DNACalib/DNACalib.uplugin" 354
"../../../Engine/Plugins/Animation/ControlRigSpline/ControlRigSpline.uplugin" 355
"../../../Engine/Plugins/Animation/AnimationModifierLibrary/AnimationModifierLibrary.uplugin" 356
"../../../Engine/Plugins/Animation/GeneSplicer/GeneSplicer.uplugin" 357
"../../../Engine/Plugins/Runtime/WorldConditions/WorldConditions.uplugin" 358
"../../../Engine/Plugins/Animation/LiveLinkDevice/LiveLinkDevice.uplugin" 359
"../../../Engine/Plugins/Animation/LiveLink/LiveLink.uplugin" 360
"../../../Engine/Plugins/Animation/LiveLinkExampleDevice/LiveLinkExampleDevice.uplugin" 361
"../../../Engine/Plugins/Animation/LiveLinkHub/LiveLinkHub.uplugin" 362
"../../../Engine/Plugins/Animation/MotionWarping/MotionWarping.uplugin" 363
"../../../Engine/Plugins/Animation/PoseSearch/PoseSearch.uplugin" 364
"../../../Engine/Plugins/Animation/SkeletalMeshModelingTools/SkeletalMeshModelingTools.uplugin" 365
"../../../Engine/Plugins/Animation/LiveLinkCurveDebugUI/LiveLinkCurveDebugUI.uplugin" 366
"../../../Engine/Plugins/Animation/RigLogic/RigLogic.uplugin" 367
"../../../Engine/Plugins/Cameras/CameraShakePreviewer/CameraShakePreviewer.uplugin" 368
"../../../Engine/Plugins/Animation/TweeningUtils/TweeningUtils.uplugin" 369
"../../../Engine/Plugins/AI/MLAdapter/MLAdapter.uplugin" 370
"../../../Engine/Plugins/Compositing/OpenColorIO/OpenColorIO.uplugin" 371
"../../../Engine/Plugins/Animation/PerformanceCaptureCore/PerformanceCaptureCore.uplugin" 372
"../../../Engine/Plugins/Animation/AnimationData/AnimationData.uplugin" 373
"../../../Engine/Plugins/Compositing/OpenCVLensDistortion/OpenCVLensDistortion.uplugin" 374
"../../../Engine/Plugins/Cameras/GameplayCameras/GameplayCameras.uplugin" 375
"../../../Engine/Plugins/Compositing/Composure/Composure.uplugin" 376
"../../../Engine/Plugins/Developer/DirectoryPlaceholder/DirectoryPlaceholder.uplugin" 377
"../../../Engine/Plugins/Cameras/EngineCameras/EngineCameras.uplugin" 378
"../../../Engine/Plugins/Compositing/LensDistortion/LensDistortion.uplugin" 379
"../../../Engine/Plugins/Developer/BlankPlugin/BlankPlugin.uplugin" 380
"../../../Engine/Plugins/Runtime/SoundUtilities/SoundUtilities.uplugin" 381
"../../../Engine/Plugins/Developer/FieldNotificationTrace/FieldNotificationTrace.uplugin" 382
"../../../Engine/Plugins/Developer/DumpGPUServices/DumpGPUServices.uplugin" 383
"../../../Engine/Plugins/Developer/N10XSourceCodeAccess/N10XSourceCodeAccess.uplugin" 384
"../../../Engine/Plugins/Developer/CLionSourceCodeAccess/CLionSourceCodeAccess.uplugin" 385
"../../../Engine/Plugins/Developer/AnimationSharing/AnimationSharing.uplugin" 386
"../../../Engine/Plugins/Developer/PerforceSourceControl/PerforceSourceControl.uplugin" 387
"../../../Engine/Plugins/Developer/PropertyAccessNode/PropertyAccessNode.uplugin" 388
"../../../Engine/Plugins/Developer/NullSourceCodeAccess/NullSourceCodeAccess.uplugin" 389
"../../../Engine/Plugins/Developer/PixWinPlugin/PixWinPlugin.uplugin" 390
"../../../Engine/Plugins/Developer/PlasticSourceControl/PlasticSourceControl.uplugin" 391
"../../../Engine/Plugins/Developer/GitSourceControl/GitSourceControl.uplugin" 392
"../../../Engine/Plugins/Developer/NamingTokens/NamingTokens.uplugin" 393
"../../../Engine/Plugins/Developer/RiderSourceCodeAccess/RiderSourceCodeAccess.uplugin" 394
"../../../Engine/Plugins/Developer/CodeLiteSourceCodeAccess/CodeLiteSourceCodeAccess.uplugin" 395
"../../../Engine/Plugins/Developer/TextureFormatOodle/TextureFormatOodle.uplugin" 396
"../../../Engine/Plugins/Developer/RenderDocPlugin/RenderDocPlugin.uplugin" 397
"../../../Engine/Plugins/Developer/SubversionSourceControl/SubversionSourceControl.uplugin" 398
"../../../Engine/Plugins/Developer/TraceSourceFiltering/TraceSourceFilters.uplugin" 399
"../../../Engine/Plugins/Developer/XcodeGPUDebuggerPlugin/XcodeGPUDebuggerPlugin.uplugin" 400
"../../../Engine/Plugins/Runtime/ZoneGraph/ZoneGraph.uplugin" 401
"../../../Engine/Plugins/Developer/KDevelopSourceCodeAccess/KDevelopSourceCodeAccess.uplugin" 402
"../../../Engine/Plugins/Editor/AssetManagerEditor/AssetManagerEditor.uplugin" 403
"../../../Engine/Plugins/Editor/AssetRegistryExport/AssetRegistryExport.uplugin" 404
"../../../Engine/Plugins/Developer/UObjectPlugin/UObjectPlugin.uplugin" 405
"../../../Engine/Plugins/Developer/ProjectLauncher/ProjectLauncher.uplugin" 406
"../../../Engine/Plugins/Editor/BlueprintHeaderView/BlueprintHeaderView.uplugin" 407
"../../../Engine/Plugins/Editor/ColorGrading/ColorGrading.uplugin" 408
"../../../Engine/Plugins/Editor/BlueprintMaterialTextureNodes/BlueprintMaterialTextureNodes.uplugin" 409
"../../../Engine/Plugins/Developer/VisualStudioSourceCodeAccess/VisualStudioSourceCodeAccess.uplugin" 410
"../../../Engine/Plugins/Editor/AssetReferenceRestrictions/AssetReferenceRestrictions.uplugin" 411
"../../../Engine/Plugins/Editor/CurveEditorTools/CurveEditorTools.uplugin" 412
"../../../Engine/Plugins/Editor/DisplayClusterLaunch/DisplayClusterLaunch.uplugin" 413
"../../../Engine/Plugins/Developer/VisualStudioCodeSourceCodeAccess/VisualStudioCodeSourceCodeAccess.uplugin" 414
"../../../Engine/Plugins/Editor/EditorDebugTools/EditorDebugTools.uplugin" 415
"../../../Engine/Plugins/Developer/TraceDataFiltering/TraceDataFilters.uplugin" 416
"../../../Engine/Plugins/Editor/EditorScriptingUtilities/EditorScriptingUtilities.uplugin" 417
"../../../Engine/Plugins/Developer/PluginUtils/PluginUtils.uplugin" 418
"../../../Engine/Plugins/Editor/FacialAnimation/FacialAnimation.uplugin" 419
"../../../Engine/Plugins/Editor/AssetSearch/AssetSearch.uplugin" 420
"../../../Engine/Plugins/Editor/EditorSysConfigAssistant/EditorSysConfigAssistant.uplugin" 421
"../../../Engine/Plugins/Editor/GeometryMode/GeometryMode.uplugin" 422
"../../../Engine/Plugins/Editor/EngineAssetDefinitions/EngineAssetDefinitions.uplugin" 423
"../../../Engine/Plugins/Editor/LiveUpdateForSlate/LiveUpdateForSlate.uplugin" 424
"../../../Engine/Plugins/Editor/GuidedTutorials/GuidedTutorials.uplugin" 425
"../../../Engine/Plugins/Developer/XCodeSourceCodeAccess/XCodeSourceCodeAccess.uplugin" 426
"../../../Engine/Plugins/Editor/ChangelistReview/ChangelistReview.uplugin" 427
"../../../Engine/Plugins/Editor/MakeCookedEditorAsDLC/MakeCookedEditorAsDLC.uplugin" 428
"../../../Engine/Plugins/Editor/ModelingToolsEditorMode/ModelingToolsEditorMode.uplugin" 429
"../../../Engine/Plugins/Editor/MacGraphicsSwitching/MacGraphicsSwitching.uplugin" 430
"../../../Engine/Plugins/Editor/ProxyLODPlugin/ProxyLODPlugin.uplugin" 431
"../../../Engine/Plugins/Editor/PluginBrowser/PluginBrowser.uplugin" 432
"../../../Engine/Plugins/Editor/CryptoKeys/CryptoKeys.uplugin" 433
"../../../Engine/Plugins/Developer/OneSkyLocalizationService/OneSkyLocalizationService.uplugin" 434
"../../../Engine/Plugins/Editor/ScriptableToolsEditorMode/ScriptableToolsEditorMode.uplugin" 435
"../../../Engine/Plugins/Editor/ModelViewViewModelPreview/ModelViewViewModelPreview.uplugin" 436
"../../../Engine/Plugins/Editor/DataValidation/DataValidation.uplugin" 437
"../../../Engine/Plugins/Editor/UMGWidgetPreview/UMGWidgetPreview.uplugin" 438
"../../../Engine/Plugins/Editor/MeshLODToolset/MeshLODToolset.uplugin" 439
"../../../Engine/Plugins/Editor/StylusInput/StylusInput.uplugin" 440
"../../../Engine/Plugins/Editor/ConsoleVariablesEditor/ConsoleVariables.uplugin" 441
"../../../Engine/Plugins/Editor/WaveformEditor/WaveformEditor.uplugin" 442
"../../../Engine/Plugins/Experimental/AbilitySystemGameFeatureActions/AbilitySystemGameFeatureActions.uplugin" 443
"../../../Engine/Plugins/Editor/MobileLauncherProfileWizard/MobileLauncherProfileWizard.uplugin" 444
"../../../Engine/Plugins/Editor/GameplayTagsEditor/GameplayTagsEditor.uplugin" 445
"../../../Engine/Plugins/Experimental/ActorPalette/ActorPalette.uplugin" 446
"../../../Engine/Plugins/Experimental/AdvancedRenamer/AdvancedRenamer.uplugin" 447
"../../../Engine/Plugins/Editor/SequencerAnimTools/SequencerAnimTools.uplugin" 448
"../../../Engine/Plugins/Editor/UVEditor/UVEditor.uplugin" 449
"../../../Engine/Plugins/Experimental/AnimNext/AnimNext.uplugin" 450
"../../../Engine/Plugins/Experimental/AnimNextControlRig/AnimNextControlRig.uplugin" 451
"../../../Engine/Plugins/Editor/WorldPartitionHLODUtilities/WorldPartitionHLODUtilities.uplugin" 452
"../../../Engine/Plugins/Editor/SpeedTreeImporter/SpeedTreeImporter.uplugin" 453
"../../../Engine/Plugins/Experimental/AnimNextAnimGraph/AnimNextAnimGraph.uplugin" 454
"../../../Engine/Plugins/Experimental/AnimNextPoseSearch/AnimNextPoseSearch.uplugin" 455
"../../../Engine/Plugins/Experimental/AnimNextStateTree/AnimNextStateTree.uplugin" 456
"../../../Engine/Plugins/Experimental/AsyncMessageSystem/AsyncMessageSystem.uplugin" 457
"../../../Engine/Plugins/Experimental/AvalancheSequenceNavigator/AvalancheSequenceNavigator.uplugin" 458
"../../../Engine/Plugins/Experimental/AsyncMessageSystemTests/AsyncMessageSystemTests.uplugin" 459
"../../../Engine/Plugins/Experimental/AvalancheDataLink/AvalancheDataLink.uplugin" 460
"../../../Engine/Plugins/Experimental/Buoyancy/Buoyancy.uplugin" 461
"../../../Engine/Plugins/Experimental/AnimNextChooser/AnimNextChooser.uplugin" 462
"../../../Engine/Plugins/Experimental/BlueprintSnapNodes/BlueprintSnapNodes.uplugin" 463
"../../../Engine/Plugins/Experimental/AvalancheSceneState/AvalancheSceneState.uplugin" 464
"../../../Engine/Plugins/Experimental/CelestialVault/CelestialVault.uplugin" 465
"../../../Engine/Plugins/Experimental/AutomationUtils/AutomationUtils.uplugin" 466
"../../../Engine/Plugins/Editor/SampleToolsEditorMode/SampleToolsEditorMode.uplugin" 467
"../../../Engine/Plugins/Experimental/BlueprintStats/BlueprintStats.uplugin" 468
"../../../Engine/Plugins/Experimental/AnimToTexture/AnimToTexture.uplugin" 469
"../../../Engine/Plugins/Experimental/ChaosCaching/ChaosCaching.uplugin" 470
"../../../Engine/Plugins/Experimental/AvalancheDisplayCluster/AvalancheDisplayCluster.uplugin" 471
"../../../Engine/Plugins/Experimental/ChaosCachingUSD/ChaosCachingUSD.uplugin" 472
"../../../Engine/Plugins/Experimental/ChaosEditor/ChaosEditor.uplugin" 473
"../../../Engine/Plugins/Experimental/ChaosModularVehicle/ChaosModularVehicle.uplugin" 474
"../../../Engine/Plugins/Editor/StaticMeshEditorModeling/StaticMeshEditorModeling.uplugin" 475
"../../../Engine/Plugins/Experimental/ChaosFlesh/ChaosFlesh.uplugin" 476
"../../../Engine/Plugins/Experimental/BackChannel/BackChannel.uplugin" 477
"../../../Engine/Plugins/Experimental/ChaosSolverPlugin/ChaosSolverPlugin.uplugin" 478
"../../../Engine/Plugins/Experimental/ChaosMover/ChaosMover.uplugin" 479
"../../../Engine/Plugins/Experimental/ChaosModularVehicleExamples/ChaosModularVehicleExamples.uplugin" 480
"../../../Engine/Plugins/Experimental/ChaosClothEditor/ChaosClothEditor.uplugin" 481
"../../../Engine/Plugins/Experimental/ChaosVehiclesPlugin/ChaosVehiclesPlugin.uplugin" 482
"../../../Engine/Plugins/Editor/MaterialAnalyzer/MaterialAnalyzer.uplugin" 483
"../../../Engine/Plugins/Experimental/ChaosNiagara/ChaosNiagara.uplugin" 484
"../../../Engine/Plugins/Experimental/CharacterAI/CharacterAI.uplugin" 485
"../../../Engine/Plugins/Experimental/CineCameraSceneCapture/CineCameraSceneCapture.uplugin" 486
"../../../Engine/Plugins/Experimental/AnimNextWarping/AnimNextWarping.uplugin" 487
"../../../Engine/Plugins/Experimental/Dataflow/Dataflow.uplugin" 488
"../../../Engine/Plugins/Experimental/ChaosOutfitAsset/ChaosOutfitAsset.uplugin" 489
"../../../Engine/Plugins/Experimental/CodeView/CodeView.uplugin" 490
"../../../Engine/Plugins/Experimental/CineCameraRigs/CineCameraRigs.uplugin" 491
"../../../Engine/Plugins/Experimental/ColorCorrectRegions/ColorCorrectRegions.uplugin" 492
"../../../Engine/Plugins/Experimental/CinematicPrestreaming/CinematicPrestreaming.uplugin" 493
"../../../Engine/Plugins/Experimental/DataLinkOAuth/DataLinkOAuth.uplugin" 494
"../../../Engine/Plugins/Experimental/ControlFlows/ControlFlows.uplugin" 495
"../../../Engine/Plugins/Experimental/EditorDataStorage/EditorDataStorage.uplugin" 496
"../../../Engine/Plugins/Experimental/CodeEditor/CodeEditor.uplugin" 497
"../../../Engine/Plugins/Experimental/DaySequence/DaySequence.uplugin" 498
"../../../Engine/Plugins/Experimental/DefaultInstallBundleManager/DefaultInstallBundleManager.uplugin" 499
"../../../Engine/Plugins/Experimental/ChaosUserDataPT/ChaosUserDataPT.uplugin" 500
"../../../Engine/Plugins/Experimental/CommonConversation/CommonConversation.uplugin" 501
"../../../Engine/Plugins/Experimental/DynamicMaterialMediaStreamBridge/DynamicMaterialMediaStreamBridge.uplugin" 502
"../../../Engine/Plugins/Experimental/EditorPerformance/EditorPerformance.uplugin" 503
"../../../Engine/Plugins/Experimental/EditorDataStorageFeatures/EditorDataStorageFeatures.uplugin" 504
"../../../Engine/Plugins/Experimental/DataLink/DataLink.uplugin" 505
"../../../Engine/Plugins/Experimental/GameplayGraph/GameplayGraph.uplugin" 506
"../../../Engine/Plugins/Experimental/GeometryDataflow/GeometryDataflow.uplugin" 507
"../../../Engine/Plugins/Experimental/FastGeoStreaming/FastGeoStreaming.uplugin" 508
"../../../Engine/Plugins/Experimental/FloatingProperties/FloatingProperties.uplugin" 509
"../../../Engine/Plugins/Experimental/EvaluationNotifies/EvaluationNotifies.uplugin" 510
"../../../Engine/Plugins/Experimental/Gauntlet/Gauntlet.uplugin" 511
"../../../Engine/Plugins/Experimental/GameplayTargetingSystem/TargetingSystem.uplugin" 512
"../../../Engine/Plugins/Experimental/Fracture/Fracture.uplugin" 513
"../../../Engine/Plugins/Experimental/FullBodyIK/FullBodyIK.uplugin" 514
"../../../Engine/Plugins/Experimental/GeometryCollectionPlugin/GeometryCollectionPlugin.uplugin" 515
"../../../Engine/Plugins/Experimental/EditorTelemetry/EditorTelemetry.uplugin" 516
"../../../Engine/Plugins/Experimental/GizmoEdMode/GizmoEdMode.uplugin" 517
"../../../Engine/Plugins/Experimental/HairModelingToolset/HairModelingToolset.uplugin" 518
"../../../Engine/Plugins/Experimental/GameInputWindows/GameInputWindows.uplugin" 519
"../../../Engine/Plugins/Experimental/GeometryCacheLevelSequenceBaker/GeometryCacheLevelSequenceBaker.uplugin" 520
"../../../Engine/Plugins/Experimental/GeometryCacheAbcFile/GeometryCacheAbcFile.uplugin" 521
"../../../Engine/Plugins/Experimental/GPULightmass/GPULightmass.uplugin" 522
"../../../Engine/Plugins/Experimental/GameplayBehaviors/GameplayBehaviors.uplugin" 523
"../../../Engine/Plugins/Experimental/ImagePlate/ImagePlate.uplugin" 524
"../../../Engine/Plugins/Experimental/HairCardGenerator/HairCardGenerator.uplugin" 525
"../../../Engine/Plugins/Experimental/InlineMaterialInstance/InlineMaterialInstance.uplugin" 526
"../../../Engine/Plugins/Experimental/ImpostorBaker/ImpostorBaker.uplugin" 527
"../../../Engine/Plugins/Experimental/InstanceDataObjectFixupTool/InstanceDataObjectFixupTool.uplugin" 528
"../../../Engine/Plugins/Experimental/ImageWidgets/ImageWidgets.uplugin" 529
"../../../Engine/Plugins/Experimental/InteractionInterface/InteractionInterface.uplugin" 530
"../../../Engine/Plugins/Experimental/HairStrandsMutable/HairStrandsMutable.uplugin" 531
"../../../Engine/Plugins/Experimental/Landmass/Landmass.uplugin" 532
"../../../Engine/Plugins/Experimental/JWT/JWT.uplugin" 533
"../../../Engine/Plugins/Experimental/LevelSequenceNavigatorBridge/LevelSequenceNavigatorBridge.uplugin" 534
"../../../Engine/Plugins/Experimental/LiveLinkControlRig/LiveLinkControlRig.uplugin" 535
"../../../Engine/Plugins/Experimental/FieldSystemPlugin/FieldSystemPlugin.uplugin" 536
"../../../Engine/Plugins/Experimental/LiveLinkOpenVR/LiveLinkOpenVR.uplugin" 537
"../../../Engine/Plugins/Experimental/GizmoFramework/GizmoFramework.uplugin" 538
"../../../Engine/Plugins/Experimental/LandscapePatch/LandscapePatch.uplugin" 539
"../../../Engine/Plugins/Experimental/GeometryFlow/GeometryFlow.uplugin" 540
"../../../Engine/Plugins/Experimental/LowLevelNetTrace/LowLevelNetTrace.uplugin" 541
"../../../Engine/Plugins/Experimental/MediaStream/MediaStream.uplugin" 542
"../../../Engine/Plugins/Experimental/MediaViewer/MediaViewer.uplugin" 543
"../../../Engine/Plugins/Experimental/MeshResizing/MeshResizing.uplugin" 544
"../../../Engine/Plugins/Experimental/MetasoundExperimental/MetasoundExperimental.uplugin" 545
"../../../Engine/Plugins/Experimental/MotorSimOutputMotoSynth/MotorSimOutputMotoSynth.uplugin" 546
"../../../Engine/Plugins/Experimental/MeshModelingToolsetExp/MeshModelingToolsetExp.uplugin" 547
"../../../Engine/Plugins/Experimental/MotoSynth/MotoSynth.uplugin" 548
"../../../Engine/Plugins/Experimental/LearningAgents/LearningAgents.uplugin" 549
"../../../Engine/Plugins/Experimental/MoverExamples/MoverExamples.uplugin" 550
"../../../Engine/Plugins/Experimental/MLflow/MLflow.uplugin" 551
"../../../Engine/Plugins/Experimental/MoverIntegrations/MoverIntegrations.uplugin" 552
"../../../Engine/Plugins/Experimental/Iris/Iris.uplugin" 553
"../../../Engine/Plugins/Experimental/MutableClothing/MutableClothing.uplugin" 554
"../../../Engine/Plugins/Experimental/NeuralRendering/NeuralRendering.uplugin" 555
"../../../Engine/Plugins/Experimental/MutablePopulation/MutablePopulation.uplugin" 556
"../../../Engine/Plugins/Experimental/NNERuntimeCoreML/NNERuntimeCoreML.uplugin" 557
"../../../Engine/Plugins/Experimental/MovieSceneAnimMixer/MovieSceneAnimMixer.uplugin" 558
"../../../Engine/Plugins/Experimental/Mover/Mover.uplugin" 559
"../../../Engine/Plugins/Experimental/OpenImageDenoise/OpenImageDenoise.uplugin" 560
"../../../Engine/Plugins/Experimental/NaniteDisplacedMesh/NaniteDisplacedMesh.uplugin" 561
"../../../Engine/Plugins/Experimental/MoverTests/MoverTests.uplugin" 562
"../../../Engine/Plugins/Experimental/LocalizableMessage/LocalizableMessage.uplugin" 563
"../../../Engine/Plugins/Experimental/OptiXDenoise/OptiXDenoise.uplugin" 564
"../../../Engine/Plugins/Experimental/NNERuntimeRDG/NNERuntimeRDG.uplugin" 565
"../../../Engine/Plugins/Experimental/MoverAnimNext/MoverAnimNext.uplugin" 566
"../../../Engine/Plugins/Experimental/PCGBiomeSample/PCGBiomeSample.uplugin" 567
"../../../Engine/Plugins/Experimental/PCGBiomeCore/PCGBiomeCore.uplugin" 568
"../../../Engine/Plugins/Experimental/PhysicsControl/PhysicsControl.uplugin" 569
"../../../Engine/Plugins/Experimental/PixelStreamingPlayer/PixelStreamingPlayer.uplugin" 570
"../../../Engine/Plugins/Experimental/LiveLinkFaceImporter/LiveLinkFaceImporter.uplugin" 571
"../../../Engine/Plugins/Experimental/PlainProps/PlainProps.uplugin" 572
"../../../Engine/Plugins/Experimental/PluginAudit/PluginAudit.uplugin" 573
"../../../Engine/Plugins/Experimental/PlatformCrypto/PlatformCrypto.uplugin" 574
"../../../Engine/Plugins/Experimental/PlainPropsUObject/PlainPropsUObject.uplugin" 575
"../../../Engine/Plugins/Experimental/PluginReferenceViewer/PluginReferenceViewer.uplugin" 576
"../../../Engine/Plugins/Experimental/PluginTemplateTool/PluginTemplateTool.uplugin" 577
"../../../Engine/Plugins/Experimental/NNERuntimeIREE/NNERuntimeIREE.uplugin" 578
"../../../Engine/Plugins/Experimental/PSDImporter/PSDImporter.uplugin" 579
"../../../Engine/Plugins/Experimental/RawInput/RawInput.uplugin" 580
"../../../Engine/Plugins/Experimental/MovieScenePoseSearchTracks/MovieScenePoseSearchTracks.uplugin" 581
"../../../Engine/Plugins/Experimental/QuicMessaging/QuicMessaging.uplugin" 582
"../../../Engine/Plugins/Experimental/RemoteSession/RemoteSession.uplugin" 583
"../../../Engine/Plugins/Experimental/RenderGrid/RenderGrid.uplugin" 584
"../../../Engine/Plugins/Experimental/PlanarCutPlugin/PlanarCut.uplugin" 585
"../../../Engine/Plugins/Experimental/RazerChromaDevices/RazerChromaDevices.uplugin" 586
"../../../Engine/Plugins/Experimental/RigLogicAnimNext/RigLogicAnimNext.uplugin" 587
"../../../Engine/Plugins/Experimental/ScreenReader/ScreenReader.uplugin" 588
"../../../Engine/Plugins/Experimental/NFORDenoise/NFORDenoise.uplugin" 589
"../../../Engine/Plugins/Experimental/PythonScriptPlugin/PythonScriptPlugin.uplugin" 590
"../../../Engine/Plugins/Experimental/SecuritySandbox/SecuritySandbox.uplugin" 591
"../../../Engine/Plugins/Experimental/NNERuntimeBasicCpu/NNERuntimeBasicCpu.uplugin" 592
"../../../Engine/Plugins/Experimental/SerializationUtils/SerializationUtils.uplugin" 593
"../../../Engine/Plugins/Experimental/RigLogicMutable/RigLogicMutable.uplugin" 594
"../../../Engine/Plugins/Experimental/PythonFoundationPackages/PythonFoundationPackages.uplugin" 595
"../../../Engine/Plugins/Experimental/SceneState/SceneState.uplugin" 596
"../../../Engine/Plugins/Experimental/PostProcessMaterialChainGraph/PostProcessMaterialChainGraph.uplugin" 597
"../../../Engine/Plugins/Experimental/Shotgrid/Shotgrid.uplugin" 598
"../../../Engine/Plugins/Experimental/PanoramicCapture/PanoramicCapture.uplugin" 599
"../../../Engine/Plugins/Experimental/SlateScreenReader/SlateScreenReader.uplugin" 600
"../../../Engine/Plugins/Experimental/SlateIM/SlateIM.uplugin" 601
"../../../Engine/Plugins/Experimental/SlateModelViewViewModel/SlateModelViewViewModel.uplugin" 602
"../../../Engine/Plugins/Experimental/SkeletalReduction/SkeletalReduction.uplugin" 603
"../../../Engine/Plugins/Experimental/RemoteControlComponents/RemoteControlComponents.uplugin" 604
"../../../Engine/Plugins/Experimental/SimpleHMD/SimpleHMD.uplugin" 605
"../../../Engine/Plugins/Experimental/SubtitlesAndClosedCaptions/SubtitlesAndClosedCaptions.uplugin" 606
"../../../Engine/Plugins/Experimental/RuntimeTelemetry/RuntimeTelemetry.uplugin" 607
"../../../Engine/Plugins/Experimental/SubmitToolEditor/SubmitToolEditor.uplugin" 608
"../../../Engine/Plugins/Experimental/SurfaceEffects/SurfaceEffects.uplugin" 609
"../../../Engine/Plugins/Experimental/TargetDeviceServicesScripting/TargetDeviceServicesScripting.uplugin" 610
"../../../Engine/Plugins/Experimental/SVGImporter/SVGImporter.uplugin" 611
"../../../Engine/Plugins/Experimental/Tensorboard/Tensorboard.uplugin" 612
"../../../Engine/Plugins/Experimental/TechAudioTools/TechAudioTools.uplugin" 613
"../../../Engine/Plugins/Experimental/TetMeshing/TetMeshing.uplugin" 614
"../../../Engine/Plugins/Experimental/UserToolBoxCore/UserToolBoxCore.uplugin" 615
"../../../Engine/Plugins/Experimental/TextureMediaPlayer/TextureMediaPlayer.uplugin" 616
"../../../Engine/Plugins/Experimental/SequenceNavigator/SequenceNavigator.uplugin" 617
"../../../Engine/Plugins/Experimental/VirtualHeightfieldMesh/VirtualHeightfieldMesh.uplugin" 618
"../../../Engine/Plugins/Experimental/SpatialReadiness/SpatialReadiness.uplugin" 619
"../../../Engine/Plugins/Experimental/UserToolBoxBasicCommand/UserToolBoxBasicCommand.uplugin" 620
"../../../Engine/Plugins/Experimental/ToolPresets/ToolPresets.uplugin" 621
"../../../Engine/Plugins/Experimental/Volumetrics/Volumetrics.uplugin" 622
"../../../Engine/Plugins/Experimental/Water/Water.uplugin" 623
"../../../Engine/Plugins/Experimental/TextToSpeech/TextToSpeech.uplugin" 624
"../../../Engine/Plugins/Experimental/VirtualProductionUtilities/VirtualProductionUtilities.uplugin" 625
"../../../Engine/Plugins/Experimental/WaterAdvanced/WaterAdvanced.uplugin" 626
"../../../Engine/Plugins/Experimental/WaveFunctionCollapse/WaveFunctionCollapse.uplugin" 627
"../../../Engine/Plugins/Experimental/WebSocketNetworking/WebSocketNetworking.uplugin" 628
"../../../Engine/Plugins/Experimental/PSDImporterMaterialDesignerBridge/PSDImporterMaterialDesignerBridge.uplugin" 629
"../../../Engine/Plugins/Experimental/Workspace/Workspace.uplugin" 630
"../../../Engine/Plugins/Experimental/StructUtils/StructUtils.uplugin" 631
"../../../Engine/Plugins/Experimental/WaterExtras/WaterExtras.uplugin" 632
"../../../Engine/Plugins/Experimental/WidgetEditorToolPalette/WidgetEditorToolPalette.uplugin" 633
"../../../Engine/Plugins/Experimental/UIFramework/UIFramework.uplugin" 634
"../../../Engine/Plugins/Experimental/XRCreativeFramework/XRCreativeFramework.uplugin" 635
"../../../Engine/Plugins/Messaging/MessagingDebugger/MessagingDebugger.uplugin" 636
"../../../Engine/Plugins/Messaging/UdpMessaging/UdpMessaging.uplugin" 637
"../../../Engine/Plugins/Tests/CQTestEnhancedInput/CQTestEnhancedInput.uplugin" 638
"../../../Engine/Plugins/Experimental/Text3D/Text3D.uplugin" 639
"../../../Engine/Plugins/Performance/PerformanceMonitor/PerformanceMonitor.uplugin" 640
"../../../Engine/Plugins/Tests/CQTest/CQTest.uplugin" 641
"../../../Engine/Plugins/Tests/InterchangeTests/InterchangeTests.uplugin" 642
"../../../Engine/Plugins/Experimental/WebSocketMessaging/WebSocketMessaging.uplugin" 643
"../../../Engine/Plugins/Tests/PythonAutomationTest/PythonAutomationTest.uplugin" 644
"../../../Engine/Plugins/Tests/FunctionalTestingEditor/FunctionalTestingEditor.uplugin" 645
"../../../Engine/Plugins/Tests/RHITests/RHITests.uplugin" 646
"../../../Engine/Plugins/Tests/TestFramework/TestFramework.uplugin" 647
"../../../Engine/Plugins/Messaging/TcpMessaging/TcpMessaging.uplugin" 648
"../../../Engine/Plugins/Experimental/StateGraph/StateGraph.uplugin" 649
"../../../Engine/Plugins/Tests/TestSamples/TestSamples.uplugin" 650
"../../../Engine/Plugins/Tests/RuntimeTests/RuntimeTests.uplugin" 651
"../../../Engine/Plugins/Tests/WidgetAutomationTests/WidgetAutomationTests.uplugin" 652
"../../../Engine/Plugins/Online/Android/OnlineSubsystemGooglePlay/OnlineSubsystemGooglePlay.uplugin" 653
"../../../Engine/Plugins/Runtime/Steam/SteamShared/SteamShared.uplugin" 654
"../../../Engine/Plugins/Tests/EditorTests/EditorTests.uplugin" 655
"../../../Engine/Plugins/Runtime/Steam/SteamSockets/SteamSockets.uplugin" 656
"../../../Engine/Plugins/Tests/AutomationDriverTests/AutomationDriverTests.uplugin" 657
"../../../Engine/Plugins/Tests/FbxAutomationTestBuilder/FbxAutomationTestBuilder.uplugin" 658
"../../../Engine/Plugins/Editor/ContentBrowser/ContentBrowserAliasDataSource/ContentBrowserAliasDataSource.uplugin" 659
"../../../Engine/Plugins/Interchange/Extensions/OpenUSD/InterchangeOpenUSD.uplugin" 660
"../../../Engine/Plugins/Interchange/Extensions/OpenVDB/InterchangeOpenVDB.uplugin" 661
"../../../Engine/Plugins/Runtime/Steam/SteamController/SteamController.uplugin" 662
"../../../Engine/Plugins/Editor/ContentBrowser/ContentBrowserClassDataSource/ContentBrowserClassDataSource.uplugin" 663
"../../../Engine/Plugins/Online/Android/AndroidFetchBackgroundDownload/AndroidFetchBackgroundDownload.uplugin" 664
"../../../Engine/Plugins/Experimental/VirtualProduction/VPSettings/VPSettings.uplugin" 665
"../../../Engine/Plugins/Performance/AutomatedPerfTesting/AutomatedPerfTesting.uplugin" 666
"../../../Engine/Plugins/Online/VoiceChat/VoiceChat/VoiceChat.uplugin" 667
"../../../Engine/Plugins/VirtualProduction/DMX/DatasmithMVR/DatasmithMVR.uplugin" 668
"../../../Engine/Plugins/Experimental/VirtualProduction/VPRoles/VPRoles.uplugin" 669
"../../../Engine/Plugins/Experimental/VirtualProduction/LedWallCalibration/LedWallCalibration.uplugin" 670
"../../../Engine/Plugins/Online/VoiceChat/EOSVoiceChat/EOSVoiceChat.uplugin" 671
"../../../Engine/Plugins/VirtualProduction/DMX/DMXGDTF/DMXGDTF.uplugin" 672
"../../../Engine/Plugins/VirtualProduction/DMX/DMXEngine/DMXEngine.uplugin" 673
"../../../Engine/Plugins/VirtualProduction/DMX/DMXDisplayCluster/DMXDisplayCluster.uplugin" 674
"../../../Engine/Plugins/VirtualProduction/DMX/DMXFixtures/DMXFixtures.uplugin" 675
"../../../Engine/Plugins/Editor/ContentBrowser/ContentBrowserFileDataSource/ContentBrowserFileDataSource.uplugin" 676
"../../../Engine/Plugins/VirtualProduction/DMX/DMXPixelMapping/DMXPixelMapping.uplugin" 677
"../../../Engine/Plugins/Experimental/Animation/CurveExpression/CurveExpression.uplugin" 678
"../../../Engine/Plugins/Editor/ContentBrowser/ContentBrowserAssetDataSource/ContentBrowserAssetDataSource.uplugin" 679
"../../../Engine/Plugins/VirtualProduction/DMX/DMXModularFeatures/DMXModularFeatures.uplugin" 680
"../../../Engine/Plugins/Experimental/Animation/HierarchyTable/HierarchyTable.uplugin" 681
"../../../Engine/Plugins/Experimental/Animation/Locomotor/Locomotor.uplugin" 682
"../../../Engine/Plugins/Experimental/Animation/ContextualAnimation/ContextualAnimation.uplugin" 683
"../../../Engine/Plugins/Experimental/Animation/HierarchyTableAnimation/HierarchyTableAnimation.uplugin" 684
"../../../Engine/Plugins/Experimental/Animation/Optimus/Optimus.uplugin" 685
"../../../Engine/Plugins/VirtualProduction/DMX/DMXProtocol/DMXProtocol.uplugin" 686
"../../../Engine/Plugins/Experimental/Animation/RigMapper/RigMapper.uplugin" 687
"../../../Engine/Plugins/Experimental/Animation/PackedAttributes/PackedAttributes.uplugin" 688
"../../../Engine/Plugins/Runtime/Steam/SteamAudio/SteamAudio.uplugin" 689
"../../../Engine/Plugins/Experimental/Animation/TrajectoryTools/TrajectoryTools.uplugin" 690
"../../../Engine/Plugins/Runtime/MeshReconstruction/DummyMeshReconstructor/DummyMeshReconstructor.uplugin" 691
"../../../Engine/Plugins/VirtualProduction/CaptureManager/CaptureManagerCore/CaptureManagerCore.uplugin" 692
"../../../Engine/Plugins/Experimental/Animation/SkeletonTemplateFramework/SkeletonTemplateFramework.uplugin" 693
"../../../Engine/Plugins/Experimental/Animation/SkeletalMeshMorphTargetEditingTools/SkeletalMeshMorphTargetEditingTools.uplugin" 694
"../../../Engine/Plugins/VirtualProduction/CaptureManager/CaptureManagerApp/CaptureManagerApp.uplugin" 695
"../../../Engine/Plugins/Animation/MLDeformer/ChaosClothGenerator/ChaosClothGenerator.uplugin" 696
"../../../Engine/Plugins/Experimental/Compositing/CompositeCore/CompositeCore.uplugin" 697
"../../../Engine/Plugins/Experimental/Compositing/HoldoutComposite/HoldoutComposite.uplugin" 698
"../../../Engine/Plugins/VirtualProduction/DMX/DMXControlConsole/DMXControlConsole.uplugin" 699
"../../../Engine/Plugins/Experimental/Animation/MotionTrajectory/MotionTrajectory.uplugin" 700
"../../../Engine/Plugins/Experimental/Web/WebAPI/WebAPI.uplugin" 701
"../../../Engine/Plugins/VirtualProduction/CaptureManager/CaptureManagerEditor/CaptureManagerEditor.uplugin" 702
"../../../Engine/Plugins/Animation/MLDeformer/NearestNeighborModel/NearestNeighborModel.uplugin" 703
"../../../Engine/Plugins/Animation/MLDeformer/NeuralMorphModel/NeuralMorphModel.uplugin" 704
"../../../Engine/Plugins/VirtualProduction/CaptureManager/CaptureManagerDevices/CaptureManagerDevices.uplugin" 705
"../../../Engine/Plugins/VirtualProduction/Rivermax/RivermaxMedia/RivermaxMedia.uplugin" 706
"../../../Engine/Plugins/Runtime/XR/XRVisualization/XRVisualization.uplugin" 707
"../../../Engine/Plugins/Online/IOS/OnlineSubsystemIOS/OnlineSubsystemIOS.uplugin" 708
"../../../Engine/Plugins/VirtualProduction/Rivermax/RivermaxCore/RivermaxCore.uplugin" 709
"../../../Engine/Plugins/Runtime/Advertising/IOSTapJoy/IOSTapJoy.uplugin" 710
"../../../Engine/Plugins/Runtime/XR/XRScribe/XRScribe.uplugin" 711
"../../../Engine/Plugins/VirtualProduction/Rivermax/RivermaxSync/RivermaxSync.uplugin" 712
"../../../Engine/Plugins/Animation/MLDeformer/VertexDeltaModel/VertexDeltaModel.uplugin" 713
"../../../Engine/Plugins/Runtime/Nvidia/GeForceNOWWrapper/GeForceNOWWrapper.uplugin" 714
"../../../Engine/Plugins/Runtime/Analytics/FileLogging/FileLogging.uplugin" 715
"../../../Engine/Plugins/Runtime/PacketHandlers/AESHandlerComponent/AESHandlerComponent.uplugin" 716
"../../../Engine/Plugins/Experimental/MetaHuman/MetaHumanRuntime/MetaHumanRuntime.uplugin" 717
"../../../Engine/Plugins/Runtime/Analytics/AnalyticsBlueprintLibrary/AnalyticsBlueprintLibrary.uplugin" 718
"../../../Engine/Plugins/Runtime/Analytics/AnalyticsMulticast/AnalyticsMulticast.uplugin" 719
"../../../Engine/Plugins/Experimental/CharacterFXEditor/BaseCharacterFXEditor/BaseCharacterFXEditor.uplugin" 720
"../../../Engine/Plugins/Runtime/PacketHandlers/AESGCMHandlerComponent/AESGCMHandlerComponent.uplugin" 721
"../../../Engine/Plugins/Runtime/AR/ARUtilities/ARUtilities.uplugin" 722
"../../../Engine/Plugins/Experimental/CharacterFXEditor/ExampleCharacterFXEditor/ExampleCharacterFXEditor.uplugin" 723
"../../../Engine/Plugins/Animation/MLDeformer/MLDeformerFramework/MLDeformerFramework.uplugin" 724
"../../../Engine/Plugins/Runtime/Windows/XInputDevice/XInputDevice.uplugin" 725
"../../../Engine/Plugins/Runtime/Windows/WinDualShock/WinDualShock.uplugin" 726
"../../../Engine/Plugins/Runtime/Analytics/Adjust/Adjust.uplugin" 727
"../../../Engine/Plugins/Runtime/Nvidia/Reflex/Reflex.uplugin" 728
"../../../Engine/Plugins/Animation/MLDeformer/ChaosFleshGenerator/ChaosFleshGenerator.uplugin" 729
"../../../Engine/Plugins/Editor/Localization/PortableObjectFileDataSource/PortableObjectFileDataSource.uplugin" 730
"../../../Engine/Plugins/Experimental/AVCodecs/LibVpxCodecs/LibVpxCodecs.uplugin" 731
"../../../Engine/Plugins/Runtime/PacketHandlers/DTLSHandlerComponent/DTLSHandlerComponent.uplugin" 732
"../../../Engine/Plugins/Editor/ObjectMixer/ObjectMixer/ObjectMixer.uplugin" 733
"../../../Engine/Plugins/Developer/Concert/ConcertMain/ConcertMain.uplugin" 734
"../../../Engine/Plugins/Experimental/AVCodecs/WMFCodecs/WMFCodecs.uplugin" 735
"../../../Engine/Plugins/Experimental/AVCodecs/NVCodecs/NVCodecs.uplugin" 736
"../../../Engine/Plugins/Experimental/Enterprise/DatasmithInterchange/DatasmithInterchange.uplugin" 737
"../../../Engine/Plugins/Experimental/Enterprise/DatasmithRuntime/DatasmithRuntime.uplugin" 738
"../../../Engine/Plugins/Experimental/AVCodecs/VTCodecs/VTCodecs.uplugin" 739
"../../../Engine/Plugins/Experimental/PCGInterops/PCGInstancedActorsInterop/PCGInstancedActorsInterop.uplugin" 740
"../../../Engine/Plugins/Experimental/PCGInterops/PCGNiagaraInterop/PCGNiagaraInterop.uplugin" 741
"../../../Engine/Plugins/Experimental/PCGInterops/PCGWaterInterop/PCGWaterInterop.uplugin" 742
"../../../Engine/Plugins/Experimental/AVCodecs/AVCodecsCore/AVCodecsCore.uplugin" 743
"../../../Engine/Plugins/Runtime/Database/ADOSupport/ADOSupport.uplugin" 744
"../../../Engine/Plugins/Experimental/AVCodecs/AMFCodecs/AMFCodecs.uplugin" 745
"../../../Engine/Plugins/Runtime/Database/DatabaseSupport/DatabaseSupport.uplugin" 746
"../../../Engine/Plugins/Editor/ObjectMixer/LightMixer/LightMixer.uplugin" 747
"../../../Engine/Plugins/Developer/Concert/ConcertSync/ConcertSyncServer/ConcertSyncServer.uplugin" 748
"../../../Engine/Plugins/Runtime/Database/SQLiteSupport/SQLiteSupport.uplugin" 749
"../../../Engine/Plugins/Runtime/Database/RemoteDatabaseSupport/RemoteDatabaseSupport.uplugin" 750
"../../../Engine/Plugins/Developer/Concert/ConcertSync/ConcertSyncCore/ConcertSyncCore.uplugin" 751
"../../../Engine/Plugins/Developer/Concert/ConcertSync/ConcertSyncTest/ConcertSyncTest.uplugin" 752
"../../../Engine/Plugins/Developer/Concert/ConcertUI/ConcertClientSharedSlate/ConcertClientSharedSlate.uplugin" 753
"../../../Engine/Plugins/Developer/Concert/ConcertInsights/ConcertInsightsCore/ConcertInsightsCore.uplugin" 754
"../../../Engine/Plugins/Developer/Concert/ConcertApp/DisasterRecoveryClient/DisasterRecoveryClient.uplugin" 755
"../../../Engine/Plugins/Developer/Concert/ConcertSync/ConcertSyncClient/ConcertSyncClient.uplugin" 756
"../../../Engine/Plugins/Runtime/AR/AppleAR/AppleARKit/AppleARKit.uplugin" 757
"../../../Engine/Plugins/Runtime/Database/SQLiteCore/SQLiteCore.uplugin" 758
"../../../Engine/Plugins/Developer/Concert/ConcertInsights/ConcertInsightsClient/ConcertInsightsClient.uplugin" 759
"../../../Engine/Plugins/Runtime/AR/Google/GoogleARCore/GoogleARCore.uplugin" 760
"../../../Engine/Plugins/Developer/Concert/ConcertInsights/ConcertInsightsVisualizer/ConcertInsightsVisualizer.uplugin" 761
"../../../Engine/Plugins/Runtime/AR/AppleAR/AppleARKitFaceSupport/AppleARKitFaceSupport.uplugin" 762
"../../../Engine/Plugins/Experimental/Enterprise/DataprepGeometryOperations/DataprepGeometryOperations.uplugin" 763
"../../../Engine/Plugins/Developer/Concert/ConcertInsights/ConcertInsightsServer/ConcertInsightsServer.uplugin" 764
"../../../Engine/Plugins/Developer/Concert/ConcertApp/MultiUserServer/MultiUserServer.uplugin" 765
"../../../Engine/Plugins/Runtime/AR/Google/GoogleARCoreServices/GoogleARCoreServices.uplugin" 766
"../../../Engine/Plugins/Developer/Concert/ConcertScripting/ConcertReplicationScripting/ConcertReplicationScripting.uplugin" 767
"../../../Engine/Plugins/Developer/Concert/ConcertApp/MultiUserClient/MultiUserClient.uplugin" 768
"../../../Engine/Plugins/Experimental/Animation/MLDeformer/DetailPoseModel/DetailPoseModel.uplugin" 769
"../../../Engine/Plugins/Developer/Concert/ConcertUI/ConcertSharedSlate/ConcertSharedSlate.uplugin" 770
"../../../Engine/Platforms/Android/Plugins/RigLogic/RigLogic_Android.uplugin" 771
"../../../Engine/Platforms/Android/Plugins/Animation/ACLPlugin/ACLPlugin_Android.uplugin" 772
"../../../Engine/Platforms/IOS/Plugins/RigLogic/RigLogic_IOS.uplugin" 773
"../../../Engine/Content/Internationalization/icudt64l/cnvalias.icu" 774
"../../../Engine/Content/Internationalization/icudt64l/res_index.res" 775
"../../../Engine/Content/Internationalization/icudt64l/plurals.res" 776
"../../../Engine/Content/Internationalization/icudt64l/lang/en.res" 777
"../../../Engine/Content/Internationalization/icudt64l/lang/pool.res" 778
"../../../Engine/Content/Internationalization/icudt64l/lang/root.res" 779
"../../../Engine/Content/Internationalization/icudt64l/region/en.res" 780
"../../../Engine/Content/Internationalization/icudt64l/region/pool.res" 781
"../../../Engine/Content/Internationalization/icudt64l/region/root.res" 782
"../../../Engine/Content/Internationalization/icudt64l/windowsZones.res" 783
"../../../Engine/Content/Internationalization/icudt64l/zoneinfo64.res" 784
"../../../Engine/Content/Internationalization/icudt64l/keyTypeData.res" 785
"../../../Engine/Content/Internationalization/icudt64l/timezoneTypes.res" 786
"../../../Engine/Content/Internationalization/icudt64l/likelySubtags.res" 787
"../../../Engine/Content/Internationalization/icudt64l/en_US.res" 788
"../../../Engine/Content/Internationalization/icudt64l/pool.res" 789
"../../../Engine/Content/Internationalization/icudt64l/en.res" 790
"../../../Engine/Content/Internationalization/icudt64l/root.res" 791
"../../../Engine/Content/Internationalization/icudt64l/supplementalData.res" 792
"../../../Engine/Config/ConfigRedirects.ini" 793
"C:/Users/WenzinOL/AppData/Local/UnrealEngine/5.6/Saved/Config/WindowsEditor/Manifest.ini" 794
"../../../Engine/Config/BaseEngine.ini" 795
"../../../Engine/Config/Windows/BaseWindowsEngine.ini" 796
"../../../../../Users/WenzinOL/Documents/GitHub/MyProject-River/Config/DefaultEngine.ini" 797
"../../../Engine/Config/BaseGame.ini" 798
"../../../../../Users/WenzinOL/Documents/GitHub/MyProject-River/Config/DefaultGame.ini" 799
"../../../Engine/Config/Windows/WindowsGame.ini" 800
"C:/Users/WenzinOL/Documents/GitHub/MyProject-River/Saved/Config/WindowsEditor/Game.ini" 801
"../../../Engine/Config/BaseInput.ini" 802
"../../../Engine/Config/Windows/BaseWindowsInput.ini" 803
"../../../../../Users/WenzinOL/Documents/GitHub/MyProject-River/Config/DefaultInput.ini" 804
"../../../Engine/Config/Windows/WindowsInput.ini" 805
"../../../Engine/Config/BaseDeviceProfiles.ini" 806
"../../../Engine/Config/BaseGameUserSettings.ini" 807
"C:/Users/WenzinOL/Documents/GitHub/MyProject-River/Saved/Config/WindowsEditor/GameUserSettings.ini" 808
"../../../Engine/Config/BaseScalability.ini" 809
"../../../Engine/Config/BaseRuntimeOptions.ini" 810
"../../../Engine/Config/BaseInstallBundle.ini" 811
"../../../Engine/Config/BaseHardware.ini" 812
"../../../Engine/Config/BaseCompat.ini" 813
"../../../Engine/Config/BaseLightmass.ini" 814
"../../../Engine/Config/BaseEditor.ini" 815
"../../../../../Users/WenzinOL/Documents/GitHub/MyProject-River/Config/DefaultEditor.ini" 816
"C:/Users/WenzinOL/Documents/GitHub/MyProject-River/Saved/Config/WindowsEditor/Editor.ini" 817
"../../../Engine/Config/BaseMaterialExpressions.ini" 818
"../../../Engine/Config/BaseEditorPerProjectUserSettings.ini" 819
"../../../../../Users/WenzinOL/Documents/GitHub/MyProject-River/Config/DefaultEditorPerProjectUserSettings.ini" 820
"../../../Engine/Config/Windows/WindowsEditorPerProjectUserSettings.ini" 821
"C:/Users/WenzinOL/Documents/GitHub/MyProject-River/Saved/Config/WindowsEditor/EditorPerProjectUserSettings.ini" 822
"../../../Engine/Config/BaseEditorSettings.ini" 823
"../../../Engine/Config/Windows/WindowsEditorSettings.ini" 824
"C:/Users/WenzinOL/AppData/Local/UnrealEngine/5.6/Saved/Config/WindowsEditor/EditorSettings.ini" 825
"../../../Engine/Config/BaseEditorKeyBindings.ini" 826
"C:/Users/WenzinOL/AppData/Local/UnrealEngine/5.6/Saved/Config/WindowsEditor/EditorLayout.ini" 827
"../../../Engine/Config/Linux/BaseLinuxEngine.ini" 828
"../../../Engine/Config/Mac/BaseMacEngine.ini" 829
"../../../Engine/Config/IOS/BaseIOSEngine.ini" 830
"../../../Engine/Config/Android/BaseAndroidEngine.ini" 831
"../../../Engine/Config/LinuxArm64/BaseLinuxArm64Engine.ini" 832
"../../../Engine/Config/Unix/UnixEngine.ini" 833
"../../../Engine/Config/Linux/LinuxEngine.ini" 834
"../../../Engine/Config/Android/AndroidEngine.ini" 835
"../../../Engine/Platforms/VisionOS/Config/BaseVisionOSEngine.ini" 836
"../../../Engine/Config/TVOS/TVOSEngine.ini" 837
"../../../../../Users/WenzinOL/Documents/GitHub/MyProject-River/Binaries/Win64/ContractualGauntlet.target" 838
"../../../Engine/Platforms/VisionOS/Config/VisionOSEngine.ini" 839
"../../../Engine/Config/LinuxArm64/LinuxArm64Engine.ini" 840
"../../../Engine/Config/IOS/BaseIOSGame.ini" 841
"../../../Engine/Config/Android/BaseAndroidGame.ini" 842
"../../../Engine/Config/Mac/MacGame.ini" 843
"../../../Engine/Config/IOS/IOSGame.ini" 844
"../../../Engine/Config/Linux/LinuxGame.ini" 845
"../../../Engine/Binaries/Win64/BootstrapPackagedGame-Win64-Shipping.target" 846
"../../../Engine/Config/Android/BaseAndroidInput.ini" 847
"../../../Engine/Config/IOS/BaseIOSInput.ini" 848
"../../../Engine/Config/Mac/BaseMacInput.ini" 849
"../../../Engine/Binaries/Win64/BuildPatchTool-Win64-Shipping.target" 850
"../../../Engine/Binaries/Win64/CrashReportClient-Win64-Shipping.target" 851
"../../../Engine/Config/IOS/IOSScalability.ini" 852
"../../../Engine/Config/Android/AndroidScalability.ini" 853
"../../../Engine/Binaries/Win64/CrashReportClientEditor-Win64-Shipping.target" 854
"../../../Engine/Config/IOS/BaseIOSInstallBundle.ini" 855
"../../../Engine/Config/Android/BaseAndroidInstallBundle.ini" 856
"../../../Engine/Binaries/Win64/DatasmithCADWorker.target" 857
"../../../Engine/Binaries/Win64/EpicWebHelper-Win64-Shipping.target" 858
"../../../Engine/Binaries/Win64/InterchangeWorker.target" 859
"../../../Engine/Binaries/Win64/LiveCodingConsole.target" 860
"../../../Engine/Binaries/Win64/LiveLinkHub.target" 861
"../../../Engine/Binaries/Win64/ShaderCompileWorker.target" 862
"../../../Engine/Binaries/Win64/SwitchboardListener.target" 863
"../../../Engine/Binaries/Win64/SwitchboardListenerHelper.target" 864
"../../../Engine/Binaries/Win64/UnrealEditor-Win64-DebugGame.target" 865
"../../../Engine/Binaries/Win64/UnrealEditor.target" 866
"../../../Engine/Config/PluginBase.ini" 867
"../../../Engine/Plugins/ChaosVD/Config/DefaultChaosVD.ini" 868
"../../../Engine/Plugins/EnhancedInput/Config/BaseEnhancedInput.ini" 869
"../../../Engine/Plugins/TraceUtilities/Config/BaseTraceUtilities.ini" 870
"../../../Engine/Plugins/Enterprise/DatasmithContent/Config/BaseDatasmithContent.ini" 871
"../../../Engine/Plugins/Enterprise/GLTFExporter/Config/BaseGLTFExporter.ini" 872
"../../../Engine/Plugins/Enterprise/GLTFExporter/Config/DefaultGLTFExporter.ini" 873
"../../../Engine/Plugins/Enterprise/VariantManagerContent/Config/BaseVariantManagerContent.ini" 874
"../../../Engine/Plugins/FX/Niagara/Config/BaseNiagara.ini" 875
"../../../Engine/Plugins/Interchange/Assets/Config/BaseInterchangeAssets.ini" 876
"../../../Engine/Plugins/Interchange/Runtime/Config/BaseInterchange.ini" 877
"../../../Engine/Plugins/MetaHuman/MetaHumanSDK/Config/BaseMetaHumanSDK.ini" 878
"../../../Engine/Plugins/VirtualProduction/CameraCalibrationCore/Config/BaseCameraCalibrationCore.ini" 879
"../../../Engine/Plugins/VirtualProduction/Takes/Config/BaseTakes.ini" 880
"../../../Engine/Plugins/Marketplace/PaperZD8b0e064aa89dV19/Config/BasePaperZD.ini" 881
"../../../Engine/Plugins/Marketplace/PaperZD8b0e064aa89dV19/Config/DefaultPaperZD.ini" 882
"../../../Engine/Plugins/Runtime/GameplayStateTree/Config/BaseGameplayStateTree.ini" 883
"../../../Engine/Plugins/Runtime/HairStrands/Config/BaseHairStrands.ini" 884
"../../../Engine/Plugins/Runtime/Metasound/Config/BaseMetasound.ini" 885
"../../../Engine/Plugins/Runtime/Metasound/Config/DefaultMetasound.ini" 886
"../../../Engine/Plugins/Runtime/PropertyBindingUtils/Config/BasePropertyBindingUtils.ini" 887
"../../../Engine/Plugins/Runtime/RigVM/Config/BaseRigVM.ini" 888
"../../../Engine/Plugins/Runtime/StateTree/Config/BaseStateTree.ini" 889
"../../../Engine/Plugins/Runtime/Synthesis/Config/BaseSynthesis.ini" 890
"../../../Engine/Plugins/2D/Paper2D/Config/BasePaper2D.ini" 891
"../../../Engine/Plugins/Animation/ControlRig/Config/BaseControlRig.ini" 892
"../../../Engine/Plugins/Animation/DeformerGraph/Config/BaseDeformerGraph.ini" 893
"../../../Engine/Plugins/Animation/IKRig/Config/BaseIKRig.ini" 894
"../../../Engine/Plugins/Cameras/GameplayCameras/Config/BaseGameplayCameras.ini" 895
"../../../Engine/Plugins/Editor/EditorScriptingUtilities/Config/BaseEditorScriptingUtilities.ini" 896
"../../../Engine/Plugins/Experimental/FullBodyIK/Config/BaseFullBodyIK.ini" 897
"../../../Engine/Plugins/Experimental/ToolPresets/Config/BaseToolPresets.ini" 898
"../../../Engine/Plugins/Experimental/Compositing/CompositeCore/Config/BaseCompositeCore.ini" 899
"../../../Engine/Plugins/ChaosVD/Config/Engine.ini" 900
"../../../Engine/Plugins/EnhancedInput/Config/Input.ini" 901
"../../../Engine/Plugins/Runtime/InputDebugging/Config/Input.ini" 902
"../../../Engine/Plugins/Runtime/Windows/XInputDevice/Config/Input.ini" 903
"../../../Engine/Plugins/Online/OnlineSubsystemUtils/Config/Editor.ini" 904
"../../../Engine/Plugins/Runtime/RigVM/Config/Editor.ini" 905
"../../../Engine/Plugins/NNE/NNEDenoiser/Config/Game.ini" 906
"../../../Engine/Plugins/Editor/ModelingToolsEditorMode/Binaries/Win64/UnrealEditor.modules" 907
"../../../Engine/Plugins/Runtime/MeshModelingToolset/Binaries/Win64/UnrealEditor.modules" 908
"../../../Engine/Plugins/Experimental/MeshModelingToolsetExp/Binaries/Win64/UnrealEditor.modules" 909
"../../../Engine/Plugins/Editor/MeshLODToolset/Binaries/Win64/UnrealEditor.modules" 910
"../../../Engine/Plugins/Experimental/ToolPresets/Binaries/Win64/UnrealEditor.modules" 911
"../../../Engine/Plugins/Editor/StylusInput/Binaries/Win64/UnrealEditor.modules" 912
"../../../Engine/Plugins/Runtime/GeometryProcessing/Binaries/Win64/UnrealEditor.modules" 913
"../../../Engine/Plugins/Editor/ProxyLODPlugin/Binaries/Win64/UnrealEditor.modules" 914
"../../../Engine/Plugins/Experimental/PlanarCutPlugin/Binaries/Win64/UnrealEditor.modules" 915
"../../../Engine/Plugins/Runtime/GeometryCache/Binaries/Win64/UnrealEditor.modules" 916
"../../../Engine/Plugins/Experimental/GeometryFlow/Binaries/Win64/UnrealEditor.modules" 917
"../../../Engine/Plugins/Editor/EditorScriptingUtilities/Binaries/Win64/UnrealEditor.modules" 918
"../../../Engine/Plugins/FX/Niagara/Binaries/Win64/UnrealEditor.modules" 919
"../../../Engine/Plugins/Experimental/PythonScriptPlugin/Binaries/Win64/UnrealEditor.modules" 920
"../../../Engine/Plugins/Editor/ContentBrowser/ContentBrowserFileDataSource/Binaries/Win64/UnrealEditor.modules" 921
"../../../Engine/Plugins/Runtime/GameplayStateTree/Binaries/Win64/UnrealEditor.modules" 922
"../../../Engine/Plugins/Runtime/StateTree/Binaries/Win64/UnrealEditor.modules" 923
"../../../Engine/Plugins/Animation/GameplayInsights/Binaries/Win64/UnrealEditor.modules" 924
"../../../Engine/Plugins/Runtime/PropertyAccess/Binaries/Win64/UnrealEditor.modules" 925
"../../../Engine/Plugins/Runtime/PropertyBindingUtils/Binaries/Win64/UnrealEditor.modules" 926
"../../../Engine/Plugins/Marketplace/PaperZD8b0e064aa89dV19/Binaries/Win64/UnrealEditor.modules" 927
"../../../Engine/Plugins/2D/Paper2D/Binaries/Win64/UnrealEditor.modules" 928
"../../../Engine/Plugins/ChaosCloth/Binaries/Win64/UnrealEditor.modules" 929
"../../../Engine/Plugins/Experimental/ChaosCaching/Binaries/Win64/UnrealEditor.modules" 930
"../../../Engine/Plugins/VirtualProduction/Takes/Binaries/Win64/UnrealEditor.modules" 931
"../../../Engine/Plugins/Runtime/AudioCapture/Binaries/Win64/UnrealEditor.modules" 932
"../../../Engine/Plugins/MovieScene/LevelSequenceEditor/Binaries/Win64/UnrealEditor.modules" 933
"../../../Engine/Plugins/Developer/NamingTokens/Binaries/Win64/UnrealEditor.modules" 934
"../../../Engine/Plugins/MovieScene/SequencerScripting/Binaries/Win64/UnrealEditor.modules" 935
"../../../Engine/Plugins/Editor/EngineAssetDefinitions/Binaries/Win64/UnrealEditor.modules" 936
"../../../Engine/Plugins/ChaosInsights/Binaries/Win64/UnrealEditor.modules" 937
"../../../Engine/Plugins/ChaosVD/Binaries/Win64/UnrealEditor.modules" 938
"../../../Engine/Plugins/Experimental/EditorDataStorage/Binaries/Win64/UnrealEditor.modules" 939
"../../../Engine/Plugins/Experimental/EditorDataStorageFeatures/Binaries/Win64/UnrealEditor.modules" 940
"../../../Engine/Plugins/CmdLinkServer/Binaries/Win64/UnrealEditor.modules" 941
"../../../Engine/Plugins/EnhancedInput/Binaries/Win64/UnrealEditor.modules" 942
"../../../Engine/Plugins/Editor/DataValidation/Binaries/Win64/UnrealEditor.modules" 943
"../../../Engine/Plugins/FastBuildController/Binaries/Win64/UnrealEditor.modules" 944
"../../../Engine/Plugins/IoStoreInsights/Binaries/Win64/UnrealEditor.modules" 945
"../../../Engine/Plugins/MassInsights/Binaries/Win64/UnrealEditor.modules" 946
"../../../Engine/Plugins/MeshPainting/Binaries/Win64/UnrealEditor.modules" 947
"../../../Engine/Plugins/Interchange/Editor/Binaries/Win64/UnrealEditor.modules" 948
"../../../Engine/Plugins/Interchange/Runtime/Binaries/Win64/UnrealEditor.modules" 949
"../../../Engine/Plugins/Enterprise/VariantManagerContent/Binaries/Win64/UnrealEditor.modules" 950
"../../../Engine/Plugins/Enterprise/VariantManager/Binaries/Win64/UnrealEditor.modules" 951
"../../../Engine/Plugins/Interchange/Assets/Binaries/Win64/UnrealEditor.modules" 952
"../../../Engine/Plugins/RenderGraphInsights/Binaries/Win64/UnrealEditor.modules" 953
"../../../Engine/Plugins/TraceUtilities/Binaries/Win64/UnrealEditor.modules" 954
"../../../Engine/Plugins/UbaController/Binaries/Win64/UnrealEditor.modules" 955
"../../../Engine/Plugins/WorldMetrics/Binaries/Win64/UnrealEditor.modules" 956
"../../../Engine/Plugins/XGEController/Binaries/Win64/UnrealEditor.modules" 957
"../../../Engine/Plugins/Compression/OodleNetwork/Binaries/Win64/UnrealEditor.modules" 958
"../../../Engine/Plugins/Enterprise/DatasmithContent/Binaries/Win64/UnrealEditor.modules" 959
"../../../Engine/Plugins/Enterprise/GLTFExporter/Binaries/Win64/UnrealEditor.modules" 960
"../../../Engine/Plugins/FX/Cascade/Binaries/Win64/UnrealEditor.modules" 961
"../../../Engine/Plugins/FX/NiagaraSimCaching/Binaries/Win64/UnrealEditor.modules" 962
"../../../Engine/Plugins/Importers/AlembicImporter/Binaries/Win64/UnrealEditor.modules" 963
"../../../Engine/Plugins/Media/AndroidMedia/Binaries/Win64/UnrealEditor.modules" 964
"../../../Engine/Plugins/Media/AvfMedia/Binaries/Win64/UnrealEditor.modules" 965
"../../../Engine/Plugins/Media/ImgMedia/Binaries/Win64/UnrealEditor.modules" 966
"../../../Engine/Plugins/Media/MediaPlayerEditor/Binaries/Win64/UnrealEditor.modules" 967
"../../../Engine/Plugins/Media/MediaCompositing/Binaries/Win64/UnrealEditor.modules" 968
"../../../Engine/Plugins/Media/MediaPlate/Binaries/Win64/UnrealEditor.modules" 969
"../../../Engine/Plugins/Experimental/Compositing/CompositeCore/Binaries/Win64/UnrealEditor.modules" 970
"../../../Engine/Plugins/Media/WmfMedia/Binaries/Win64/UnrealEditor.modules" 971
"../../../Engine/Plugins/MetaHuman/MetaHumanSDK/Binaries/Win64/UnrealEditor.modules" 972
"../../../Engine/Plugins/Animation/ControlRig/Binaries/Win64/UnrealEditor.modules" 973
"../../../Engine/Plugins/Runtime/HairStrands/Binaries/Win64/UnrealEditor.modules" 974
"../../../Engine/Plugins/Animation/RigLogic/Binaries/Win64/UnrealEditor.modules" 975
"../../../Engine/Plugins/Online/EOSShared/Binaries/Win64/UnrealEditor.modules" 976
"../../../Engine/Plugins/Runtime/RigVM/Binaries/Win64/UnrealEditor.modules" 977
"../../../Engine/Plugins/Animation/TweeningUtils/Binaries/Win64/UnrealEditor.modules" 978
"../../../Engine/Plugins/Animation/DeformerGraph/Binaries/Win64/UnrealEditor.modules" 979
"../../../Engine/Plugins/Experimental/Dataflow/Binaries/Win64/UnrealEditor.modules" 980
"../../../Engine/Plugins/Runtime/ComputeFramework/Binaries/Win64/UnrealEditor.modules" 981
"../../../Engine/Plugins/Experimental/CharacterFXEditor/BaseCharacterFXEditor/Binaries/Win64/UnrealEditor.modules" 982
"../../../Engine/Plugins/Runtime/ProceduralMeshComponent/Binaries/Win64/UnrealEditor.modules" 983
"../../../Engine/Plugins/Online/OnlineBase/Binaries/Win64/UnrealEditor.modules" 984
"../../../Engine/Plugins/Online/OnlineSubsystem/Binaries/Win64/UnrealEditor.modules" 985
"../../../Engine/Plugins/Online/OnlineSubsystemUtils/Binaries/Win64/UnrealEditor.modules" 986
"../../../Engine/Plugins/Online/OnlineServices/Binaries/Win64/UnrealEditor.modules" 987
"../../../Engine/Plugins/Online/OnlineSubsystemNull/Binaries/Win64/UnrealEditor.modules" 988
"../../../Engine/Plugins/MovieScene/ActorSequence/Binaries/Win64/UnrealEditor.modules" 989
"../../../Engine/Plugins/NNE/NNEDenoiser/Binaries/Win64/UnrealEditor.modules" 990
"../../../Engine/Plugins/NNE/NNERuntimeORT/Binaries/Win64/UnrealEditor.modules" 991
"../../../Engine/Plugins/Portal/LauncherChunkInstaller/Binaries/Win64/UnrealEditor.modules" 992
"../../../Engine/Plugins/Runtime/ActorLayerUtilities/Binaries/Win64/UnrealEditor.modules" 993
"../../../Engine/Plugins/Runtime/AndroidFileServer/Binaries/Win64/UnrealEditor.modules" 994
"../../../Engine/Plugins/Runtime/AndroidDeviceProfileSelector/Binaries/Win64/UnrealEditor.modules" 995
"../../../Engine/Plugins/Runtime/AndroidPermission/Binaries/Win64/UnrealEditor.modules" 996
"../../../Engine/Plugins/Runtime/AppleImageUtils/Binaries/Win64/UnrealEditor.modules" 997
"../../../Engine/Plugins/Runtime/ArchVisCharacter/Binaries/Win64/UnrealEditor.modules" 998
"../../../Engine/Plugins/Runtime/AssetTags/Binaries/Win64/UnrealEditor.modules" 999
"../../../Engine/Plugins/Runtime/ChunkDownloader/Binaries/Win64/UnrealEditor.modules" 1000
"../../../Engine/Plugins/Runtime/CableComponent/Binaries/Win64/UnrealEditor.modules" 1001
"../../../Engine/Plugins/Runtime/CustomMeshComponent/Binaries/Win64/UnrealEditor.modules" 1002
"../../../Engine/Plugins/Runtime/ExampleDeviceProfileSelector/Binaries/Win64/UnrealEditor.modules" 1003
"../../../Engine/Plugins/Runtime/GooglePAD/Binaries/Win64/UnrealEditor.modules" 1004
"../../../Engine/Plugins/Runtime/InputDebugging/Binaries/Win64/UnrealEditor.modules" 1005
"../../../Engine/Plugins/Runtime/LocationServicesBPLibrary/Binaries/Win64/UnrealEditor.modules" 1006
"../../../Engine/Plugins/Runtime/Metasound/Binaries/Win64/UnrealEditor.modules" 1007
"../../../Engine/Plugins/Runtime/AudioWidgets/Binaries/Win64/UnrealEditor.modules" 1008
"../../../Engine/Plugins/Runtime/AudioSynesthesia/Binaries/Win64/UnrealEditor.modules" 1009
"../../../Engine/Plugins/Editor/ContentBrowser/ContentBrowserAssetDataSource/Binaries/Win64/UnrealEditor.modules" 1010
"../../../Engine/Plugins/Runtime/WaveTable/Binaries/Win64/UnrealEditor.modules" 1011
"../../../Engine/Plugins/Runtime/MobilePatchingUtils/Binaries/Win64/UnrealEditor.modules" 1012
"../../../Engine/Plugins/Runtime/MsQuic/Binaries/Win64/UnrealEditor.modules" 1013
"../../../Engine/Plugins/Runtime/ResonanceAudio/Binaries/Win64/UnrealEditor.modules" 1014
"../../../Engine/Plugins/Runtime/SoundFields/Binaries/Win64/UnrealEditor.modules" 1015
"../../../Engine/Plugins/Runtime/Synthesis/Binaries/Win64/UnrealEditor.modules" 1016
"../../../Engine/Plugins/Runtime/WebMMoviePlayer/Binaries/Win64/UnrealEditor.modules" 1017
"../../../Engine/Plugins/Media/WebMMedia/Binaries/Win64/UnrealEditor.modules" 1018
"../../../Engine/Plugins/Runtime/WindowsDeviceProfileSelector/Binaries/Win64/UnrealEditor.modules" 1019
"../../../Engine/Plugins/Runtime/WindowsMoviePlayer/Binaries/Win64/UnrealEditor.modules" 1020
"../../../Engine/Plugins/AI/EnvironmentQueryEditor/Binaries/Win64/UnrealEditor.modules" 1021
"../../../Engine/Plugins/AI/AISupport/Binaries/Win64/UnrealEditor.modules" 1022
"../../../Engine/Plugins/Animation/ACLPlugin/Binaries/Win64/UnrealEditor.modules" 1023
"../../../Engine/Plugins/Animation/AnimationModifierLibrary/Binaries/Win64/UnrealEditor.modules" 1024
"../../../Engine/Plugins/Animation/AnimationData/Binaries/Win64/UnrealEditor.modules" 1025
"../../../Engine/Plugins/Animation/ControlRigSpline/Binaries/Win64/UnrealEditor.modules" 1026
"../../../Engine/Plugins/Animation/BlendSpaceMotionAnalysis/Binaries/Win64/UnrealEditor.modules" 1027
"../../../Engine/Plugins/Animation/IKRig/Binaries/Win64/UnrealEditor.modules" 1028
"../../../Engine/Plugins/Experimental/FullBodyIK/Binaries/Win64/UnrealEditor.modules" 1029
"../../../Engine/Plugins/Animation/SkeletalMeshModelingTools/Binaries/Win64/UnrealEditor.modules" 1030
"../../../Engine/Plugins/Cameras/CameraShakePreviewer/Binaries/Win64/UnrealEditor.modules" 1031
"../../../Engine/Plugins/Cameras/GameplayCameras/Binaries/Win64/UnrealEditor.modules" 1032
"../../../Engine/Plugins/VirtualProduction/CameraCalibrationCore/Binaries/Win64/UnrealEditor.modules" 1033
"../../../Engine/Plugins/MovieScene/TemplateSequence/Binaries/Win64/UnrealEditor.modules" 1034
"../../../Engine/Plugins/Cameras/EngineCameras/Binaries/Win64/UnrealEditor.modules" 1035
"../../../Engine/Plugins/Developer/AnimationSharing/Binaries/Win64/UnrealEditor.modules" 1036
"../../../Engine/Plugins/Runtime/SignificanceManager/Binaries/Win64/UnrealEditor.modules" 1037
"../../../Engine/Plugins/Developer/CLionSourceCodeAccess/Binaries/Win64/UnrealEditor.modules" 1038
"../../../Engine/Plugins/Developer/GitSourceControl/Binaries/Win64/UnrealEditor.modules" 1039
"../../../Engine/Plugins/Developer/DumpGPUServices/Binaries/Win64/UnrealEditor.modules" 1040
"../../../Engine/Plugins/Developer/N10XSourceCodeAccess/Binaries/Win64/UnrealEditor.modules" 1041
"../../../Engine/Plugins/Developer/PluginUtils/Binaries/Win64/UnrealEditor.modules" 1042
"../../../Engine/Plugins/Developer/PlasticSourceControl/Binaries/Win64/UnrealEditor.modules" 1043
"../../../Engine/Plugins/Developer/PerforceSourceControl/Binaries/Win64/UnrealEditor.modules" 1044
"../../../Engine/Plugins/Developer/PixWinPlugin/Binaries/Win64/UnrealEditor.modules" 1045
"../../../Engine/Plugins/Developer/PropertyAccessNode/Binaries/Win64/UnrealEditor.modules" 1046
"../../../Engine/Plugins/Developer/RiderSourceCodeAccess/Binaries/Win64/UnrealEditor.modules" 1047
"../../../Engine/Plugins/Developer/ProjectLauncher/Binaries/Win64/UnrealEditor.modules" 1048
"../../../Engine/Plugins/Developer/TextureFormatOodle/Binaries/Win64/UnrealEditor.modules" 1049
"../../../Engine/Plugins/Developer/SubversionSourceControl/Binaries/Win64/UnrealEditor.modules" 1050
"../../../Engine/Plugins/Developer/RenderDocPlugin/Binaries/Win64/UnrealEditor.modules" 1051
"../../../Engine/Plugins/Developer/UObjectPlugin/Binaries/Win64/UnrealEditor.modules" 1052
"../../../Engine/Plugins/Developer/VisualStudioCodeSourceCodeAccess/Binaries/Win64/UnrealEditor.modules" 1053
"../../../Engine/Plugins/Developer/VisualStudioSourceCodeAccess/Binaries/Win64/UnrealEditor.modules" 1054
"../../../Engine/Plugins/Editor/AssetManagerEditor/Binaries/Win64/UnrealEditor.modules" 1055
"../../../Engine/Plugins/Editor/BlueprintHeaderView/Binaries/Win64/UnrealEditor.modules" 1056
"../../../Engine/Plugins/Editor/ColorGrading/Binaries/Win64/UnrealEditor.modules" 1057
"../../../Engine/Plugins/Editor/ObjectMixer/ObjectMixer/Binaries/Win64/UnrealEditor.modules" 1058
"../../../Engine/Plugins/Editor/ChangelistReview/Binaries/Win64/UnrealEditor.modules" 1059
"../../../Engine/Plugins/Editor/CryptoKeys/Binaries/Win64/UnrealEditor.modules" 1060
"../../../Engine/Plugins/Editor/CurveEditorTools/Binaries/Win64/UnrealEditor.modules" 1061
"../../../Engine/Plugins/Editor/EditorDebugTools/Binaries/Win64/UnrealEditor.modules" 1062
"../../../Engine/Plugins/Editor/FacialAnimation/Binaries/Win64/UnrealEditor.modules" 1063
"../../../Engine/Plugins/Editor/GeometryMode/Binaries/Win64/UnrealEditor.modules" 1064
"../../../Engine/Plugins/Editor/GameplayTagsEditor/Binaries/Win64/UnrealEditor.modules" 1065
"../../../Engine/Plugins/Editor/PluginBrowser/Binaries/Win64/UnrealEditor.modules" 1066
"../../../Engine/Plugins/Editor/MobileLauncherProfileWizard/Binaries/Win64/UnrealEditor.modules" 1067
"../../../Engine/Plugins/Editor/MaterialAnalyzer/Binaries/Win64/UnrealEditor.modules" 1068
"../../../Engine/Plugins/Editor/SequencerAnimTools/Binaries/Win64/UnrealEditor.modules" 1069
"../../../Engine/Plugins/Editor/UMGWidgetPreview/Binaries/Win64/UnrealEditor.modules" 1070
"../../../Engine/Plugins/Editor/UVEditor/Binaries/Win64/UnrealEditor.modules" 1071
"../../../Engine/Plugins/Experimental/AdvancedRenamer/Binaries/Win64/UnrealEditor.modules" 1072
"../../../Engine/Plugins/Editor/WorldPartitionHLODUtilities/Binaries/Win64/UnrealEditor.modules" 1073
"../../../Engine/Plugins/Editor/SpeedTreeImporter/Binaries/Win64/UnrealEditor.modules" 1074
"../../../Engine/Plugins/Experimental/AutomationUtils/Binaries/Win64/UnrealEditor.modules" 1075
"../../../Engine/Plugins/Experimental/BackChannel/Binaries/Win64/UnrealEditor.modules" 1076
"../../../Engine/Plugins/Experimental/ChaosEditor/Binaries/Win64/UnrealEditor.modules" 1077
"../../../Engine/Plugins/Experimental/GeometryCollectionPlugin/Binaries/Win64/UnrealEditor.modules" 1078
"../../../Engine/Plugins/Experimental/Fracture/Binaries/Win64/UnrealEditor.modules" 1079
"../../../Engine/Plugins/Experimental/ChaosSolverPlugin/Binaries/Win64/UnrealEditor.modules" 1080
"../../../Engine/Plugins/Experimental/GeometryDataflow/Binaries/Win64/UnrealEditor.modules" 1081
"../../../Engine/Plugins/Experimental/ChaosUserDataPT/Binaries/Win64/UnrealEditor.modules" 1082
"../../../Engine/Plugins/Experimental/ChaosNiagara/Binaries/Win64/UnrealEditor.modules" 1083
"../../../Engine/Plugins/Experimental/CharacterAI/Binaries/Win64/UnrealEditor.modules" 1084
"../../../Engine/Plugins/Experimental/EditorPerformance/Binaries/Win64/UnrealEditor.modules" 1085
"../../../Engine/Plugins/Experimental/EditorTelemetry/Binaries/Win64/UnrealEditor.modules" 1086
"../../../Engine/Plugins/Experimental/LevelSequenceNavigatorBridge/Binaries/Win64/UnrealEditor.modules" 1087
"../../../Engine/Plugins/Experimental/SequenceNavigator/Binaries/Win64/UnrealEditor.modules" 1088
"../../../Engine/Plugins/Experimental/LocalizableMessage/Binaries/Win64/UnrealEditor.modules" 1089
"../../../Engine/Plugins/Experimental/NFORDenoise/Binaries/Win64/UnrealEditor.modules" 1090
"../../../Engine/Plugins/Experimental/PlatformCrypto/Binaries/Win64/UnrealEditor.modules" 1091
"../../../Engine/Plugins/Experimental/RuntimeTelemetry/Binaries/Win64/UnrealEditor.modules" 1092
"../../../Engine/Plugins/Experimental/SkeletalReduction/Binaries/Win64/UnrealEditor.modules" 1093
"../../../Engine/Plugins/Messaging/UdpMessaging/Binaries/Win64/UnrealEditor.modules" 1094
"../../../Engine/Plugins/Tests/InterchangeTests/Binaries/Win64/UnrealEditor.modules" 1095
"../../../Engine/Plugins/Messaging/TcpMessaging/Binaries/Win64/UnrealEditor.modules" 1096
"../../../Engine/Plugins/Editor/ContentBrowser/ContentBrowserClassDataSource/Binaries/Win64/UnrealEditor.modules" 1097
"../../../Engine/Plugins/Runtime/Windows/XInputDevice/Binaries/Win64/UnrealEditor.modules" 1098
"../../../Engine/Plugins/Editor/ObjectMixer/LightMixer/Binaries/Win64/UnrealEditor.modules" 1099
"../../../Engine/Plugins/Editor/Localization/PortableObjectFileDataSource/Binaries/Win64/UnrealEditor.modules" 1100
"../../../Engine/Config/BaseSourceControlSettings.ini" 1101
"../../../Engine/Content/Internationalization/icudt64l/coll/ucadata.icu" 1102
"../../../Engine/Content/Internationalization/icudt64l/coll/en_US.res" 1103
"../../../Engine/Content/Internationalization/icudt64l/coll/en.res" 1104
"../../../Engine/Content/Internationalization/icudt64l/coll/root.res" 1105
"../../../Engine/Content/Certificates/ThirdParty/cacert.pem" 1106
"../../../Engine/Config/ConsoleVariables.ini" 1107
"../../../Engine/Binaries/Win64/Android/UnrealEditor.modules" 1108
"../../../Engine/Binaries/Win64/IOS/UnrealEditor.modules" 1109
"../../../Engine/Binaries/Win64/Linux/UnrealEditor.modules" 1110
"../../../Engine/Binaries/Win64/LinuxArm64/UnrealEditor.modules" 1111
"../../../Engine/Content/Localization/Editor/en/Editor.locres" 1112
"../../../Engine/Content/Localization/EditorTutorials/en/EditorTutorials.locres" 1113
"../../../Engine/Content/Localization/Keywords/en/Keywords.locres" 1114
"../../../Engine/Content/Localization/Category/en/Category.locres" 1115
"../../../Engine/Content/Localization/ToolTips/en/ToolTips.locres" 1116
"../../../Engine/Content/Localization/PropertyNames/en/PropertyNames.locres" 1117
"../../../Engine/Content/Localization/Engine/en/Engine.locres" 1118
"../../../Engine/Plugins/MetaHuman/MetaHumanSDK/Content/Localization/MetaHumanSDK/en/MetaHumanSDK.locres" 1119
"../../../Engine/Plugins/Online/OnlineSubsystem/Content/Localization/OnlineSubsystem/en/OnlineSubsystem.locres" 1120
"../../../Engine/Plugins/Online/OnlineSubsystemUtils/Content/Localization/OnlineSubsystemUtils/en/OnlineSubsystemUtils.locres" 1121
"../../../Engine/Plugins/Online/Android/OnlineSubsystemGooglePlay/Content/Localization/OnlineSubsystemGooglePlay/en/OnlineSubsystemGooglePlay.locres" 1122
"../../../Engine/Plugins/Online/IOS/OnlineSubsystemIOS/Content/Localization/OnlineSubsystemIOS/en/OnlineSubsystemIOS.locres" 1123
"../../../Engine/Content/Internationalization/icudt64l/numberingSystems.res" 1124
"../../../Engine/Content/Internationalization/icudt64l/curr/supplementalData.res" 1125
"../../../Engine/Content/Internationalization/icudt64l/curr/en.res" 1126
"../../../Engine/Content/Internationalization/icudt64l/curr/pool.res" 1127
"../../../Engine/Content/Internationalization/icudt64l/curr/root.res" 1128
"../../../Engine/Content/Internationalization/icudt64l/lang/af.res" 1129
"../../../Engine/Content/Internationalization/icudt64l/region/af.res" 1130
"../../../Engine/Content/Internationalization/icudt64l/lang/agq.res" 1131
"../../../Engine/Content/Internationalization/icudt64l/region/agq.res" 1132
"../../../Engine/Content/Internationalization/icudt64l/lang/ak.res" 1133
"../../../Engine/Content/Internationalization/icudt64l/region/ak.res" 1134
"../../../Engine/Content/Internationalization/icudt64l/lang/am.res" 1135
"../../../Engine/Content/Internationalization/icudt64l/region/am.res" 1136
"../../../Engine/Content/Internationalization/icudt64l/lang/ar.res" 1137
"../../../Engine/Content/Internationalization/icudt64l/region/ar.res" 1138
"../../../Engine/Content/Internationalization/icudt64l/region/ar_AE.res" 1139
"../../../Engine/Content/Internationalization/icudt64l/lang/ar_EG.res" 1140
"../../../Engine/Content/Internationalization/icudt64l/lang/ar_LY.res" 1141
"../../../Engine/Content/Internationalization/icudt64l/region/ar_LY.res" 1142
"../../../Engine/Content/Internationalization/icudt64l/lang/ar_SA.res" 1143
"../../../Engine/Content/Internationalization/icudt64l/region/ar_SA.res" 1144
"../../../Engine/Content/Internationalization/icudt64l/lang/as.res" 1145
"../../../Engine/Content/Internationalization/icudt64l/region/as.res" 1146
"../../../Engine/Content/Internationalization/icudt64l/lang/asa.res" 1147
"../../../Engine/Content/Internationalization/icudt64l/region/asa.res" 1148
"../../../Engine/Content/Internationalization/icudt64l/lang/ast.res" 1149
"../../../Engine/Content/Internationalization/icudt64l/region/ast.res" 1150
"../../../Engine/Content/Internationalization/icudt64l/lang/az.res" 1151
"../../../Engine/Content/Internationalization/icudt64l/lang/az_Cyrl.res" 1152
"../../../Engine/Content/Internationalization/icudt64l/lang/az_AZ.res" 1153
"../../../Engine/Content/Internationalization/icudt64l/lang/az_Latn_AZ.res" 1154
"../../../Engine/Content/Internationalization/icudt64l/lang/az_Latn.res" 1155
"../../../Engine/Content/Internationalization/icudt64l/region/az_AZ.res" 1156
"../../../Engine/Content/Internationalization/icudt64l/region/az_Latn_AZ.res" 1157
"../../../Engine/Content/Internationalization/icudt64l/region/az_Latn.res" 1158
"../../../Engine/Content/Internationalization/icudt64l/region/az.res" 1159
"../../../Engine/Content/Internationalization/icudt64l/region/az_Cyrl.res" 1160
"../../../Engine/Content/Internationalization/icudt64l/lang/bas.res" 1161
"../../../Engine/Content/Internationalization/icudt64l/region/bas.res" 1162
"../../../Engine/Content/Internationalization/icudt64l/lang/be.res" 1163
"../../../Engine/Content/Internationalization/icudt64l/region/be.res" 1164
"../../../Engine/Content/Internationalization/icudt64l/lang/bem.res" 1165
"../../../Engine/Content/Internationalization/icudt64l/region/bem.res" 1166
"../../../Engine/Content/Internationalization/icudt64l/lang/bez.res" 1167
"../../../Engine/Content/Internationalization/icudt64l/region/bez.res" 1168
"../../../Engine/Content/Internationalization/icudt64l/lang/bg.res" 1169
"../../../Engine/Content/Internationalization/icudt64l/region/bg.res" 1170
"../../../Engine/Content/Internationalization/icudt64l/lang/bm.res" 1171
"../../../Engine/Content/Internationalization/icudt64l/region/bm.res" 1172
"../../../Engine/Content/Internationalization/icudt64l/lang/bn.res" 1173
"../../../Engine/Content/Internationalization/icudt64l/region/bn.res" 1174
"../../../Engine/Content/Internationalization/icudt64l/lang/bn_IN.res" 1175
"../../../Engine/Content/Internationalization/icudt64l/region/bn_IN.res" 1176
"../../../Engine/Content/Internationalization/icudt64l/lang/bo.res" 1177
"../../../Engine/Content/Internationalization/icudt64l/region/bo.res" 1178
"../../../Engine/Content/Internationalization/icudt64l/region/bo_IN.res" 1179
"../../../Engine/Content/Internationalization/icudt64l/lang/br.res" 1180
"../../../Engine/Content/Internationalization/icudt64l/region/br.res" 1181
"../../../Engine/Content/Internationalization/icudt64l/lang/brx.res" 1182
"../../../Engine/Content/Internationalization/icudt64l/region/brx.res" 1183
"../../../Engine/Content/Internationalization/icudt64l/lang/bs.res" 1184
"../../../Engine/Content/Internationalization/icudt64l/lang/bs_Cyrl.res" 1185
"../../../Engine/Content/Internationalization/icudt64l/lang/bs_BA.res" 1186
"../../../Engine/Content/Internationalization/icudt64l/lang/bs_Latn_BA.res" 1187
"../../../Engine/Content/Internationalization/icudt64l/lang/bs_Latn.res" 1188
"../../../Engine/Content/Internationalization/icudt64l/region/bs_BA.res" 1189
"../../../Engine/Content/Internationalization/icudt64l/region/bs_Latn_BA.res" 1190
"../../../Engine/Content/Internationalization/icudt64l/region/bs_Latn.res" 1191
"../../../Engine/Content/Internationalization/icudt64l/region/bs.res" 1192
"../../../Engine/Content/Internationalization/icudt64l/region/bs_Cyrl.res" 1193
"../../../Engine/Content/Internationalization/icudt64l/lang/ca.res" 1194
"../../../Engine/Content/Internationalization/icudt64l/region/ca.res" 1195
"../../../Engine/Content/Internationalization/icudt64l/lang/ccp.res" 1196
"../../../Engine/Content/Internationalization/icudt64l/region/ccp.res" 1197
"../../../Engine/Content/Internationalization/icudt64l/lang/ce.res" 1198
"../../../Engine/Content/Internationalization/icudt64l/region/ce.res" 1199
"../../../Engine/Content/Internationalization/icudt64l/lang/ceb.res" 1200
"../../../Engine/Content/Internationalization/icudt64l/region/ceb.res" 1201
"../../../Engine/Content/Internationalization/icudt64l/lang/cgg.res" 1202
"../../../Engine/Content/Internationalization/icudt64l/region/cgg.res" 1203
"../../../Engine/Content/Internationalization/icudt64l/lang/chr.res" 1204
"../../../Engine/Content/Internationalization/icudt64l/region/chr.res" 1205
"../../../Engine/Content/Internationalization/icudt64l/lang/ckb.res" 1206
"../../../Engine/Content/Internationalization/icudt64l/region/ckb.res" 1207
"../../../Engine/Content/Internationalization/icudt64l/lang/cs.res" 1208
"../../../Engine/Content/Internationalization/icudt64l/region/cs.res" 1209
"../../../Engine/Content/Internationalization/icudt64l/lang/cy.res" 1210
"../../../Engine/Content/Internationalization/icudt64l/region/cy.res" 1211
"../../../Engine/Content/Internationalization/icudt64l/lang/da.res" 1212
"../../../Engine/Content/Internationalization/icudt64l/region/da.res" 1213
"../../../Engine/Content/Internationalization/icudt64l/lang/dav.res" 1214
"../../../Engine/Content/Internationalization/icudt64l/region/dav.res" 1215
"../../../Engine/Content/Internationalization/icudt64l/lang/de.res" 1216
"../../../Engine/Content/Internationalization/icudt64l/lang/de_AT.res" 1217
"../../../Engine/Content/Internationalization/icudt64l/region/de_AT.res" 1218
"../../../Engine/Content/Internationalization/icudt64l/region/de.res" 1219
"../../../Engine/Content/Internationalization/icudt64l/lang/de_CH.res" 1220
"../../../Engine/Content/Internationalization/icudt64l/region/de_CH.res" 1221
"../../../Engine/Content/Internationalization/icudt64l/lang/de_LU.res" 1222
"../../../Engine/Content/Internationalization/icudt64l/lang/dje.res" 1223
"../../../Engine/Content/Internationalization/icudt64l/region/dje.res" 1224
"../../../Engine/Content/Internationalization/icudt64l/lang/dsb.res" 1225
"../../../Engine/Content/Internationalization/icudt64l/region/dsb.res" 1226
"../../../Engine/Content/Internationalization/icudt64l/lang/dua.res" 1227
"../../../Engine/Content/Internationalization/icudt64l/region/dua.res" 1228
"../../../Engine/Content/Internationalization/icudt64l/lang/dyo.res" 1229
"../../../Engine/Content/Internationalization/icudt64l/region/dyo.res" 1230
"../../../Engine/Content/Internationalization/icudt64l/lang/dz.res" 1231
"../../../Engine/Content/Internationalization/icudt64l/region/dz.res" 1232
"../../../Engine/Content/Internationalization/icudt64l/lang/ebu.res" 1233
"../../../Engine/Content/Internationalization/icudt64l/region/ebu.res" 1234
"../../../Engine/Content/Internationalization/icudt64l/lang/ee.res" 1235
"../../../Engine/Content/Internationalization/icudt64l/region/ee.res" 1236
"../../../Engine/Content/Internationalization/icudt64l/lang/el.res" 1237
"../../../Engine/Content/Internationalization/icudt64l/region/el.res" 1238
"../../../Engine/Content/Internationalization/icudt64l/lang/en_001.res" 1239
"../../../Engine/Content/Internationalization/icudt64l/lang/en_150.res" 1240
"../../../Engine/Content/Internationalization/icudt64l/region/en_150.res" 1241
"../../../Engine/Content/Internationalization/icudt64l/lang/en_AG.res" 1242
"../../../Engine/Content/Internationalization/icudt64l/region/en_AG.res" 1243
"../../../Engine/Content/Internationalization/icudt64l/lang/en_AI.res" 1244
"../../../Engine/Content/Internationalization/icudt64l/region/en_AI.res" 1245
"../../../Engine/Content/Internationalization/icudt64l/lang/en_AT.res" 1246
"../../../Engine/Content/Internationalization/icudt64l/region/en_AT.res" 1247
"../../../Engine/Content/Internationalization/icudt64l/lang/en_AU.res" 1248
"../../../Engine/Content/Internationalization/icudt64l/region/en_AU.res" 1249
"../../../Engine/Content/Internationalization/icudt64l/lang/en_BB.res" 1250
"../../../Engine/Content/Internationalization/icudt64l/region/en_BB.res" 1251
"../../../Engine/Content/Internationalization/icudt64l/lang/en_BE.res" 1252
"../../../Engine/Content/Internationalization/icudt64l/region/en_BE.res" 1253
"../../../Engine/Content/Internationalization/icudt64l/lang/en_BM.res" 1254
"../../../Engine/Content/Internationalization/icudt64l/region/en_BM.res" 1255
"../../../Engine/Content/Internationalization/icudt64l/lang/en_BS.res" 1256
"../../../Engine/Content/Internationalization/icudt64l/region/en_BS.res" 1257
"../../../Engine/Content/Internationalization/icudt64l/lang/en_BW.res" 1258
"../../../Engine/Content/Internationalization/icudt64l/region/en_BW.res" 1259
"../../../Engine/Content/Internationalization/icudt64l/lang/en_BZ.res" 1260
"../../../Engine/Content/Internationalization/icudt64l/region/en_BZ.res" 1261
"../../../Engine/Content/Internationalization/icudt64l/lang/en_CA.res" 1262
"../../../Engine/Content/Internationalization/icudt64l/region/en_CA.res" 1263
"../../../Engine/Content/Internationalization/icudt64l/lang/en_CC.res" 1264
"../../../Engine/Content/Internationalization/icudt64l/region/en_CC.res" 1265
"../../../Engine/Content/Internationalization/icudt64l/lang/en_CH.res" 1266
"../../../Engine/Content/Internationalization/icudt64l/region/en_CH.res" 1267
"../../../Engine/Content/Internationalization/icudt64l/lang/en_CK.res" 1268
"../../../Engine/Content/Internationalization/icudt64l/region/en_CK.res" 1269
"../../../Engine/Content/Internationalization/icudt64l/lang/en_CM.res" 1270
"../../../Engine/Content/Internationalization/icudt64l/region/en_CM.res" 1271
"../../../Engine/Content/Internationalization/icudt64l/lang/en_CX.res" 1272
"../../../Engine/Content/Internationalization/icudt64l/region/en_CX.res" 1273
"../../../Engine/Content/Internationalization/icudt64l/lang/en_CY.res" 1274
"../../../Engine/Content/Internationalization/icudt64l/region/en_CY.res" 1275
"../../../Engine/Content/Internationalization/icudt64l/lang/en_DE.res" 1276
"../../../Engine/Content/Internationalization/icudt64l/region/en_DE.res" 1277
"../../../Engine/Content/Internationalization/icudt64l/lang/en_DG.res" 1278
"../../../Engine/Content/Internationalization/icudt64l/region/en_DG.res" 1279
"../../../Engine/Content/Internationalization/icudt64l/lang/en_DK.res" 1280
"../../../Engine/Content/Internationalization/icudt64l/region/en_DK.res" 1281
"../../../Engine/Content/Internationalization/icudt64l/lang/en_DM.res" 1282
"../../../Engine/Content/Internationalization/icudt64l/region/en_DM.res" 1283
"../../../Engine/Content/Internationalization/icudt64l/lang/en_ER.res" 1284
"../../../Engine/Content/Internationalization/icudt64l/region/en_ER.res" 1285
"../../../Engine/Content/Internationalization/icudt64l/lang/en_FI.res" 1286
"../../../Engine/Content/Internationalization/icudt64l/region/en_FI.res" 1287
"../../../Engine/Content/Internationalization/icudt64l/lang/en_FJ.res" 1288
"../../../Engine/Content/Internationalization/icudt64l/region/en_FJ.res" 1289
"../../../Engine/Content/Internationalization/icudt64l/lang/en_FK.res" 1290
"../../../Engine/Content/Internationalization/icudt64l/region/en_FK.res" 1291
"../../../Engine/Content/Internationalization/icudt64l/lang/en_FM.res" 1292
"../../../Engine/Content/Internationalization/icudt64l/region/en_FM.res" 1293
"../../../Engine/Content/Internationalization/icudt64l/lang/en_GB.res" 1294
"../../../Engine/Content/Internationalization/icudt64l/region/en_GB.res" 1295
"../../../Engine/Content/Internationalization/icudt64l/lang/en_GD.res" 1296
"../../../Engine/Content/Internationalization/icudt64l/region/en_GD.res" 1297
"../../../Engine/Content/Internationalization/icudt64l/lang/en_GG.res" 1298
"../../../Engine/Content/Internationalization/icudt64l/region/en_GG.res" 1299
"../../../Engine/Content/Internationalization/icudt64l/lang/en_GH.res" 1300
"../../../Engine/Content/Internationalization/icudt64l/region/en_GH.res" 1301
"../../../Engine/Content/Internationalization/icudt64l/lang/en_GI.res" 1302
"../../../Engine/Content/Internationalization/icudt64l/region/en_GI.res" 1303
"../../../Engine/Content/Internationalization/icudt64l/lang/en_GM.res" 1304
"../../../Engine/Content/Internationalization/icudt64l/region/en_GM.res" 1305
"../../../Engine/Content/Internationalization/icudt64l/lang/en_GY.res" 1306
"../../../Engine/Content/Internationalization/icudt64l/region/en_GY.res" 1307
"../../../Engine/Content/Internationalization/icudt64l/lang/en_HK.res" 1308
"../../../Engine/Content/Internationalization/icudt64l/region/en_HK.res" 1309
"../../../Engine/Content/Internationalization/icudt64l/lang/en_IE.res" 1310
"../../../Engine/Content/Internationalization/icudt64l/region/en_IE.res" 1311
"../../../Engine/Content/Internationalization/icudt64l/lang/en_IL.res" 1312
"../../../Engine/Content/Internationalization/icudt64l/region/en_IL.res" 1313
"../../../Engine/Content/Internationalization/icudt64l/lang/en_IM.res" 1314
"../../../Engine/Content/Internationalization/icudt64l/region/en_IM.res" 1315
"../../../Engine/Content/Internationalization/icudt64l/lang/en_IN.res" 1316
"../../../Engine/Content/Internationalization/icudt64l/region/en_IN.res" 1317
"../../../Engine/Content/Internationalization/icudt64l/lang/en_IO.res" 1318
"../../../Engine/Content/Internationalization/icudt64l/region/en_IO.res" 1319
"../../../Engine/Content/Internationalization/icudt64l/lang/en_JE.res" 1320
"../../../Engine/Content/Internationalization/icudt64l/region/en_JE.res" 1321
"../../../Engine/Content/Internationalization/icudt64l/lang/en_JM.res" 1322
"../../../Engine/Content/Internationalization/icudt64l/region/en_JM.res" 1323
"../../../Engine/Content/Internationalization/icudt64l/lang/en_KE.res" 1324
"../../../Engine/Content/Internationalization/icudt64l/region/en_KE.res" 1325
"../../../Engine/Content/Internationalization/icudt64l/lang/en_KI.res" 1326
"../../../Engine/Content/Internationalization/icudt64l/region/en_KI.res" 1327
"../../../Engine/Content/Internationalization/icudt64l/lang/en_KN.res" 1328
"../../../Engine/Content/Internationalization/icudt64l/region/en_KN.res" 1329
"../../../Engine/Content/Internationalization/icudt64l/lang/en_KY.res" 1330
"../../../Engine/Content/Internationalization/icudt64l/region/en_KY.res" 1331
"../../../Engine/Content/Internationalization/icudt64l/lang/en_LC.res" 1332
"../../../Engine/Content/Internationalization/icudt64l/region/en_LC.res" 1333
"../../../Engine/Content/Internationalization/icudt64l/lang/en_LR.res" 1334
"../../../Engine/Content/Internationalization/icudt64l/region/en_LR.res" 1335
"../../../Engine/Content/Internationalization/icudt64l/lang/en_LS.res" 1336
"../../../Engine/Content/Internationalization/icudt64l/region/en_LS.res" 1337
"../../../Engine/Content/Internationalization/icudt64l/lang/en_MG.res" 1338
"../../../Engine/Content/Internationalization/icudt64l/region/en_MG.res" 1339
"../../../Engine/Content/Internationalization/icudt64l/lang/en_MO.res" 1340
"../../../Engine/Content/Internationalization/icudt64l/region/en_MO.res" 1341
"../../../Engine/Content/Internationalization/icudt64l/lang/en_MS.res" 1342
"../../../Engine/Content/Internationalization/icudt64l/region/en_MS.res" 1343
"../../../Engine/Content/Internationalization/icudt64l/lang/en_MT.res" 1344
"../../../Engine/Content/Internationalization/icudt64l/region/en_MT.res" 1345
"../../../Engine/Content/Internationalization/icudt64l/lang/en_MU.res" 1346
"../../../Engine/Content/Internationalization/icudt64l/region/en_MU.res" 1347
"../../../Engine/Content/Internationalization/icudt64l/lang/en_MW.res" 1348
"../../../Engine/Content/Internationalization/icudt64l/region/en_MW.res" 1349
"../../../Engine/Content/Internationalization/icudt64l/lang/en_MY.res" 1350
"../../../Engine/Content/Internationalization/icudt64l/region/en_MY.res" 1351
"../../../Engine/Content/Internationalization/icudt64l/lang/en_NA.res" 1352
"../../../Engine/Content/Internationalization/icudt64l/region/en_NA.res" 1353
"../../../Engine/Content/Internationalization/icudt64l/lang/en_NF.res" 1354
"../../../Engine/Content/Internationalization/icudt64l/region/en_NF.res" 1355
"../../../Engine/Content/Internationalization/icudt64l/lang/en_NG.res" 1356
"../../../Engine/Content/Internationalization/icudt64l/region/en_NG.res" 1357
"../../../Engine/Content/Internationalization/icudt64l/lang/en_NL.res" 1358
"../../../Engine/Content/Internationalization/icudt64l/region/en_NL.res" 1359
"../../../Engine/Content/Internationalization/icudt64l/lang/en_NR.res" 1360
"../../../Engine/Content/Internationalization/icudt64l/region/en_NR.res" 1361
"../../../Engine/Content/Internationalization/icudt64l/lang/en_NU.res" 1362
"../../../Engine/Content/Internationalization/icudt64l/region/en_NU.res" 1363
"../../../Engine/Content/Internationalization/icudt64l/lang/en_NZ.res" 1364
"../../../Engine/Content/Internationalization/icudt64l/region/en_NZ.res" 1365
"../../../Engine/Content/Internationalization/icudt64l/lang/en_PG.res" 1366
"../../../Engine/Content/Internationalization/icudt64l/region/en_PG.res" 1367
"../../../Engine/Content/Internationalization/icudt64l/lang/en_PH.res" 1368
"../../../Engine/Content/Internationalization/icudt64l/region/en_PH.res" 1369
"../../../Engine/Content/Internationalization/icudt64l/lang/en_PK.res" 1370
"../../../Engine/Content/Internationalization/icudt64l/region/en_PK.res" 1371
"../../../Engine/Content/Internationalization/icudt64l/lang/en_PN.res" 1372
"../../../Engine/Content/Internationalization/icudt64l/region/en_PN.res" 1373
"../../../Engine/Content/Internationalization/icudt64l/lang/en_PW.res" 1374
"../../../Engine/Content/Internationalization/icudt64l/region/en_PW.res" 1375
"../../../Engine/Content/Internationalization/icudt64l/lang/en_RW.res" 1376
"../../../Engine/Content/Internationalization/icudt64l/region/en_RW.res" 1377
"../../../Engine/Content/Internationalization/icudt64l/lang/en_SB.res" 1378
"../../../Engine/Content/Internationalization/icudt64l/region/en_SB.res" 1379
"../../../Engine/Content/Internationalization/icudt64l/lang/en_SC.res" 1380
"../../../Engine/Content/Internationalization/icudt64l/region/en_SC.res" 1381
"../../../Engine/Content/Internationalization/icudt64l/lang/en_SD.res" 1382
"../../../Engine/Content/Internationalization/icudt64l/region/en_SD.res" 1383
"../../../Engine/Content/Internationalization/icudt64l/lang/en_SE.res" 1384
"../../../Engine/Content/Internationalization/icudt64l/region/en_SE.res" 1385
"../../../Engine/Content/Internationalization/icudt64l/lang/en_SG.res" 1386
"../../../Engine/Content/Internationalization/icudt64l/region/en_SG.res" 1387
"../../../Engine/Content/Internationalization/icudt64l/lang/en_SH.res" 1388
"../../../Engine/Content/Internationalization/icudt64l/region/en_SH.res" 1389
"../../../Engine/Content/Internationalization/icudt64l/lang/en_SI.res" 1390
"../../../Engine/Content/Internationalization/icudt64l/region/en_SI.res" 1391
"../../../Engine/Content/Internationalization/icudt64l/lang/en_SL.res" 1392
"../../../Engine/Content/Internationalization/icudt64l/region/en_SL.res" 1393
"../../../Engine/Content/Internationalization/icudt64l/lang/en_SS.res" 1394
"../../../Engine/Content/Internationalization/icudt64l/region/en_SS.res" 1395
"../../../Engine/Content/Internationalization/icudt64l/lang/en_SX.res" 1396
"../../../Engine/Content/Internationalization/icudt64l/region/en_SX.res" 1397
"../../../Engine/Content/Internationalization/icudt64l/lang/en_SZ.res" 1398
"../../../Engine/Content/Internationalization/icudt64l/region/en_SZ.res" 1399
"../../../Engine/Content/Internationalization/icudt64l/lang/en_TC.res" 1400
"../../../Engine/Content/Internationalization/icudt64l/region/en_TC.res" 1401
"../../../Engine/Content/Internationalization/icudt64l/lang/en_TK.res" 1402
"../../../Engine/Content/Internationalization/icudt64l/region/en_TK.res" 1403
"../../../Engine/Content/Internationalization/icudt64l/lang/en_TO.res" 1404
"../../../Engine/Content/Internationalization/icudt64l/region/en_TO.res" 1405
"../../../Engine/Content/Internationalization/icudt64l/lang/en_TT.res" 1406
"../../../Engine/Content/Internationalization/icudt64l/region/en_TT.res" 1407
"../../../Engine/Content/Internationalization/icudt64l/lang/en_TV.res" 1408
"../../../Engine/Content/Internationalization/icudt64l/region/en_TV.res" 1409
"../../../Engine/Content/Internationalization/icudt64l/lang/en_TZ.res" 1410
"../../../Engine/Content/Internationalization/icudt64l/region/en_TZ.res" 1411
"../../../Engine/Content/Internationalization/icudt64l/lang/en_UG.res" 1412
"../../../Engine/Content/Internationalization/icudt64l/region/en_UG.res" 1413
"../../../Engine/Content/Internationalization/icudt64l/lang/en_VC.res" 1414
"../../../Engine/Content/Internationalization/icudt64l/region/en_VC.res" 1415
"../../../Engine/Content/Internationalization/icudt64l/lang/en_VG.res" 1416
"../../../Engine/Content/Internationalization/icudt64l/region/en_VG.res" 1417
"../../../Engine/Content/Internationalization/icudt64l/lang/en_VU.res" 1418
"../../../Engine/Content/Internationalization/icudt64l/region/en_VU.res" 1419
"../../../Engine/Content/Internationalization/icudt64l/lang/en_WS.res" 1420
"../../../Engine/Content/Internationalization/icudt64l/region/en_WS.res" 1421
"../../../Engine/Content/Internationalization/icudt64l/lang/en_ZA.res" 1422
"../../../Engine/Content/Internationalization/icudt64l/region/en_ZA.res" 1423
"../../../Engine/Content/Internationalization/icudt64l/lang/en_ZM.res" 1424
"../../../Engine/Content/Internationalization/icudt64l/region/en_ZM.res" 1425
"../../../Engine/Content/Internationalization/icudt64l/lang/en_ZW.res" 1426
"../../../Engine/Content/Internationalization/icudt64l/region/en_ZW.res" 1427
"../../../Engine/Content/Internationalization/icudt64l/lang/eo.res" 1428
"../../../Engine/Content/Internationalization/icudt64l/region/eo.res" 1429
"../../../Engine/Content/Internationalization/icudt64l/lang/es.res" 1430
"../../../Engine/Content/Internationalization/icudt64l/lang/es_419.res" 1431
"../../../Engine/Content/Internationalization/icudt64l/region/es_419.res" 1432
"../../../Engine/Content/Internationalization/icudt64l/region/es.res" 1433
"../../../Engine/Content/Internationalization/icudt64l/lang/es_AR.res" 1434
"../../../Engine/Content/Internationalization/icudt64l/region/es_AR.res" 1435
"../../../Engine/Content/Internationalization/icudt64l/lang/es_BO.res" 1436
"../../../Engine/Content/Internationalization/icudt64l/region/es_BO.res" 1437
"../../../Engine/Content/Internationalization/icudt64l/lang/es_BR.res" 1438
"../../../Engine/Content/Internationalization/icudt64l/region/es_BR.res" 1439
"../../../Engine/Content/Internationalization/icudt64l/lang/es_BZ.res" 1440
"../../../Engine/Content/Internationalization/icudt64l/region/es_BZ.res" 1441
"../../../Engine/Content/Internationalization/icudt64l/lang/es_CL.res" 1442
"../../../Engine/Content/Internationalization/icudt64l/region/es_CL.res" 1443
"../../../Engine/Content/Internationalization/icudt64l/lang/es_CO.res" 1444
"../../../Engine/Content/Internationalization/icudt64l/region/es_CO.res" 1445
"../../../Engine/Content/Internationalization/icudt64l/lang/es_CR.res" 1446
"../../../Engine/Content/Internationalization/icudt64l/region/es_CR.res" 1447
"../../../Engine/Content/Internationalization/icudt64l/lang/es_CU.res" 1448
"../../../Engine/Content/Internationalization/icudt64l/region/es_CU.res" 1449
"../../../Engine/Content/Internationalization/icudt64l/lang/es_DO.res" 1450
"../../../Engine/Content/Internationalization/icudt64l/region/es_DO.res" 1451
"../../../Engine/Content/Internationalization/icudt64l/lang/es_EC.res" 1452
"../../../Engine/Content/Internationalization/icudt64l/region/es_EC.res" 1453
"../../../Engine/Content/Internationalization/icudt64l/lang/es_GT.res" 1454
"../../../Engine/Content/Internationalization/icudt64l/region/es_GT.res" 1455
"../../../Engine/Content/Internationalization/icudt64l/lang/es_HN.res" 1456
"../../../Engine/Content/Internationalization/icudt64l/region/es_HN.res" 1457
"../../../Engine/Content/Internationalization/icudt64l/lang/es_MX.res" 1458
"../../../Engine/Content/Internationalization/icudt64l/region/es_MX.res" 1459
"../../../Engine/Content/Internationalization/icudt64l/lang/es_NI.res" 1460
"../../../Engine/Content/Internationalization/icudt64l/region/es_NI.res" 1461
"../../../Engine/Content/Internationalization/icudt64l/lang/es_PA.res" 1462
"../../../Engine/Content/Internationalization/icudt64l/region/es_PA.res" 1463
"../../../Engine/Content/Internationalization/icudt64l/lang/es_PE.res" 1464
"../../../Engine/Content/Internationalization/icudt64l/region/es_PE.res" 1465
"../../../Engine/Content/Internationalization/icudt64l/lang/es_PR.res" 1466
"../../../Engine/Content/Internationalization/icudt64l/region/es_PR.res" 1467
"../../../Engine/Content/Internationalization/icudt64l/lang/es_PY.res" 1468
"../../../Engine/Content/Internationalization/icudt64l/region/es_PY.res" 1469
"../../../Engine/Content/Internationalization/icudt64l/lang/es_SV.res" 1470
"../../../Engine/Content/Internationalization/icudt64l/region/es_SV.res" 1471
"../../../Engine/Content/Internationalization/icudt64l/lang/es_US.res" 1472
"../../../Engine/Content/Internationalization/icudt64l/region/es_US.res" 1473
"../../../Engine/Content/Internationalization/icudt64l/lang/es_UY.res" 1474
"../../../Engine/Content/Internationalization/icudt64l/region/es_UY.res" 1475
"../../../Engine/Content/Internationalization/icudt64l/lang/es_VE.res" 1476
"../../../Engine/Content/Internationalization/icudt64l/region/es_VE.res" 1477
"../../../Engine/Content/Internationalization/icudt64l/lang/et.res" 1478
"../../../Engine/Content/Internationalization/icudt64l/region/et.res" 1479
"../../../Engine/Content/Internationalization/icudt64l/lang/eu.res" 1480
"../../../Engine/Content/Internationalization/icudt64l/region/eu.res" 1481
"../../../Engine/Content/Internationalization/icudt64l/lang/ewo.res" 1482
"../../../Engine/Content/Internationalization/icudt64l/region/ewo.res" 1483
"../../../Engine/Content/Internationalization/icudt64l/lang/fa.res" 1484
"../../../Engine/Content/Internationalization/icudt64l/lang/fa_AF.res" 1485
"../../../Engine/Content/Internationalization/icudt64l/region/fa_AF.res" 1486
"../../../Engine/Content/Internationalization/icudt64l/region/fa.res" 1487
"../../../Engine/Content/Internationalization/icudt64l/lang/ff.res" 1488
"../../../Engine/Content/Internationalization/icudt64l/lang/ff_Latn.res" 1489
"../../../Engine/Content/Internationalization/icudt64l/region/ff.res" 1490
"../../../Engine/Content/Internationalization/icudt64l/region/ff_Latn.res" 1491
"../../../Engine/Content/Internationalization/icudt64l/lang/ff_CM.res" 1492
"../../../Engine/Content/Internationalization/icudt64l/lang/ff_Latn_CM.res" 1493
"../../../Engine/Content/Internationalization/icudt64l/region/ff_CM.res" 1494
"../../../Engine/Content/Internationalization/icudt64l/region/ff_Latn_CM.res" 1495
"../../../Engine/Content/Internationalization/icudt64l/lang/ff_GN.res" 1496
"../../../Engine/Content/Internationalization/icudt64l/lang/ff_Latn_GN.res" 1497
"../../../Engine/Content/Internationalization/icudt64l/region/ff_GN.res" 1498
"../../../Engine/Content/Internationalization/icudt64l/region/ff_Latn_GN.res" 1499
"../../../Engine/Content/Internationalization/icudt64l/lang/ff_MR.res" 1500
"../../../Engine/Content/Internationalization/icudt64l/lang/ff_Latn_MR.res" 1501
"../../../Engine/Content/Internationalization/icudt64l/region/ff_MR.res" 1502
"../../../Engine/Content/Internationalization/icudt64l/region/ff_Latn_MR.res" 1503
"../../../Engine/Content/Internationalization/icudt64l/lang/ff_SN.res" 1504
"../../../Engine/Content/Internationalization/icudt64l/lang/ff_Latn_SN.res" 1505
"../../../Engine/Content/Internationalization/icudt64l/region/ff_SN.res" 1506
"../../../Engine/Content/Internationalization/icudt64l/region/ff_Latn_SN.res" 1507
"../../../Engine/Content/Internationalization/icudt64l/lang/fi.res" 1508
"../../../Engine/Content/Internationalization/icudt64l/region/fi.res" 1509
"../../../Engine/Content/Internationalization/icudt64l/lang/fil.res" 1510
"../../../Engine/Content/Internationalization/icudt64l/lang/fil_PH.res" 1511
"../../../Engine/Content/Internationalization/icudt64l/region/fil_PH.res" 1512
"../../../Engine/Content/Internationalization/icudt64l/region/fil.res" 1513
"../../../Engine/Content/Internationalization/icudt64l/lang/fo.res" 1514
"../../../Engine/Content/Internationalization/icudt64l/region/fo.res" 1515
"../../../Engine/Content/Internationalization/icudt64l/lang/fr.res" 1516
"../../../Engine/Content/Internationalization/icudt64l/lang/fr_BE.res" 1517
"../../../Engine/Content/Internationalization/icudt64l/region/fr_BE.res" 1518
"../../../Engine/Content/Internationalization/icudt64l/region/fr.res" 1519
"../../../Engine/Content/Internationalization/icudt64l/lang/fr_CA.res" 1520
"../../../Engine/Content/Internationalization/icudt64l/region/fr_CA.res" 1521
"../../../Engine/Content/Internationalization/icudt64l/lang/fr_CH.res" 1522
"../../../Engine/Content/Internationalization/icudt64l/lang/fur.res" 1523
"../../../Engine/Content/Internationalization/icudt64l/region/fur.res" 1524
"../../../Engine/Content/Internationalization/icudt64l/lang/fy.res" 1525
"../../../Engine/Content/Internationalization/icudt64l/region/fy.res" 1526
"../../../Engine/Content/Internationalization/icudt64l/lang/ga.res" 1527
"../../../Engine/Content/Internationalization/icudt64l/region/ga.res" 1528
"../../../Engine/Content/Internationalization/icudt64l/lang/gd.res" 1529
"../../../Engine/Content/Internationalization/icudt64l/region/gd.res" 1530
"../../../Engine/Content/Internationalization/icudt64l/lang/gl.res" 1531
"../../../Engine/Content/Internationalization/icudt64l/region/gl.res" 1532
"../../../Engine/Content/Internationalization/icudt64l/lang/gsw.res" 1533
"../../../Engine/Content/Internationalization/icudt64l/region/gsw.res" 1534
"../../../Engine/Content/Internationalization/icudt64l/lang/gu.res" 1535
"../../../Engine/Content/Internationalization/icudt64l/region/gu.res" 1536
"../../../Engine/Content/Internationalization/icudt64l/lang/guz.res" 1537
"../../../Engine/Content/Internationalization/icudt64l/region/guz.res" 1538
"../../../Engine/Content/Internationalization/icudt64l/lang/gv.res" 1539
"../../../Engine/Content/Internationalization/icudt64l/region/gv.res" 1540
"../../../Engine/Content/Internationalization/icudt64l/lang/ha.res" 1541
"../../../Engine/Content/Internationalization/icudt64l/region/ha.res" 1542
"../../../Engine/Content/Internationalization/icudt64l/lang/ha_NE.res" 1543
"../../../Engine/Content/Internationalization/icudt64l/region/ha_NE.res" 1544
"../../../Engine/Content/Internationalization/icudt64l/lang/haw.res" 1545
"../../../Engine/Content/Internationalization/icudt64l/region/haw.res" 1546
"../../../Engine/Content/Internationalization/icudt64l/lang/he.res" 1547
"../../../Engine/Content/Internationalization/icudt64l/lang/he_IL.res" 1548
"../../../Engine/Content/Internationalization/icudt64l/region/he_IL.res" 1549
"../../../Engine/Content/Internationalization/icudt64l/region/he.res" 1550
"../../../Engine/Content/Internationalization/icudt64l/lang/hi.res" 1551
"../../../Engine/Content/Internationalization/icudt64l/region/hi.res" 1552
"../../../Engine/Content/Internationalization/icudt64l/lang/hr.res" 1553
"../../../Engine/Content/Internationalization/icudt64l/region/hr.res" 1554
"../../../Engine/Content/Internationalization/icudt64l/lang/hsb.res" 1555
"../../../Engine/Content/Internationalization/icudt64l/region/hsb.res" 1556
"../../../Engine/Content/Internationalization/icudt64l/lang/hu.res" 1557
"../../../Engine/Content/Internationalization/icudt64l/region/hu.res" 1558
"../../../Engine/Content/Internationalization/icudt64l/lang/hy.res" 1559
"../../../Engine/Content/Internationalization/icudt64l/region/hy.res" 1560
"../../../Engine/Content/Internationalization/icudt64l/lang/ia.res" 1561
"../../../Engine/Content/Internationalization/icudt64l/region/ia.res" 1562
"../../../Engine/Content/Internationalization/icudt64l/lang/id.res" 1563
"../../../Engine/Content/Internationalization/icudt64l/lang/id_ID.res" 1564
"../../../Engine/Content/Internationalization/icudt64l/region/id_ID.res" 1565
"../../../Engine/Content/Internationalization/icudt64l/region/id.res" 1566
"../../../Engine/Content/Internationalization/icudt64l/lang/ig.res" 1567
"../../../Engine/Content/Internationalization/icudt64l/region/ig.res" 1568
"../../../Engine/Content/Internationalization/icudt64l/lang/ii.res" 1569
"../../../Engine/Content/Internationalization/icudt64l/region/ii.res" 1570
"../../../Engine/Content/Internationalization/icudt64l/lang/is.res" 1571
"../../../Engine/Content/Internationalization/icudt64l/region/is.res" 1572
"../../../Engine/Content/Internationalization/icudt64l/lang/it.res" 1573
"../../../Engine/Content/Internationalization/icudt64l/region/it.res" 1574
"../../../Engine/Content/Internationalization/icudt64l/lang/ja.res" 1575
"../../../Engine/Content/Internationalization/icudt64l/lang/ja_JP.res" 1576
"../../../Engine/Content/Internationalization/icudt64l/region/ja_JP.res" 1577
"../../../Engine/Content/Internationalization/icudt64l/region/ja.res" 1578
"../../../Engine/Content/Internationalization/icudt64l/lang/jgo.res" 1579
"../../../Engine/Content/Internationalization/icudt64l/region/jgo.res" 1580
"../../../Engine/Content/Internationalization/icudt64l/lang/jmc.res" 1581
"../../../Engine/Content/Internationalization/icudt64l/region/jmc.res" 1582
"../../../Engine/Content/Internationalization/icudt64l/lang/jv.res" 1583
"../../../Engine/Content/Internationalization/icudt64l/region/jv.res" 1584
"../../../Engine/Content/Internationalization/icudt64l/lang/ka.res" 1585
"../../../Engine/Content/Internationalization/icudt64l/region/ka.res" 1586
"../../../Engine/Content/Internationalization/icudt64l/lang/kab.res" 1587
"../../../Engine/Content/Internationalization/icudt64l/region/kab.res" 1588
"../../../Engine/Content/Internationalization/icudt64l/lang/kam.res" 1589
"../../../Engine/Content/Internationalization/icudt64l/region/kam.res" 1590
"../../../Engine/Content/Internationalization/icudt64l/lang/kde.res" 1591
"../../../Engine/Content/Internationalization/icudt64l/region/kde.res" 1592
"../../../Engine/Content/Internationalization/icudt64l/lang/kea.res" 1593
"../../../Engine/Content/Internationalization/icudt64l/region/kea.res" 1594
"../../../Engine/Content/Internationalization/icudt64l/lang/khq.res" 1595
"../../../Engine/Content/Internationalization/icudt64l/region/khq.res" 1596
"../../../Engine/Content/Internationalization/icudt64l/lang/ki.res" 1597
"../../../Engine/Content/Internationalization/icudt64l/region/ki.res" 1598
"../../../Engine/Content/Internationalization/icudt64l/lang/kk.res" 1599
"../../../Engine/Content/Internationalization/icudt64l/region/kk.res" 1600
"../../../Engine/Content/Internationalization/icudt64l/lang/kkj.res" 1601
"../../../Engine/Content/Internationalization/icudt64l/region/kkj.res" 1602
"../../../Engine/Content/Internationalization/icudt64l/lang/kl.res" 1603
"../../../Engine/Content/Internationalization/icudt64l/region/kl.res" 1604
"../../../Engine/Content/Internationalization/icudt64l/lang/kln.res" 1605
"../../../Engine/Content/Internationalization/icudt64l/region/kln.res" 1606
"../../../Engine/Content/Internationalization/icudt64l/lang/km.res" 1607
"../../../Engine/Content/Internationalization/icudt64l/region/km.res" 1608
"../../../Engine/Content/Internationalization/icudt64l/lang/kn.res" 1609
"../../../Engine/Content/Internationalization/icudt64l/region/kn.res" 1610
"../../../Engine/Content/Internationalization/icudt64l/lang/ko.res" 1611
"../../../Engine/Content/Internationalization/icudt64l/region/ko_KP.res" 1612
"../../../Engine/Content/Internationalization/icudt64l/region/ko.res" 1613
"../../../Engine/Content/Internationalization/icudt64l/lang/kok.res" 1614
"../../../Engine/Content/Internationalization/icudt64l/region/kok.res" 1615
"../../../Engine/Content/Internationalization/icudt64l/lang/ks.res" 1616
"../../../Engine/Content/Internationalization/icudt64l/region/ks.res" 1617
"../../../Engine/Content/Internationalization/icudt64l/lang/ksb.res" 1618
"../../../Engine/Content/Internationalization/icudt64l/region/ksb.res" 1619
"../../../Engine/Content/Internationalization/icudt64l/lang/ksf.res" 1620
"../../../Engine/Content/Internationalization/icudt64l/region/ksf.res" 1621
"../../../Engine/Content/Internationalization/icudt64l/lang/ksh.res" 1622
"../../../Engine/Content/Internationalization/icudt64l/region/ksh.res" 1623
"../../../Engine/Content/Internationalization/icudt64l/lang/ku.res" 1624
"../../../Engine/Content/Internationalization/icudt64l/region/ku.res" 1625
"../../../Engine/Content/Internationalization/icudt64l/lang/kw.res" 1626
"../../../Engine/Content/Internationalization/icudt64l/region/kw.res" 1627
"../../../Engine/Content/Internationalization/icudt64l/lang/ky.res" 1628
"../../../Engine/Content/Internationalization/icudt64l/region/ky.res" 1629
"../../../Engine/Content/Internationalization/icudt64l/lang/lag.res" 1630
"../../../Engine/Content/Internationalization/icudt64l/region/lag.res" 1631
"../../../Engine/Content/Internationalization/icudt64l/lang/lb.res" 1632
"../../../Engine/Content/Internationalization/icudt64l/region/lb.res" 1633
"../../../Engine/Content/Internationalization/icudt64l/lang/lg.res" 1634
"../../../Engine/Content/Internationalization/icudt64l/region/lg.res" 1635
"../../../Engine/Content/Internationalization/icudt64l/lang/lkt.res" 1636
"../../../Engine/Content/Internationalization/icudt64l/region/lkt.res" 1637
"../../../Engine/Content/Internationalization/icudt64l/lang/ln.res" 1638
"../../../Engine/Content/Internationalization/icudt64l/region/ln.res" 1639
"../../../Engine/Content/Internationalization/icudt64l/lang/lo.res" 1640
"../../../Engine/Content/Internationalization/icudt64l/region/lo.res" 1641
"../../../Engine/Content/Internationalization/icudt64l/lang/lrc.res" 1642
"../../../Engine/Content/Internationalization/icudt64l/region/lrc.res" 1643
"../../../Engine/Content/Internationalization/icudt64l/lang/lt.res" 1644
"../../../Engine/Content/Internationalization/icudt64l/region/lt.res" 1645
"../../../Engine/Content/Internationalization/icudt64l/lang/lu.res" 1646
"../../../Engine/Content/Internationalization/icudt64l/region/lu.res" 1647
"../../../Engine/Content/Internationalization/icudt64l/lang/luo.res" 1648
"../../../Engine/Content/Internationalization/icudt64l/region/luo.res" 1649
"../../../Engine/Content/Internationalization/icudt64l/lang/luy.res" 1650
"../../../Engine/Content/Internationalization/icudt64l/region/luy.res" 1651
"../../../Engine/Content/Internationalization/icudt64l/lang/lv.res" 1652
"../../../Engine/Content/Internationalization/icudt64l/region/lv.res" 1653
"../../../Engine/Content/Internationalization/icudt64l/lang/mas.res" 1654
"../../../Engine/Content/Internationalization/icudt64l/region/mas.res" 1655
"../../../Engine/Content/Internationalization/icudt64l/lang/mer.res" 1656
"../../../Engine/Content/Internationalization/icudt64l/region/mer.res" 1657
"../../../Engine/Content/Internationalization/icudt64l/lang/mfe.res" 1658
"../../../Engine/Content/Internationalization/icudt64l/region/mfe.res" 1659
"../../../Engine/Content/Internationalization/icudt64l/lang/mg.res" 1660
"../../../Engine/Content/Internationalization/icudt64l/region/mg.res" 1661
"../../../Engine/Content/Internationalization/icudt64l/lang/mgh.res" 1662
"../../../Engine/Content/Internationalization/icudt64l/region/mgh.res" 1663
"../../../Engine/Content/Internationalization/icudt64l/lang/mgo.res" 1664
"../../../Engine/Content/Internationalization/icudt64l/region/mgo.res" 1665
"../../../Engine/Content/Internationalization/icudt64l/lang/mi.res" 1666
"../../../Engine/Content/Internationalization/icudt64l/region/mi.res" 1667
"../../../Engine/Content/Internationalization/icudt64l/lang/mk.res" 1668
"../../../Engine/Content/Internationalization/icudt64l/region/mk.res" 1669
"../../../Engine/Content/Internationalization/icudt64l/lang/ml.res" 1670
"../../../Engine/Content/Internationalization/icudt64l/region/ml.res" 1671
"../../../Engine/Content/Internationalization/icudt64l/lang/mn.res" 1672
"../../../Engine/Content/Internationalization/icudt64l/region/mn.res" 1673
"../../../Engine/Content/Internationalization/icudt64l/lang/mr.res" 1674
"../../../Engine/Content/Internationalization/icudt64l/region/mr.res" 1675
"../../../Engine/Content/Internationalization/icudt64l/lang/ms.res" 1676
"../../../Engine/Content/Internationalization/icudt64l/region/ms.res" 1677
"../../../Engine/Content/Internationalization/icudt64l/lang/mt.res" 1678
"../../../Engine/Content/Internationalization/icudt64l/region/mt.res" 1679
"../../../Engine/Content/Internationalization/icudt64l/lang/mua.res" 1680
"../../../Engine/Content/Internationalization/icudt64l/region/mua.res" 1681
"../../../Engine/Content/Internationalization/icudt64l/lang/my.res" 1682
"../../../Engine/Content/Internationalization/icudt64l/region/my.res" 1683
"../../../Engine/Content/Internationalization/icudt64l/lang/mzn.res" 1684
"../../../Engine/Content/Internationalization/icudt64l/region/mzn.res" 1685
"../../../Engine/Content/Internationalization/icudt64l/lang/naq.res" 1686
"../../../Engine/Content/Internationalization/icudt64l/region/naq.res" 1687
"../../../Engine/Content/Internationalization/icudt64l/lang/nb.res" 1688
"../../../Engine/Content/Internationalization/icudt64l/lang/nb_NO.res" 1689
"../../../Engine/Content/Internationalization/icudt64l/region/nb_NO.res" 1690
"../../../Engine/Content/Internationalization/icudt64l/region/nb.res" 1691
"../../../Engine/Content/Internationalization/icudt64l/lang/nd.res" 1692
"../../../Engine/Content/Internationalization/icudt64l/region/nd.res" 1693
"../../../Engine/Content/Internationalization/icudt64l/lang/nds.res" 1694
"../../../Engine/Content/Internationalization/icudt64l/region/nds.res" 1695
"../../../Engine/Content/Internationalization/icudt64l/lang/ne.res" 1696
"../../../Engine/Content/Internationalization/icudt64l/region/ne.res" 1697
"../../../Engine/Content/Internationalization/icudt64l/lang/nl.res" 1698
"../../../Engine/Content/Internationalization/icudt64l/region/nl.res" 1699
"../../../Engine/Content/Internationalization/icudt64l/lang/nmg.res" 1700
"../../../Engine/Content/Internationalization/icudt64l/region/nmg.res" 1701
"../../../Engine/Content/Internationalization/icudt64l/lang/nn.res" 1702
"../../../Engine/Content/Internationalization/icudt64l/lang/nn_NO.res" 1703
"../../../Engine/Content/Internationalization/icudt64l/region/nn_NO.res" 1704
"../../../Engine/Content/Internationalization/icudt64l/region/nn.res" 1705
"../../../Engine/Content/Internationalization/icudt64l/lang/nnh.res" 1706
"../../../Engine/Content/Internationalization/icudt64l/region/nnh.res" 1707
"../../../Engine/Content/Internationalization/icudt64l/lang/nus.res" 1708
"../../../Engine/Content/Internationalization/icudt64l/region/nus.res" 1709
"../../../Engine/Content/Internationalization/icudt64l/lang/nyn.res" 1710
"../../../Engine/Content/Internationalization/icudt64l/region/nyn.res" 1711
"../../../Engine/Content/Internationalization/icudt64l/lang/om.res" 1712
"../../../Engine/Content/Internationalization/icudt64l/region/om.res" 1713
"../../../Engine/Content/Internationalization/icudt64l/lang/or.res" 1714
"../../../Engine/Content/Internationalization/icudt64l/region/or.res" 1715
"../../../Engine/Content/Internationalization/icudt64l/lang/os.res" 1716
"../../../Engine/Content/Internationalization/icudt64l/region/os.res" 1717
"../../../Engine/Content/Internationalization/icudt64l/lang/pa.res" 1718
"../../../Engine/Content/Internationalization/icudt64l/lang/pa_Arab.res" 1719
"../../../Engine/Content/Internationalization/icudt64l/lang/pa_PK.res" 1720
"../../../Engine/Content/Internationalization/icudt64l/lang/pa_Arab_PK.res" 1721
"../../../Engine/Content/Internationalization/icudt64l/region/pa_PK.res" 1722
"../../../Engine/Content/Internationalization/icudt64l/region/pa_Arab_PK.res" 1723
"../../../Engine/Content/Internationalization/icudt64l/region/pa_Arab.res" 1724
"../../../Engine/Content/Internationalization/icudt64l/lang/pa_Guru.res" 1725
"../../../Engine/Content/Internationalization/icudt64l/lang/pa_IN.res" 1726
"../../../Engine/Content/Internationalization/icudt64l/lang/pa_Guru_IN.res" 1727
"../../../Engine/Content/Internationalization/icudt64l/region/pa_IN.res" 1728
"../../../Engine/Content/Internationalization/icudt64l/region/pa_Guru_IN.res" 1729
"../../../Engine/Content/Internationalization/icudt64l/region/pa_Guru.res" 1730
"../../../Engine/Content/Internationalization/icudt64l/region/pa.res" 1731
"../../../Engine/Content/Internationalization/icudt64l/lang/pl.res" 1732
"../../../Engine/Content/Internationalization/icudt64l/region/pl.res" 1733
"../../../Engine/Content/Internationalization/icudt64l/lang/ps.res" 1734
"../../../Engine/Content/Internationalization/icudt64l/region/ps.res" 1735
"../../../Engine/Content/Internationalization/icudt64l/lang/ps_PK.res" 1736
"../../../Engine/Content/Internationalization/icudt64l/region/ps_PK.res" 1737
"../../../Engine/Content/Internationalization/icudt64l/lang/pt.res" 1738
"../../../Engine/Content/Internationalization/icudt64l/lang/pt_AO.res" 1739
"../../../Engine/Content/Internationalization/icudt64l/lang/pt_PT.res" 1740
"../../../Engine/Content/Internationalization/icudt64l/region/pt_AO.res" 1741
"../../../Engine/Content/Internationalization/icudt64l/region/pt_PT.res" 1742
"../../../Engine/Content/Internationalization/icudt64l/region/pt.res" 1743
"../../../Engine/Content/Internationalization/icudt64l/lang/pt_CH.res" 1744
"../../../Engine/Content/Internationalization/icudt64l/region/pt_CH.res" 1745
"../../../Engine/Content/Internationalization/icudt64l/lang/pt_CV.res" 1746
"../../../Engine/Content/Internationalization/icudt64l/region/pt_CV.res" 1747
"../../../Engine/Content/Internationalization/icudt64l/lang/pt_GQ.res" 1748
"../../../Engine/Content/Internationalization/icudt64l/region/pt_GQ.res" 1749
"../../../Engine/Content/Internationalization/icudt64l/lang/pt_GW.res" 1750
"../../../Engine/Content/Internationalization/icudt64l/region/pt_GW.res" 1751
"../../../Engine/Content/Internationalization/icudt64l/lang/pt_LU.res" 1752
"../../../Engine/Content/Internationalization/icudt64l/region/pt_LU.res" 1753
"../../../Engine/Content/Internationalization/icudt64l/lang/pt_MO.res" 1754
"../../../Engine/Content/Internationalization/icudt64l/region/pt_MO.res" 1755
"../../../Engine/Content/Internationalization/icudt64l/lang/pt_MZ.res" 1756
"../../../Engine/Content/Internationalization/icudt64l/region/pt_MZ.res" 1757
"../../../Engine/Content/Internationalization/icudt64l/lang/pt_ST.res" 1758
"../../../Engine/Content/Internationalization/icudt64l/region/pt_ST.res" 1759
"../../../Engine/Content/Internationalization/icudt64l/lang/pt_TL.res" 1760
"../../../Engine/Content/Internationalization/icudt64l/region/pt_TL.res" 1761
"../../../Engine/Content/Internationalization/icudt64l/lang/qu.res" 1762
"../../../Engine/Content/Internationalization/icudt64l/region/qu.res" 1763
"../../../Engine/Content/Internationalization/icudt64l/lang/rm.res" 1764
"../../../Engine/Content/Internationalization/icudt64l/region/rm.res" 1765
"../../../Engine/Content/Internationalization/icudt64l/lang/rn.res" 1766
"../../../Engine/Content/Internationalization/icudt64l/region/rn.res" 1767
"../../../Engine/Content/Internationalization/icudt64l/lang/ro.res" 1768
"../../../Engine/Content/Internationalization/icudt64l/lang/ro_MD.res" 1769
"../../../Engine/Content/Internationalization/icudt64l/region/ro_MD.res" 1770
"../../../Engine/Content/Internationalization/icudt64l/region/ro.res" 1771
"../../../Engine/Content/Internationalization/icudt64l/lang/rof.res" 1772
"../../../Engine/Content/Internationalization/icudt64l/region/rof.res" 1773
"../../../Engine/Content/Internationalization/icudt64l/lang/ru.res" 1774
"../../../Engine/Content/Internationalization/icudt64l/region/ru.res" 1775
"../../../Engine/Content/Internationalization/icudt64l/region/ru_UA.res" 1776
"../../../Engine/Content/Internationalization/icudt64l/lang/rw.res" 1777
"../../../Engine/Content/Internationalization/icudt64l/region/rw.res" 1778
"../../../Engine/Content/Internationalization/icudt64l/lang/rwk.res" 1779
"../../../Engine/Content/Internationalization/icudt64l/region/rwk.res" 1780
"../../../Engine/Content/Internationalization/icudt64l/lang/sah.res" 1781
"../../../Engine/Content/Internationalization/icudt64l/region/sah.res" 1782
"../../../Engine/Content/Internationalization/icudt64l/lang/saq.res" 1783
"../../../Engine/Content/Internationalization/icudt64l/region/saq.res" 1784
"../../../Engine/Content/Internationalization/icudt64l/lang/sbp.res" 1785
"../../../Engine/Content/Internationalization/icudt64l/region/sbp.res" 1786
"../../../Engine/Content/Internationalization/icudt64l/lang/sd.res" 1787
"../../../Engine/Content/Internationalization/icudt64l/region/sd.res" 1788
"../../../Engine/Content/Internationalization/icudt64l/lang/se.res" 1789
"../../../Engine/Content/Internationalization/icudt64l/lang/se_FI.res" 1790
"../../../Engine/Content/Internationalization/icudt64l/region/se_FI.res" 1791
"../../../Engine/Content/Internationalization/icudt64l/region/se.res" 1792
"../../../Engine/Content/Internationalization/icudt64l/lang/seh.res" 1793
"../../../Engine/Content/Internationalization/icudt64l/region/seh.res" 1794
"../../../Engine/Content/Internationalization/icudt64l/lang/ses.res" 1795
"../../../Engine/Content/Internationalization/icudt64l/region/ses.res" 1796
"../../../Engine/Content/Internationalization/icudt64l/lang/sg.res" 1797
"../../../Engine/Content/Internationalization/icudt64l/region/sg.res" 1798
"../../../Engine/Content/Internationalization/icudt64l/lang/shi.res" 1799
"../../../Engine/Content/Internationalization/icudt64l/lang/shi_Latn.res" 1800
"../../../Engine/Content/Internationalization/icudt64l/lang/shi_MA.res" 1801
"../../../Engine/Content/Internationalization/icudt64l/lang/shi_Tfng_MA.res" 1802
"../../../Engine/Content/Internationalization/icudt64l/lang/shi_Tfng.res" 1803
"../../../Engine/Content/Internationalization/icudt64l/region/shi_MA.res" 1804
"../../../Engine/Content/Internationalization/icudt64l/region/shi_Tfng_MA.res" 1805
"../../../Engine/Content/Internationalization/icudt64l/region/shi_Tfng.res" 1806
"../../../Engine/Content/Internationalization/icudt64l/region/shi.res" 1807
"../../../Engine/Content/Internationalization/icudt64l/region/shi_Latn.res" 1808
"../../../Engine/Content/Internationalization/icudt64l/lang/si.res" 1809
"../../../Engine/Content/Internationalization/icudt64l/region/si.res" 1810
"../../../Engine/Content/Internationalization/icudt64l/lang/sk.res" 1811
"../../../Engine/Content/Internationalization/icudt64l/region/sk.res" 1812
"../../../Engine/Content/Internationalization/icudt64l/lang/sl.res" 1813
"../../../Engine/Content/Internationalization/icudt64l/region/sl.res" 1814
"../../../Engine/Content/Internationalization/icudt64l/lang/smn.res" 1815
"../../../Engine/Content/Internationalization/icudt64l/region/smn.res" 1816
"../../../Engine/Content/Internationalization/icudt64l/lang/sn.res" 1817
"../../../Engine/Content/Internationalization/icudt64l/region/sn.res" 1818
"../../../Engine/Content/Internationalization/icudt64l/lang/so.res" 1819
"../../../Engine/Content/Internationalization/icudt64l/region/so.res" 1820
"../../../Engine/Content/Internationalization/icudt64l/lang/sq.res" 1821
"../../../Engine/Content/Internationalization/icudt64l/region/sq.res" 1822
"../../../Engine/Content/Internationalization/icudt64l/lang/sr.res" 1823
"../../../Engine/Content/Internationalization/icudt64l/lang/sr_Cyrl.res" 1824
"../../../Engine/Content/Internationalization/icudt64l/lang/sr_BA.res" 1825
"../../../Engine/Content/Internationalization/icudt64l/lang/sr_Cyrl_BA.res" 1826
"../../../Engine/Content/Internationalization/icudt64l/region/sr_BA.res" 1827
"../../../Engine/Content/Internationalization/icudt64l/region/sr_Cyrl_BA.res" 1828
"../../../Engine/Content/Internationalization/icudt64l/region/sr_Cyrl.res" 1829
"../../../Engine/Content/Internationalization/icudt64l/region/sr.res" 1830
"../../../Engine/Content/Internationalization/icudt64l/lang/sr_ME.res" 1831
"../../../Engine/Content/Internationalization/icudt64l/lang/sr_Latn_ME.res" 1832
"../../../Engine/Content/Internationalization/icudt64l/lang/sr_Latn.res" 1833
"../../../Engine/Content/Internationalization/icudt64l/region/sr_ME.res" 1834
"../../../Engine/Content/Internationalization/icudt64l/region/sr_Latn_ME.res" 1835
"../../../Engine/Content/Internationalization/icudt64l/region/sr_Latn.res" 1836
"../../../Engine/Content/Internationalization/icudt64l/lang/sr_Cyrl_ME.res" 1837
"../../../Engine/Content/Internationalization/icudt64l/region/sr_Cyrl_ME.res" 1838
"../../../Engine/Content/Internationalization/icudt64l/lang/sr_RS.res" 1839
"../../../Engine/Content/Internationalization/icudt64l/lang/sr_Cyrl_RS.res" 1840
"../../../Engine/Content/Internationalization/icudt64l/region/sr_RS.res" 1841
"../../../Engine/Content/Internationalization/icudt64l/region/sr_Cyrl_RS.res" 1842
"../../../Engine/Content/Internationalization/icudt64l/lang/sr_XK.res" 1843
"../../../Engine/Content/Internationalization/icudt64l/lang/sr_Cyrl_XK.res" 1844
"../../../Engine/Content/Internationalization/icudt64l/region/sr_XK.res" 1845
"../../../Engine/Content/Internationalization/icudt64l/region/sr_Cyrl_XK.res" 1846
"../../../Engine/Content/Internationalization/icudt64l/lang/sr_Latn_BA.res" 1847
"../../../Engine/Content/Internationalization/icudt64l/region/sr_Latn_BA.res" 1848
"../../../Engine/Content/Internationalization/icudt64l/lang/sr_Latn_RS.res" 1849
"../../../Engine/Content/Internationalization/icudt64l/region/sr_Latn_RS.res" 1850
"../../../Engine/Content/Internationalization/icudt64l/lang/sr_Latn_XK.res" 1851
"../../../Engine/Content/Internationalization/icudt64l/region/sr_Latn_XK.res" 1852
"../../../Engine/Content/Internationalization/icudt64l/lang/sv.res" 1853
"../../../Engine/Content/Internationalization/icudt64l/region/sv.res" 1854
"../../../Engine/Content/Internationalization/icudt64l/lang/sv_FI.res" 1855
"../../../Engine/Content/Internationalization/icudt64l/lang/sw.res" 1856
"../../../Engine/Content/Internationalization/icudt64l/lang/sw_CD.res" 1857
"../../../Engine/Content/Internationalization/icudt64l/region/sw_CD.res" 1858
"../../../Engine/Content/Internationalization/icudt64l/region/sw.res" 1859
"../../../Engine/Content/Internationalization/icudt64l/lang/sw_KE.res" 1860
"../../../Engine/Content/Internationalization/icudt64l/region/sw_KE.res" 1861
"../../../Engine/Content/Internationalization/icudt64l/lang/ta.res" 1862
"../../../Engine/Content/Internationalization/icudt64l/region/ta.res" 1863
"../../../Engine/Content/Internationalization/icudt64l/lang/te.res" 1864
"../../../Engine/Content/Internationalization/icudt64l/region/te.res" 1865
"../../../Engine/Content/Internationalization/icudt64l/lang/teo.res" 1866
"../../../Engine/Content/Internationalization/icudt64l/region/teo.res" 1867
"../../../Engine/Content/Internationalization/icudt64l/lang/tg.res" 1868
"../../../Engine/Content/Internationalization/icudt64l/region/tg.res" 1869
"../../../Engine/Content/Internationalization/icudt64l/lang/th.res" 1870
"../../../Engine/Content/Internationalization/icudt64l/lang/th_TH.res" 1871
"../../../Engine/Content/Internationalization/icudt64l/region/th_TH.res" 1872
"../../../Engine/Content/Internationalization/icudt64l/region/th.res" 1873
"../../../Engine/Content/Internationalization/icudt64l/lang/ti.res" 1874
"../../../Engine/Content/Internationalization/icudt64l/region/ti.res" 1875
"../../../Engine/Content/Internationalization/icudt64l/lang/tk.res" 1876
"../../../Engine/Content/Internationalization/icudt64l/region/tk.res" 1877
"../../../Engine/Content/Internationalization/icudt64l/lang/to.res" 1878
"../../../Engine/Content/Internationalization/icudt64l/region/to.res" 1879
"../../../Engine/Content/Internationalization/icudt64l/lang/tr.res" 1880
"../../../Engine/Content/Internationalization/icudt64l/region/tr.res" 1881
"../../../Engine/Content/Internationalization/icudt64l/lang/tt.res" 1882
"../../../Engine/Content/Internationalization/icudt64l/region/tt.res" 1883
"../../../Engine/Content/Internationalization/icudt64l/lang/twq.res" 1884
"../../../Engine/Content/Internationalization/icudt64l/region/twq.res" 1885
"../../../Engine/Content/Internationalization/icudt64l/lang/tzm.res" 1886
"../../../Engine/Content/Internationalization/icudt64l/region/tzm.res" 1887
"../../../Engine/Content/Internationalization/icudt64l/lang/ug.res" 1888
"../../../Engine/Content/Internationalization/icudt64l/region/ug.res" 1889
"../../../Engine/Content/Internationalization/icudt64l/lang/uk.res" 1890
"../../../Engine/Content/Internationalization/icudt64l/region/uk.res" 1891
"../../../Engine/Content/Internationalization/icudt64l/lang/ur.res" 1892
"../../../Engine/Content/Internationalization/icudt64l/lang/ur_IN.res" 1893
"../../../Engine/Content/Internationalization/icudt64l/region/ur_IN.res" 1894
"../../../Engine/Content/Internationalization/icudt64l/region/ur.res" 1895
"../../../Engine/Content/Internationalization/icudt64l/lang/uz.res" 1896
"../../../Engine/Content/Internationalization/icudt64l/lang/uz_Arab.res" 1897
"../../../Engine/Content/Internationalization/icudt64l/lang/uz_AF.res" 1898
"../../../Engine/Content/Internationalization/icudt64l/lang/uz_Arab_AF.res" 1899
"../../../Engine/Content/Internationalization/icudt64l/region/uz_AF.res" 1900
"../../../Engine/Content/Internationalization/icudt64l/region/uz_Arab_AF.res" 1901
"../../../Engine/Content/Internationalization/icudt64l/region/uz_Arab.res" 1902
"../../../Engine/Content/Internationalization/icudt64l/lang/uz_Cyrl.res" 1903
"../../../Engine/Content/Internationalization/icudt64l/lang/uz_UZ.res" 1904
"../../../Engine/Content/Internationalization/icudt64l/lang/uz_Latn_UZ.res" 1905
"../../../Engine/Content/Internationalization/icudt64l/lang/uz_Latn.res" 1906
"../../../Engine/Content/Internationalization/icudt64l/region/uz_UZ.res" 1907
"../../../Engine/Content/Internationalization/icudt64l/region/uz_Latn_UZ.res" 1908
"../../../Engine/Content/Internationalization/icudt64l/region/uz_Latn.res" 1909
"../../../Engine/Content/Internationalization/icudt64l/region/uz.res" 1910
"../../../Engine/Content/Internationalization/icudt64l/region/uz_Cyrl.res" 1911
"../../../Engine/Content/Internationalization/icudt64l/lang/vai.res" 1912
"../../../Engine/Content/Internationalization/icudt64l/lang/vai_Latn.res" 1913
"../../../Engine/Content/Internationalization/icudt64l/lang/vai_LR.res" 1914
"../../../Engine/Content/Internationalization/icudt64l/lang/vai_Vaii_LR.res" 1915
"../../../Engine/Content/Internationalization/icudt64l/lang/vai_Vaii.res" 1916
"../../../Engine/Content/Internationalization/icudt64l/region/vai_LR.res" 1917
"../../../Engine/Content/Internationalization/icudt64l/region/vai_Vaii_LR.res" 1918
"../../../Engine/Content/Internationalization/icudt64l/region/vai_Vaii.res" 1919
"../../../Engine/Content/Internationalization/icudt64l/region/vai.res" 1920
"../../../Engine/Content/Internationalization/icudt64l/region/vai_Latn.res" 1921
"../../../Engine/Content/Internationalization/icudt64l/lang/vi.res" 1922
"../../../Engine/Content/Internationalization/icudt64l/region/vi.res" 1923
"../../../Engine/Content/Internationalization/icudt64l/lang/vun.res" 1924
"../../../Engine/Content/Internationalization/icudt64l/region/vun.res" 1925
"../../../Engine/Content/Internationalization/icudt64l/lang/wae.res" 1926
"../../../Engine/Content/Internationalization/icudt64l/region/wae.res" 1927
"../../../Engine/Content/Internationalization/icudt64l/lang/wo.res" 1928
"../../../Engine/Content/Internationalization/icudt64l/region/wo.res" 1929
"../../../Engine/Content/Internationalization/icudt64l/lang/xh.res" 1930
"../../../Engine/Content/Internationalization/icudt64l/region/xh.res" 1931
"../../../Engine/Content/Internationalization/icudt64l/lang/xog.res" 1932
"../../../Engine/Content/Internationalization/icudt64l/region/xog.res" 1933
"../../../Engine/Content/Internationalization/icudt64l/lang/yav.res" 1934
"../../../Engine/Content/Internationalization/icudt64l/region/yav.res" 1935
"../../../Engine/Content/Internationalization/icudt64l/lang/yi.res" 1936
"../../../Engine/Content/Internationalization/icudt64l/region/yi.res" 1937
"../../../Engine/Content/Internationalization/icudt64l/lang/yo.res" 1938
"../../../Engine/Content/Internationalization/icudt64l/lang/yo_BJ.res" 1939
"../../../Engine/Content/Internationalization/icudt64l/region/yo_BJ.res" 1940
"../../../Engine/Content/Internationalization/icudt64l/region/yo.res" 1941
"../../../Engine/Content/Internationalization/icudt64l/lang/yue.res" 1942
"../../../Engine/Content/Internationalization/icudt64l/lang/yue_Hans.res" 1943
"../../../Engine/Content/Internationalization/icudt64l/lang/yue_CN.res" 1944
"../../../Engine/Content/Internationalization/icudt64l/lang/yue_Hans_CN.res" 1945
"../../../Engine/Content/Internationalization/icudt64l/region/yue_CN.res" 1946
"../../../Engine/Content/Internationalization/icudt64l/region/yue_Hans_CN.res" 1947
"../../../Engine/Content/Internationalization/icudt64l/region/yue_Hans.res" 1948
"../../../Engine/Content/Internationalization/icudt64l/lang/yue_Hant.res" 1949
"../../../Engine/Content/Internationalization/icudt64l/lang/yue_HK.res" 1950
"../../../Engine/Content/Internationalization/icudt64l/lang/yue_Hant_HK.res" 1951
"../../../Engine/Content/Internationalization/icudt64l/region/yue_HK.res" 1952
"../../../Engine/Content/Internationalization/icudt64l/region/yue_Hant_HK.res" 1953
"../../../Engine/Content/Internationalization/icudt64l/region/yue_Hant.res" 1954
"../../../Engine/Content/Internationalization/icudt64l/region/yue.res" 1955
"../../../Engine/Content/Internationalization/icudt64l/lang/zgh.res" 1956
"../../../Engine/Content/Internationalization/icudt64l/region/zgh.res" 1957
"../../../Engine/Content/Internationalization/icudt64l/lang/zh.res" 1958
"../../../Engine/Content/Internationalization/icudt64l/lang/zh_Hans.res" 1959
"../../../Engine/Content/Internationalization/icudt64l/lang/zh_CN.res" 1960
"../../../Engine/Content/Internationalization/icudt64l/lang/zh_Hans_CN.res" 1961
"../../../Engine/Content/Internationalization/icudt64l/region/zh_CN.res" 1962
"../../../Engine/Content/Internationalization/icudt64l/region/zh_Hans_CN.res" 1963
"../../../Engine/Content/Internationalization/icudt64l/region/zh_Hans.res" 1964
"../../../Engine/Content/Internationalization/icudt64l/region/zh.res" 1965
"../../../Engine/Content/Internationalization/icudt64l/lang/zh_HK.res" 1966
"../../../Engine/Content/Internationalization/icudt64l/lang/zh_Hant_HK.res" 1967
"../../../Engine/Content/Internationalization/icudt64l/lang/zh_Hant.res" 1968
"../../../Engine/Content/Internationalization/icudt64l/region/zh_HK.res" 1969
"../../../Engine/Content/Internationalization/icudt64l/region/zh_Hant_HK.res" 1970
"../../../Engine/Content/Internationalization/icudt64l/region/zh_Hant.res" 1971
"../../../Engine/Content/Internationalization/icudt64l/lang/zh_MO.res" 1972
"../../../Engine/Content/Internationalization/icudt64l/lang/zh_Hant_MO.res" 1973
"../../../Engine/Content/Internationalization/icudt64l/region/zh_MO.res" 1974
"../../../Engine/Content/Internationalization/icudt64l/region/zh_Hant_MO.res" 1975
"../../../Engine/Content/Internationalization/icudt64l/lang/zh_SG.res" 1976
"../../../Engine/Content/Internationalization/icudt64l/lang/zh_Hans_SG.res" 1977
"../../../Engine/Content/Internationalization/icudt64l/region/zh_SG.res" 1978
"../../../Engine/Content/Internationalization/icudt64l/region/zh_Hans_SG.res" 1979
"../../../Engine/Content/Internationalization/icudt64l/lang/zh_TW.res" 1980
"../../../Engine/Content/Internationalization/icudt64l/lang/zh_Hant_TW.res" 1981
"../../../Engine/Content/Internationalization/icudt64l/region/zh_TW.res" 1982
"../../../Engine/Content/Internationalization/icudt64l/region/zh_Hant_TW.res" 1983
"../../../Engine/Content/Internationalization/icudt64l/lang/zu.res" 1984
"../../../Engine/Content/Internationalization/icudt64l/region/zu.res" 1985
"../../../Engine/Content/Internationalization/icudt64l/lang/no.res" 1986
"../../../Engine/Content/Internationalization/icudt64l/lang/tl.res" 1987
"../../../Engine/Config/Android/DataDrivenPlatformInfo.ini" 1988
"../../../Engine/Config/IOS/DataDrivenPlatformInfo.ini" 1989
"../../../Engine/Config/Linux/DataDrivenPlatformInfo.ini" 1990
"../../../Engine/Config/LinuxArm64/DataDrivenPlatformInfo.ini" 1991
"../../../Engine/Config/Mac/DataDrivenPlatformInfo.ini" 1992
"../../../Engine/Config/TVOS/DataDrivenPlatformInfo.ini" 1993
"../../../Engine/Config/Unix/DataDrivenPlatformInfo.ini" 1994
"../../../Engine/Config/VulkanPC/DataDrivenPlatformInfo.ini" 1995
"../../../Engine/Config/Windows/DataDrivenPlatformInfo.ini" 1996
"../../../Engine/Platforms/VisionOS/Config/DataDrivenPlatformInfo.ini" 1997
"../../../Engine/Content/Renderer/TessellationTable.bin" 1998
"../../../Engine/DerivedDataCache/Compressed.ddp" 1999
"C:/Users/WenzinOL/AppData/Local/UnrealEngine/5.6/Saved/Zen/zen.version" 2000
"C:/Users/WenzinOL/AppData/Local/UnrealEngine/Common/Zen/Install/zen.version" 2001
"C:/Users/WenzinOL/AppData/Local/UnrealEngine/Common/Zen/Install/zenserver.runcontext" 2002
"C:/Users/WenzinOL/AppData/Local/UnrealEngine/Common/DerivedDataCache/TestData/0/TestData_4kb.dat" 2003
"C:/Users/WenzinOL/AppData/Local/UnrealEngine/Common/DerivedDataCache/TestData/1/TestData_4kb.dat" 2004
"C:/Users/WenzinOL/AppData/Local/UnrealEngine/Common/DerivedDataCache/TestData/0/TestData_8kb.dat" 2005
"C:/Users/WenzinOL/AppData/Local/UnrealEngine/Common/DerivedDataCache/TestData/1/TestData_8kb.dat" 2006
"C:/Users/WenzinOL/AppData/Local/UnrealEngine/Common/DerivedDataCache/TestData/0/TestData_16kb.dat" 2007
"C:/Users/WenzinOL/AppData/Local/UnrealEngine/Common/DerivedDataCache/TestData/1/TestData_16kb.dat" 2008
"C:/Users/WenzinOL/AppData/Local/UnrealEngine/Common/DerivedDataCache/TestData/0/TestData_64kb.dat" 2009
"C:/Users/WenzinOL/AppData/Local/UnrealEngine/Common/DerivedDataCache/TestData/1/TestData_64kb.dat" 2010
"C:/Users/WenzinOL/AppData/Local/UnrealEngine/Common/DerivedDataCache/TestData/0/TestData_128kb.dat" 2011
"C:/Users/WenzinOL/AppData/Local/UnrealEngine/Common/DerivedDataCache/TestData/1/TestData_128kb.dat" 2012
"C:/Users/WenzinOL/AppData/Local/UnrealEngine/Common/DerivedDataCache/TestData/0/TestData_256kb.dat" 2013
"C:/Users/WenzinOL/AppData/Local/UnrealEngine/Common/DerivedDataCache/TestData/1/TestData_256kb.dat" 2014
"C:/Users/WenzinOL/AppData/Roaming/Unreal Engine/UnrealBuildTool/BuildConfiguration.xml" 2015
"../../../../../Users/WenzinOL/Documents/GitHub/MyProject-River/Intermediate/ShaderAutogen/PCD3D_SM6/AutogenShaderHeaders.ush" 2016
"../../../Engine/Shaders/Private/HairStrands/HairStrandsVertexFactory.ush" 2017
"../../../Engine/Shaders/Private/VertexFactoryCommon.ush" 2018
"../../../Engine/Shaders/Private/Common.ush" 2019
"../../../Engine/Shaders/Public/Platform.ush" 2020
"../../../Engine/Shaders/Public/FP16Math.ush" 2021
"../../../Engine/Shaders/Public/Platform/D3D/D3DCommon.ush" 2022
"../../../Engine/Shaders/Shared/HLSLReservedSpaces.h" 2023
"../../../Engine/Shaders/Public/BindlessResources.ush" 2024
"../../../Engine/Shaders/Public/Platform/D3D/PlatformBindlessResources.ush" 2025
"../../../Engine/Shaders/Shared/RayTracingBuiltInResources.h" 2026
"../../../Engine/Shaders/Shared/RayTracingDefinitions.h" 2027
"../../../Engine/Shaders/Public/OverloadMacros.ush" 2028
"../../../Engine/Shaders/Public/ShaderVersion.ush" 2029
"../../../Engine/Shaders/Shared/ThirdParty/NVIDIA/nvHLSLExtns.h" 2030
"../../../Engine/Shaders/Shared/ThirdParty/NVIDIA/nvHLSLExtnsInternal.h" 2031
"../../../Engine/Shaders/Shared/ThirdParty/NVIDIA/nvShaderExtnEnums.h" 2032
"../../../Engine/Shaders/Private/PackUnpack.ush" 2033
"../../../Engine/Shaders/Private/GeneratedUniformBufferTypes.ush" 2034
"../../../Engine/Shaders/Private/Nanite/NanitePackedNaniteView.ush" 2035
"../../../Engine/Shaders/Private/HairStrands/HairStrandsVisibilityCommonStruct.ush" 2036
"../../../Engine/Shaders/Private/HairStrands/HairStrandsVoxelPageCommonStruct.ush" 2037
"../../../Engine/Shaders/Private/HairStrands/HairStrandsDeepShadowCommonStruct.ush" 2038
"../../../Engine/Shaders/Shared/LightSceneData.h" 2039
"../../../Engine/Shaders/Shared/HLSLTypeAliases.h" 2040
"../../../Engine/Shaders/Private/LargeWorldCoordinates.ush" 2041
"../../../Engine/Shaders/Private/DoubleFloat.ush" 2042
"../../../Engine/Shaders/Private/RandomPCG.ush" 2043
"../../../Engine/Shaders/Private/DoubleFloatOperations.ush" 2044
"../../../Engine/Shaders/Private/DoubleFloatVectorDefinition.ush" 2045
"../../../Engine/Shaders/Private/LWCOperations.ush" 2046
"../../../Engine/Shaders/Shared/LightViewData.h" 2047
"../../../Engine/Shaders/Shared/RayTracingTypes.h" 2048
"../../../Engine/Shaders/Shared/HLSLStaticAssert.h" 2049
"../../../Engine/Shaders/Private/CommonViewUniformBuffer.ush" 2050
"../../../Engine/Shaders/Private/InstancedStereo.ush" 2051
"../../../Engine/Shaders/Private/Definitions.usf" 2052
"../../../Engine/Shaders/Private/AssertionMacros.ush" 2053
"../../../Engine/Shaders/Private/FastMath.ush" 2054
"../../../Engine/Shaders/Private/FastMathThirdParty.ush" 2055
"../../../Engine/Shaders/Private/Random.ush" 2056
"../../../Engine/Shaders/Private/RandomInterleavedGradientNoise.ush" 2057
"../../../Engine/Shaders/Private/SceneData.ush" 2058
"../../../Engine/Shaders/Private/OctahedralCommon.ush" 2059
"../../../Engine/Shaders/Private/WaveOpUtil.ush" 2060
"../../../Engine/Shaders/Private/ByteBuffer.ush" 2061
"../../../Engine/Shaders/Shared/SceneDefinitions.h" 2062
"../../../Engine/Shaders/Private/SceneDataMobileLoader.ush" 2063
"../../../Engine/Shaders/Private/LocalVertexFactoryCommon.ush" 2064
"../../../Engine/Shaders/Private/HairStrands/HairStrandsVisibilityCommon.ush" 2065
"../../../Engine/Shaders/Shared/HairStrandsDefinitions.h" 2066
"../../../Engine/Shaders/Private/HairStrands/HairStrandsVertexFactoryCommon.ush" 2067
"../../../Engine/Shaders/Private/HairStrands/HairStrandsPack.ush" 2068
"../../../Engine/Shaders/Private/HairStrands/HairStrandsAttributeCommon.ush" 2069
"../../../Engine/Shaders/Private/HairStrands/HairStrandsAttributeTemplate.ush" 2070
"../../../Engine/Shaders/Private/VertexFactoryDefaultInterface.ush" 2071
"../../../Engine/Shaders/Private/HairStrands/HairCardsVertexFactory.ush" 2072
"../../../Engine/Shaders/Private/HairStrands/HairCardsAttributeCommon.ush" 2073
"../../../Engine/Shaders/Private/RayTracing/RayTracingCommon.ush" 2074
"../../../Engine/Shaders/Private/ShadingCommon.ush" 2075
"../../../Engine/Shaders/Shared/RayTracingPayloadType.h" 2076
"../../../Engine/Shaders/Private/RayTracing/RayTracingRayCone.ush" 2077
"../../../Engine/Shaders/Private/Substrate/Substrate.ush" 2078
"../../../Engine/Shaders/Private/ShadingEnergyConservation.ush" 2079
"../../../Engine/Shaders/Private/ShadingEnergyConservationTemplate.ush" 2080
"../../../Engine/Shaders/Private/BRDF.ush" 2081
"../../../Engine/Shaders/Private/ColorSpace.ush" 2082
"../../../Engine/Shaders/Private/DeferredShadingCommon.ush" 2083
"../../../Engine/Shaders/Private/LightAccumulator.ush" 2084
"../../../Engine/Shaders/Private/SceneTexturesCommon.ush" 2085
"../../../Engine/Shaders/Private/MonteCarlo.ush" 2086
"../../../Engine/Shaders/Private/GBufferHelpers.ush" 2087
"../../../Engine/Shaders/Private/SceneTextureParameters.ush" 2088
"C:/Users/WenzinOL/Documents/GitHub/MyProject-River/Intermediate/ShaderAutogen/PCD3D_SM6/AutogenShaderHeaders.ush" 2089
"../../../Engine/Shaders/Private/ParticipatingMediaCommon.ush" 2090
"../../../Engine/Shaders/Private/ThinFilmBSDF.ush" 2091
"../../../Engine/Shaders/Private/MortonCode.ush" 2092
"../../../Engine/Shaders/Private/SubsurfaceProfileCommon.ush" 2093
"../../../Engine/Shaders/Private/BurleyNormalizedSSSCommon.ush" 2094
"../../../Engine/Shaders/Private/GammaCorrectionCommon.ush" 2095
"../../../Engine/Shaders/Shared/SubstrateDefinitions.h" 2096
"../../../Engine/Shaders/Private/Substrate/SubstrateStatisticalOperators.ush" 2097
"../../../Engine/Shaders/Private/Substrate/SubstrateSubsurface.ush" 2098
"../../../Engine/Shaders/Private/TransmissionCommon.ush" 2099
"../../../Engine/Shaders/Private/Substrate/SubstrateExportCommon.ush" 2100
"../../../Engine/Shaders/Private/SpecularProfileCommon.ush" 2101
"../../../Engine/Shaders/Private/RayTracing/RayTracingCommonMetal.ush" 2102
"../../../Engine/Shaders/Private/PositionReconstructionCommon.ush" 2103
"../../../Engine/Shaders/Private/RayTracing/TraceRayInline.ush" 2104
"../../../Engine/Shaders/Private/RayTracing/TraceRayInlineCommon.ush" 2105
"../../../Engine/Shaders/Private/RayTracing/TraceRayInlineVulkan.ush" 2106
"../../../Engine/Shaders/Private/RayTracing/TraceRayInlineMetal.ush" 2107
"../../../Engine/Shaders/Private/RayTracing/TraceRayInlineD3D12.ush" 2108
"../../../Engine/Shaders/Private/RayTracing/RayTracingHitGroupCommon.ush" 2109
"../../../Engine/Shaders/Private/Nanite/NaniteRayTrace.ush" 2110
"../../../Engine/Shaders/Private/Nanite/NaniteDataDecode.ush" 2111
"../../../Engine/Shaders/Private/BitPacking.ush" 2112
"../../../Engine/Shaders/Private/BitStreamReaderImplementation.ush" 2113
"../../../Engine/Shaders/Private/BoneTransform.ush" 2114
"../../../Engine/Shaders/Private/Quaternion.ush" 2115
"../../../Engine/Shaders/Shared/NaniteDefinitions.h" 2116
"../../../Engine/Shaders/Shared/SkinningDefinitions.h" 2117
"../../../Engine/Shaders/Private/Nanite/NaniteAttributeDecode.ush" 2118
"../../../Engine/Shaders/Private/Barycentrics.ush" 2119
"../../../Engine/Shaders/Private/DualNumber.ush" 2120
"../../../Engine/Shaders/Shared/ThirdParty/RayTriangleIntersection.h" 2121
"../../../Engine/Shaders/Private/Nanite/NaniteVertexFetch.ush" 2122
"../../../Engine/Shaders/Private/Nanite/NaniteSceneCommon.ush" 2123
"../../../Engine/Plugins/FX/Niagara/Shaders/Private/NiagaraSpriteVertexFactory.ush" 2124
"../../../Engine/Shaders/Private/ParticleVertexFactoryCommon.ush" 2125
"../../../Engine/Plugins/FX/Niagara/Shaders/Private/NiagaraVFCommon.usf" 2126
"../../../Engine/Plugins/FX/Niagara/Shaders/Private/NiagaraVFParticleAccess.usf" 2127
"../../../Engine/Plugins/FX/Niagara/Shaders/Private/NiagaraParticleAccess.ush" 2128
"../../../Engine/Plugins/FX/Niagara/Shaders/Private/NiagaraRibbonVertexFactory.ush" 2129
"../../../Engine/Plugins/FX/Niagara/Shaders/Private/NiagaraMeshVertexFactory.ush" 2130
"../../../Engine/Plugins/FX/Niagara/Shaders/Private/NiagaraCommon.ush" 2131
"../../../Engine/Plugins/FX/Niagara/Shaders/Private/NiagaraMeshParticleUtils.ush" 2132
"../../../Engine/Shaders/Private/VectorFieldVisualizationVertexFactory.ush" 2133
"../../../Engine/Shaders/Private/Nanite/NaniteVertexFactory.ush" 2134
"../../../Engine/Shaders/Private/LightmapData.ush" 2135
"../../../Engine/Shaders/Private/SplineMeshCommon.ush" 2136
"../../../Engine/Shaders/Shared/SplineMeshShaderParams.h" 2137
"../../../Engine/Shaders/Private/ShaderPrint.ush" 2138
"../../../Engine/Shaders/Private/ShaderPrintCommon.ush" 2139
"../../../Engine/Shaders/Private/MiniFontCommon.ush" 2140
"../../../Engine/Shaders/Private/MaterialCache/MaterialCacheCommon.ush" 2141
"../../../Engine/Shaders/Shared/MaterialCacheDefinitions.h" 2142
"../../../Engine/Shaders/Private/Nanite/NaniteVertexDeformation.ush" 2143
"../../../Engine/Shaders/Private/ViewData.ush" 2144
"../../../Engine/Shaders/Shared/ViewDefinitions.h" 2145
"../../../Engine/Shaders/Private/Matrices.ush" 2146
"../../../Engine/Shaders/Private/ParticleSpriteVertexFactory.ush" 2147
"../../../Engine/Shaders/Private/ParticleGPUSpriteVertexFactory.ush" 2148
"../../../Engine/Shaders/Private/ParticleSimulationCommon.ush" 2149
"../../../Engine/Shaders/Private/ParticleBeamTrailVertexFactory.ush" 2150
"../../../Engine/Shaders/Private/MeshParticleVertexFactory.ush" 2151
"../../../Engine/Shaders/Private/LocalVertexFactory.ush" 2152
"../../../Engine/Shaders/Private/GpuSkinCommon.ush" 2153
"../../../Engine/Shaders/Private/GpuSkinVertexFactory.ush" 2154
"../../../Engine/Shaders/Private/GeometryCollectionVertexFactory.ush" 2155
"../../../Engine/Shaders/Private/GeometryCacheVertexFactory.ush" 2156
"../../../Engine/Shaders/Private/LandscapeVertexFactory.ush" 2157
"../../../Engine/Plugins/Experimental/Compositing/CompositeCore/Shaders/Private/CompositeCoreMerge.usf" 2158
"../../../Engine/Shaders/Private/ScreenPass.ush" 2159
"../../../Engine/Shaders/Private/LensDistortion.ush" 2160
"../../../Engine/Plugins/Experimental/Compositing/CompositeCore/Shaders/Private/CompositeCoreDisplayTransform.usf" 2161
"../../../Engine/Plugins/Experimental/Compositing/CompositeCore/Shaders/Private/CompositeCoreDilate.usf" 2162
"../../../Engine/Plugins/Experimental/NFORDenoise/Shaders/NFORDenoise.usf" 2163
"../../../Engine/Plugins/Experimental/NFORDenoise/Shaders/NFORRegressionCommon.ush" 2164
"../../../Engine/Plugins/Experimental/NFORDenoise/Shaders/NFORRegression.ush" 2165
"../../../Engine/Plugins/Runtime/HairStrands/Shaders/Private/NiagaraCopyVelocityGrid.usf" 2166
"../../../Engine/Plugins/Runtime/HairStrands/Shaders/Private/NiagaraClearVelocityGrid.usf" 2167
"../../../Engine/Plugins/Runtime/HairStrands/Shaders/Private/NiagaraClearPressureGrid.usf" 2168
"../../../Engine/Plugins/Runtime/HairStrands/Shaders/Private/NiagaraInterpolateGroomGuides.usf" 2169
"../../../Engine/Plugins/Runtime/HairStrands/Shaders/Private/NiagaraGroomInterpolationUtils.ush" 2170
"../../../Engine/Plugins/FX/Niagara/Shaders/Private/NiagaraQuaternionUtils.ush" 2171
"../../../Engine/Shaders/Private/HairStrands/HairStrandsMesh.usf" 2172
"../../../Engine/Shaders/Private/HairStrands/HairStrandsBindingCommon.ush" 2173
"../../../Engine/Shaders/Private/HairStrands/HairStrandsFollicleMask.usf" 2174
"../../../Engine/Shaders/Private/HairStrands/HairStrandsSkinUpdate.usf" 2175
"../../../Engine/Shaders/Private/HairStrands/HairStrandsClusterCulling.usf" 2176
"../../../Engine/Shaders/Private/ColorMap.ush" 2177
"../../../Engine/Shaders/Private/HairStrands/HairStrandsAABBCommon.ush" 2178
"../../../Engine/Shaders/Private/HairStrands/HairStrandsClusterCommon.ush" 2179
"../../../Engine/Shaders/Private/ThreadGroupPrefixSum.ush" 2180
"../../../Engine/Shaders/Private/HairStrands/HairStrandsRaytracingGeometry.usf" 2181
"../../../Engine/Shaders/Private/HairStrands/HairStrandsTangent.usf" 2182
"../../../Engine/Shaders/Private/HairStrands/HairCardsDeformation.usf" 2183
"../../../Engine/Shaders/Private/HairStrands/HairStrandsInterpolation.usf" 2184
"../../../Engine/Shaders/Private/HairStrands/HairStrandsGuideDeform.usf" 2185
"../../../Engine/Shaders/Private/HairStrands/HairStrandsTexturesGeneration.usf" 2186
"../../../Engine/Shaders/Private/HairStrands/HairCardsTextureCommon.ush" 2187
"../../../Engine/Shaders/Private/HairStrands/HairStrandsTranscode.usf" 2188
"../../../Engine/Shaders/Private/HairStrands/HairStrandsDebug.usf" 2189
"../../../Engine/Shaders/Private/HairShadingCommon.ush" 2190
"../../../Engine/Shaders/Private/PostProcessCommon.ush" 2191
"../../../Engine/Shaders/Private/ShadingModels.ush" 2192
"../../../Engine/Shaders/Private/CapsuleLight.ush" 2193
"../../../Engine/Shaders/Private/RectLight.ush" 2194
"../../../Engine/Shaders/Private/LightData.ush" 2195
"../../../Engine/Shaders/Shared/LightDefinitions.h" 2196
"../../../Engine/Shaders/Private/AreaLightCommon.ush" 2197
"../../../Engine/Shaders/Private/HairBsdf.ush" 2198
"../../../Engine/Shaders/Private/MobileGGX.ush" 2199
"../../../Engine/Shaders/Private/HairStrands/HairStrandsCommon.ush" 2200
"../../../Engine/Shaders/Private/HairStrands/HairStrandsEnvironmentLightingCommon.ush" 2201
"../../../Engine/Shaders/Private/HairStrands/HairStrandsDeepTransmittanceCommon.ush" 2202
"../../../Engine/Shaders/Private/HairStrands/HairStrandsDeepTransmittanceDualScattering.ush" 2203
"../../../Engine/Shaders/Private/HairStrands/HairStrandsDeepShadowCommon.ush" 2204
"../../../Engine/Shaders/Private/HairStrands/HairStrandsDebugCommonStruct.ush" 2205
"../../../Engine/Plugins/Runtime/ComputeFramework/Shaders/Private/ComputeKernel.usf" 2206
"../../../Engine/Plugins/Runtime/ComputeFramework/Shaders/Private/ComputeKernelCommon.ush" 2207
"../../../Engine/Plugins/NNE/NNEDenoiser/Shaders/NNEDenoiserShadersTransferFunctionOidn.usf" 2208
"../../../Engine/Plugins/NNE/NNEDenoiser/Shaders/NNEDenoiserShadersMappedCopy.usf" 2209
"../../../Engine/Plugins/NNE/NNEDenoiser/Shaders/NNEDenoiserShadersDefaultIOProcess.usf" 2210
"../../../Engine/Plugins/NNE/NNEDenoiser/Shaders/NNEDenoiserShadersAutoExposureReduceFinal.usf" 2211
"../../../Engine/Plugins/NNE/NNEDenoiser/Shaders/NNEDenoiserShadersAutoExposureReduce.usf" 2212
"../../../Engine/Plugins/NNE/NNEDenoiser/Shaders/NNEDenoiserShadersAutoExposureDownsample.usf" 2213
"../../../Engine/Plugins/VirtualProduction/CameraCalibrationCore/Shaders/Private/CrosshairOverlay.usf" 2214
"../../../Engine/Plugins/VirtualProduction/CameraCalibrationCore/Shaders/Private/DisplacementMapBlending.usf" 2215
"../../../Engine/Plugins/VirtualProduction/CameraCalibrationCore/Shaders/Private/RecenterSTDisplacementMaps.usf" 2216
"../../../Engine/Plugins/VirtualProduction/CameraCalibrationCore/Shaders/Private/FillSTDisplacementMap.usf" 2217
"../../../Engine/Plugins/VirtualProduction/CameraCalibrationCore/Shaders/Private/InvertDisplacementMap.usf" 2218
"../../../Engine/Plugins/VirtualProduction/CameraCalibrationCore/Shaders/Private/CropDisplacementMap.usf" 2219
"../../../Engine/Plugins/VirtualProduction/CameraCalibrationCore/Shaders/Private/BlendDisplacementMaps.usf" 2220
"../../../Engine/Plugins/VirtualProduction/CameraCalibrationCore/Shaders/Private/DrawDisplacementMaps.usf" 2221
"../../../Engine/Plugins/VirtualProduction/CameraCalibrationCore/Shaders/Private/UndistortImagePoints.usf" 2222
"../../../Engine/Plugins/VirtualProduction/CameraCalibrationCore/Shaders/Private/DistortionSTMapProcessor.usf" 2223
"../../../Engine/Plugins/Media/WmfMedia/Shaders/Private/MediaHardwareVideoDecoding.usf" 2224
"../../../Engine/Shaders/Private/ColorUtils.ush" 2225
"../../../Engine/Plugins/Media/ImgMedia/Shaders/Private/ExrSwizzler.usf" 2226
"../../../Engine/Plugins/Enterprise/GLTFExporter/Shaders/Private/SimpleTexture2DPS.usf" 2227
"../../../Engine/Shaders/Private/SimpleElementNormalMapPixelShader.usf" 2228
"../../../Engine/Plugins/FX/Niagara/Shaders/Private/NiagaraVertexFactoryExport.usf" 2229
"../../../Engine/Shaders/Private/ComputeShaderUtils.ush" 2230
"../../../Engine/Shaders/Private/MaterialTemplate.ush" 2231
"../../../Engine/Shaders/Private/WorldSpaceMath.ush" 2232
"../../../Engine/Shaders/Private/EyeAdaptationCommon.ush" 2233
"../../../Engine/Shaders/Private/SobolRandom.ush" 2234
"../../../Engine/Shaders/Private/DepthOfFieldCommon.ush" 2235
"../../../Engine/Shaders/Private/CircleDOFCommon.ush" 2236
"../../../Engine/Shaders/Private/DistanceField/GlobalDistanceFieldShared.ush" 2237
"../../../Engine/Shaders/Private/PhysicsFieldSampler.ush" 2238
"../../../Engine/Shaders/Private/PhysicsFieldShared.ush" 2239
"../../../Engine/Shaders/Private/SparseVolumeTexture/SparseVolumeTextureCommon.ush" 2240
"../../../Engine/Shaders/Shared/EnvironmentComponentsFlags.h" 2241
"../../../Engine/Shaders/Private/MeshPaintTextureCommon.ush" 2242
"../../../Engine/Shaders/Private/VirtualTextureMaterial.ush" 2243
"../../../Engine/Shaders/Private/MaterialCache/MaterialCacheMaterialCommon.ush" 2244
"../../../Engine/Shaders/Private/MaterialCache/MaterialCacheABuffer.ush" 2245
"../../../Engine/Shaders/Private/SpeedTreeCommon.ush" 2246
"../../../Engine/Shaders/Private/VirtualTextureCommon.ush" 2247
"../../../Engine/Shaders/Private/MaterialTexture.ush" 2248
"../../../Engine/Shaders/Private/MinMaterialTexCoords.ush" 2249
"../../../Engine/Shaders/Private/SkyAtmosphereCommon.ush" 2250
"../../../Engine/Shaders/Private/SingleLayerWaterCommon.ush" 2251
"../../../Engine/Shaders/Private/TextureSampling.ush" 2252
"../../../Engine/Shaders/Private/PaniniProjection.ush" 2253
"../../../Engine/Shaders/Private/DBufferNormalReprojection.ush" 2254
"../../../Engine/Shaders/Public/SubstratePublic.ush" 2255
"../../../Engine/Shaders/Private/Substrate/SubstrateTree.ush" 2256
"../../../Engine/Shaders/Private/Substrate/SubstrateEvaluation.ush" 2257
"../../../Engine/Shaders/Private/Substrate/Glint/GlintThirdParty.ush" 2258
"../../../Engine/Shaders/Private/BlueNoise.ush" 2259
"../../../Engine/Shaders/Private/SHCommon.ush" 2260
"../../../Engine/Shaders/Private/ShadingModelsSampling.ush" 2261
"../../../Engine/Shaders/Private/HairStrands/HairBsdfSample.ush" 2262
"../../../Engine/Shaders/Private/Substrate/SubstrateLegacyConversion.ush" 2263
"../../../Engine/Shaders/Private/DBufferDecalShared.ush" 2264
"../../../Engine/Plugins/FX/Niagara/Shaders/Private/NiagaraSortKeyGen.usf" 2265
"../../../Engine/Plugins/FX/Niagara/Shaders/Private/NiagaraGPURayTracingTransforms.usf" 2266
"../../../Engine/Plugins/FX/Niagara/Shaders/Private/NiagaraDrawIndirectArgsGen.usf" 2267
"../../../Engine/Plugins/FX/Niagara/Shaders/Private/NiagaraDispatchIndirectArgsGen.usf" 2268
"../../../Engine/Plugins/FX/Niagara/Shaders/Private/Stateless/NiagaraStatelessSimulationDefault.usf" 2269
"../../../Engine/Plugins/FX/Niagara/Shaders/Private/Stateless/NiagaraStatelessSimulationTemplate.ush" 2270
"../../../Engine/Plugins/FX/Niagara/Shaders/Private/Stateless/NiagaraStatelessCommon.ush" 2271
"../../../Engine/Plugins/FX/Niagara/Shaders/Shared/NiagaraStatelessDefinitions.h" 2272
"../../../Engine/Plugins/FX/Niagara/Shaders/Shared/NiagaraStatelessBuiltDistribution.h" 2273
"../../../Engine/Plugins/FX/Niagara/Shaders/Private/Stateless/NiagaraStatelessDistribution.ush" 2274
"../../../Engine/Plugins/FX/Niagara/Shaders/Private/Stateless/Modules/NiagaraStatelessModule_CalculateAccurateVelocity.ush" 2275
"../../../Engine/Plugins/FX/Niagara/Shaders/Private/Stateless/Modules/NiagaraStatelessModule_CameraOffset.ush" 2276
"../../../Engine/Plugins/FX/Niagara/Shaders/Private/Stateless/Modules/NiagaraStatelessModule_DynamicMaterialParameters.ush" 2277
"../../../Engine/Plugins/FX/Niagara/Shaders/Private/Stateless/Modules/NiagaraStatelessModule_InitializeParticle.ush" 2278
"../../../Engine/Plugins/FX/Niagara/Shaders/Private/Stateless/Modules/NiagaraStatelessModule_InitialMeshOrientation.ush" 2279
"../../../Engine/Plugins/FX/Niagara/Shaders/Private/Stateless/Modules/NiagaraStatelessModule_MeshIndex.ush" 2280
"../../../Engine/Plugins/FX/Niagara/Shaders/Private/Stateless/Modules/NiagaraStatelessModule_MeshRotationRate.ush" 2281
"../../../Engine/Plugins/FX/Niagara/Shaders/Private/Stateless/Modules/NiagaraStatelessModule_RotateAroundPoint.ush" 2282
"../../../Engine/Plugins/FX/Niagara/Shaders/Private/Stateless/Modules/NiagaraStatelessModule_ShapeLocation.ush" 2283
"../../../Engine/Plugins/FX/Niagara/Shaders/Private/Stateless/Modules/NiagaraStatelessModule_ScaleColor.ush" 2284
"../../../Engine/Plugins/FX/Niagara/Shaders/Private/Stateless/Modules/NiagaraStatelessModule_ScaleRibbonWidth.ush" 2285
"../../../Engine/Plugins/FX/Niagara/Shaders/Private/Stateless/Modules/NiagaraStatelessModule_ScaleSpriteSize.ush" 2286
"../../../Engine/Plugins/FX/Niagara/Shaders/Private/Stateless/Modules/NiagaraStatelessModule_ScaleSpriteSizeBySpeed.ush" 2287
"../../../Engine/Plugins/FX/Niagara/Shaders/Private/Stateless/Modules/NiagaraStatelessModule_ScaleMeshSize.ush" 2288
"../../../Engine/Plugins/FX/Niagara/Shaders/Private/Stateless/Modules/NiagaraStatelessModule_ScaleMeshSizebySpeed.ush" 2289
"../../../Engine/Plugins/FX/Niagara/Shaders/Private/Stateless/Modules/NiagaraStatelessModule_SolveVelocitiesAndForces.ush" 2290
"../../../Engine/Plugins/FX/Niagara/Shaders/Private/Stateless/Modules/NiagaraStatelessModule_SpriteFacingAndAlignment.ush" 2291
"../../../Engine/Plugins/FX/Niagara/Shaders/Private/Stateless/Modules/NiagaraStatelessModule_SpriteRotationRate.ush" 2292
"../../../Engine/Plugins/FX/Niagara/Shaders/Private/Stateless/Modules/NiagaraStatelessModule_SubUVAnimation.ush" 2293
"../../../Engine/Plugins/FX/Niagara/Shaders/Private/NiagaraBlendSVTsToDenseBuffer.usf" 2294
"../../../Engine/Plugins/FX/Niagara/Shaders/Private/NiagaraSVTToDenseBuffer.usf" 2295
"../../../Engine/Plugins/FX/Niagara/Shaders/Private/NiagaraFillIntBuffer.usf" 2296
"../../../Engine/Plugins/FX/Niagara/Shaders/Private/NiagaraComputeFreeIDs.usf" 2297
"../../../Engine/Plugins/FX/Niagara/Shaders/Private/NiagaraInitFreeIDBuffer.usf" 2298
"../../../Engine/Plugins/FX/Niagara/Shaders/Private/NiagaraEmitterInstanceShader.usf" 2299
"../../../Engine/Plugins/FX/Niagara/Shaders/Private/NiagaraShaderVersion.ush" 2300
"../../../Engine/Plugins/FX/Niagara/Shaders/Private/NiagaraPhysicsCommon.ush" 2301
"../../../Engine/Plugins/FX/Niagara/Shaders/Private/Ribbons/NiagaraRibbonAggregationApply.usf" 2302
"../../../Engine/Plugins/FX/Niagara/Shaders/Private/Ribbons/NiagaraRibbonCommon.ush" 2303
"../../../Engine/Plugins/FX/Niagara/Shaders/Private/Ribbons/NiagaraRibbonAggregationStep.usf" 2304
"../../../Engine/Plugins/FX/Niagara/Shaders/Private/Ribbons/NiagaraRibbonGenerateIndices.usf" 2305
"../../../Engine/Plugins/FX/Niagara/Shaders/Private/Ribbons/NiagaraRibbonInitializeIndices.usf" 2306
"../../../Engine/Plugins/FX/Niagara/Shaders/Private/Ribbons/NiagaraRibbonRibbonUVParamCalculation.usf" 2307
"../../../Engine/Plugins/FX/Niagara/Shaders/Private/Ribbons/NiagaraRibbonVertexReductionFinalization.usf" 2308
"../../../Engine/Plugins/FX/Niagara/Shaders/Private/Ribbons/NiagaraRibbonVertexReductionInitialization.usf" 2309
"../../../Engine/Plugins/FX/Niagara/Shaders/Private/Ribbons/NiagaraRibbonSortParticles.usf" 2310
"../../../Engine/Plugins/FX/Niagara/Shaders/Private/NiagaraLWCHelper.usf" 2311
"../../../Engine/Plugins/FX/Niagara/Shaders/Private/NiagaraUpdateMeshGPUSceneInstances.usf" 2312
"../../../Engine/Shaders/Private/GPUScene/GPUSceneWriter.ush" 2313
"../../../Engine/Plugins/FX/Niagara/Shaders/Private/NiagaraGenerateMips.usf" 2314
"../../../Engine/Plugins/FX/Niagara/Shaders/Private/NiagaraDebugDraw.usf" 2315
"../../../Engine/Plugins/FX/Niagara/Shaders/Private/NiagaraDebugDraw.ush" 2316
"../../../Engine/Plugins/FX/Niagara/Shaders/Private/NiagaraVisualizeTexture.usf" 2317
"../../../Engine/Plugins/FX/Niagara/Shaders/Private/NiagaraClearCounts.usf" 2318
"../../../Engine/Plugins/FX/Niagara/Shaders/Private/NiagaraBatchedElements.usf" 2319
"../../../Engine/Plugins/FX/Niagara/Shaders/Private/NiagaraRayTracingShaders.usf" 2320
"../../../Engine/Plugins/FX/Niagara/Shaders/Private/NiagaraAsyncGpuTraceCommon.ush" 2321
"../../../Engine/Shaders/Private/HashTable.ush" 2322
"../../../Engine/Shaders/Private/Hash.ush" 2323
"../../../Engine/Shaders/Private/RayTracing/VFXTraceRay.ush" 2324
"../../../Engine/Plugins/FX/Niagara/Shaders/Private/NiagaraRayMarchingShaders.usf" 2325
"../../../Engine/Plugins/FX/Niagara/Shaders/Private/NiagaraRayTraceCollisionGroupShaders.usf" 2326
"../../../Engine/Plugins/FX/Niagara/Shaders/Private/NiagaraAsyncGpuTraceUtils.usf" 2327
"../../../Engine/Shaders/Private/VirtualTextureAdapter.usf" 2328
"../../../Engine/Shaders/Private/BlockCompressionCommon.ush" 2329
"../../../Engine/Shaders/Private/BCCompressionCommon.ush" 2330
"../../../Engine/Shaders/Private/TranslucentLightingShaders.usf" 2331
"../../../Engine/Shaders/Private/CubemapCommon.ush" 2332
"../../../Engine/Shaders/Private/VectorFieldCompositeShaders.usf" 2333
"../../../Engine/Shaders/Private/UpdateTextureShaders.usf" 2334
"../../../Engine/Shaders/Private/StereoLayerShader.usf" 2335
"../../../Engine/Shaders/Private/SparseVolumeTexture/UpdateSparseVolumeTexture.usf" 2336
"../../../Engine/Shaders/Private/MorphTargets.usf" 2337
"../../../Engine/Shaders/Private/SimpleElementColorChannelMaskPixelShader.usf" 2338
"../../../Engine/Shaders/Private/SimpleElementHitProxyPixelShader.usf" 2339
"../../../Engine/Shaders/Private/SimpleElementPixelShader.usf" 2340
"../../../Engine/Shaders/Private/IESLightProfilesCommon.ush" 2341
"../../../Engine/Shaders/Private/SimpleElementVertexShader.usf" 2342
"../../../Engine/Shaders/Private/ScreenPixelShaderOES.usf" 2343
"../../../Engine/Shaders/Private/ScreenVertexShader.usf" 2344
"../../../Engine/Shaders/Private/ScreenPixelShader.usf" 2345
"../../../Engine/Shaders/Private/SSProfilePreIntegratedMobile.usf" 2346
"../../../Engine/Shaders/Private/SpecularProfile.usf" 2347
"../../../Engine/Shaders/Private/Nanite/NaniteStreaming.usf" 2348
"../../../Engine/Shaders/Private/Nanite/NaniteStreaming.ush" 2349
"../../../Engine/Shaders/Private/Nanite/NaniteTranscode.usf" 2350
"../../../Engine/Shaders/Private/VolumetricLightmapStreaming.usf" 2351
"../../../Engine/Shaders/Private/PhysicsFieldReset.usf" 2352
"../../../Engine/Shaders/Private/PhysicsFieldBuilder.usf" 2353
"../../../Engine/Shaders/Private/PhysicsFieldEval.ush" 2354
"../../../Engine/Shaders/Private/ParticleSortKeyGen.usf" 2355
"../../../Engine/Shaders/Private/ParticleBoundsShader.usf" 2356
"../../../Engine/Shaders/Private/ParticleSimVisualizeShader.usf" 2357
"../../../Engine/Shaders/Private/ParticleInjectionShader.usf" 2358
"../../../Engine/Shaders/Private/ParticleSimulationShader.usf" 2359
"../../../Engine/Shaders/Private/ParticleCurveInjectionShader.usf" 2360
"../../../Engine/Shaders/Private/CopyUIntBuffer.usf" 2361
"../../../Engine/Shaders/Private/RadixSortShaders.usf" 2362
"../../../Engine/Shaders/Private/RecomputeTangentsPerVertexPass.usf" 2363
"../../../Engine/Shaders/Private/RecomputeTangentsCommon.ush" 2364
"../../../Engine/Shaders/Private/RecomputeTangentsPerTrianglePass.usf" 2365
"../../../Engine/Shaders/Private/GpuSkinCacheComputeShader.usf" 2366
"../../../Engine/Shaders/Private/HeightFieldAtlasManagement.usf" 2367
"../../../Engine/Shaders/Private/Landscape/LandscapeEditLayersUtils.usf" 2368
"../../../Engine/Shaders/Private/Landscape/LandscapeCommon.ush" 2369
"../../../Engine/Shaders/Private/Landscape/LandscapeEditLayersWeightmaps.usf" 2370
"../../../Engine/Shaders/Private/Landscape/LandscapeEditLayersHeightmaps.usf" 2371
"../../../Engine/Shaders/Private/Landscape/LandscapeLayersWeightmapsPS.usf" 2372
"../../../Engine/Shaders/Private/Landscape/LandscapeLayersHeightmapsPS.usf" 2373
"../../../Engine/Shaders/Private/LandscapeLayersCS.usf" 2374
"../../../Engine/Shaders/Private/LandscapeLayersPS.usf" 2375
"../../../Engine/Shaders/Private/LandscapeLayersVS.usf" 2376
"../../../Engine/Shaders/Private/LandscapePhysicalMaterial.usf" 2377
"../../../Engine/Shaders/Private/LandscapeGrassWeight.usf" 2378
"../../../Engine/Shaders/Private/Landscape/LandscapeCulling.usf" 2379
"../../../Engine/Shaders/Private/Nanite/NaniteHZBCull.ush" 2380
"../../../Engine/Shaders/Private/HZB.ush" 2381
"../../../Engine/Shaders/Private/Landscape/LandscapeMergeTexturesPS.usf" 2382
"../../../Engine/Shaders/Private/WideCustomResolveShaders.usf" 2383
"../../../Engine/Shaders/Private/WideCustomResolve_Wide.ush" 2384
"../../../Engine/Shaders/Private/WideCustomResolve_Wider.ush" 2385
"../../../Engine/Shaders/Private/WideCustomResolve_Widest.ush" 2386
"../../../Engine/Shaders/Private/WaterInfoTextureBlur.usf" 2387
"../../../Engine/Shaders/Private/WaterInfoTextureMerge.usf" 2388
"../../../Engine/Shaders/Private/PageTableUpdate.usf" 2389
"../../../Engine/Shaders/Private/VirtualTextureCompress.usf" 2390
"../../../Engine/Shaders/Private/ASTCCompressionCommon.ush" 2391
"../../../Engine/Shaders/Private/IntegerSequenceEncoding.ush" 2392
"../../../Engine/Shaders/Private/ETCCompressionCommon.ush" 2393
"../../../Engine/Shaders/Private/VirtualTextureMaterial.usf" 2394
"../../../Engine/Shaders/Private/PixelShaderOutputCommon.ush" 2395
"../../../Engine/Shaders/Private/ShaderOutputCommon.ush" 2396
"../../../Engine/Shaders/Private/VolumetricRenderTarget.usf" 2397
"../../../Engine/Shaders/Private/HeightFogCommon.ush" 2398
"../../../Engine/Shaders/Private/LocalFogVolumes/LocalFogVolumeCommon.ush" 2399
"../../../Engine/Shaders/Private/ReflectionEnvironmentShared.ush" 2400
"../../../Engine/Shaders/Private/VolumetricFogVoxelization.usf" 2401
"../../../Engine/Shaders/Private/VolumetricCloudMaterialPixelCommon.ush" 2402
"../../../Engine/Shaders/Private/VolumetricFogLightFunction.usf" 2403
"../../../Engine/Shaders/Private/LightFunctionCommon.ush" 2404
"../../../Engine/Shaders/Private/VolumetricFog.usf" 2405
"../../../Engine/Shaders/Private/DeferredLightingCommon.ush" 2406
"../../../Engine/Shaders/Private/DynamicLightingCommon.ush" 2407
"../../../Engine/Shaders/Private/CapsuleLightIntegrate.ush" 2408
"../../../Engine/Shaders/Private/CapsuleLightSampling.ush" 2409
"../../../Engine/Shaders/Private/RectLightIntegrate.ush" 2410
"../../../Engine/Shaders/Private/ScreenSpaceShadowRayCast.ush" 2411
"../../../Engine/Shaders/Private/LightFunctionAtlas/LightFunctionAtlasCommon.usf" 2412
"../../../Engine/Shaders/Private/HeterogeneousVolumes/HeterogeneousVolumesAdaptiveVolumetricShadowMapSampling.ush" 2413
"../../../Engine/Shaders/Private/HeterogeneousVolumes/HeterogeneousVolumesAdaptiveVolumetricShadowMapUtils.ush" 2414
"../../../Engine/Shaders/Private/HeterogeneousVolumes/HeterogeneousVolumesRayMarchingUtils.ush" 2415
"../../../Engine/Shaders/Private/HeterogeneousVolumes/HeterogeneousVolumesRayMarchingTypes.ush" 2416
"../../../Engine/Shaders/Private/PathTracing/Utilities/PathTracingRandomSequence.ush" 2417
"../../../Engine/Shaders/Private/HeterogeneousVolumes/HeterogeneousVolumesTracingUtils.ush" 2418
"../../../Engine/Shaders/Private/VelocityCommon.ush" 2419
"../../../Engine/Shaders/Private/HeterogeneousVolumes/HeterogeneousVolumesTransmittanceVolumeUtils.ush" 2420
"../../../Engine/Shaders/Private/ForwardShadowingCommon.ush" 2421
"../../../Engine/Shaders/Private/ShadowFilteringCommon.ush" 2422
"../../../Engine/Shaders/Private/PixelQuadMessagePassing.ush" 2423
"../../../Engine/Shaders/Private/VolumeLightingCommon.ush" 2424
"../../../Engine/Shaders/Private/ShadowProjectionCommon.ush" 2425
"../../../Engine/Shaders/Private/VolumeLightingCommonSampling.ush" 2426
"../../../Engine/Shaders/Private/Lumen/LumenTranslucencyVolumeShared.ush" 2427
"../../../Engine/Shaders/Private/Lumen/LumenRadianceCacheInterpolation.ush" 2428
"../../../Engine/Shaders/Private/HeterogeneousVolumes/HeterogeneousVolumesAdaptiveVolumetricShadowMapSampler.ush" 2429
"../../../Engine/Shaders/Private/LightGridCommon.ush" 2430
"../../../Engine/Shaders/Private/DistanceFieldAOShared.ush" 2431
"../../../Engine/Shaders/Private/IntersectionUtils.ush" 2432
"../../../Engine/Shaders/Private/VolumetricLightmapShared.ush" 2433
"../../../Engine/Shaders/Private/LightDataUniforms.ush" 2434
"../../../Engine/Shaders/Private/VirtualShadowMaps/VirtualShadowMapProjectionCommon.ush" 2435
"../../../Engine/Shaders/Private/VirtualShadowMaps/VirtualShadowMapPageAccessCommon.ush" 2436
"../../../Engine/Shaders/Shared/VirtualShadowMapDefinitions.h" 2437
"../../../Engine/Shaders/Shared/HLSLMathAliases.h" 2438
"../../../Engine/Shaders/Private/VirtualShadowMaps/VirtualShadowMapProjectionStructs.ush" 2439
"../../../Engine/Shaders/Private/VolumetricCloudCommon.ush" 2440
"../../../Engine/Shaders/Private/VolumetricCloud.usf" 2441
"../../../Engine/Shaders/Private/VisualizeVolumetricLightmap.usf" 2442
"../../../Engine/Shaders/Private/VirtualShadowMaps/VirtualShadowMapProjectionComposite.usf" 2443
"../../../Engine/Shaders/Private/LightShaderParameters.ush" 2444
"../../../Engine/Shaders/Private/VirtualShadowMaps/VirtualShadowMapMaskBitsCommon.ush" 2445
"../../../Engine/Shaders/Private/VirtualShadowMaps/VirtualShadowMapLightGrid.ush" 2446
"../../../Engine/Shaders/Private/VirtualShadowMaps/VirtualShadowMapProjection.usf" 2447
"../../../Engine/Shaders/Private/Visualization.ush" 2448
"../../../Engine/Shaders/Private/VirtualShadowMaps/VirtualShadowMapProjectionFilter.ush" 2449
"../../../Engine/Shaders/Private/VirtualShadowMaps/VirtualShadowMapProjectionDirectional.ush" 2450
"../../../Engine/Shaders/Private/VirtualShadowMaps/VirtualShadowMapSMRTCommon.ush" 2451
"../../../Engine/Shaders/Private/VirtualShadowMaps/VirtualShadowMapSMRTTemplate.ush" 2452
"../../../Engine/Shaders/Private/VirtualShadowMaps/VirtualShadowMapProjectionSpot.ush" 2453
"../../../Engine/Shaders/Private/VirtualShadowMaps/VirtualShadowMapTransmissionCommon.ush" 2454
"../../../Engine/Shaders/Private/VirtualShadowMaps/VirtualShadowMapScreenRayTrace.ush" 2455
"../../../Engine/Shaders/Private/VirtualShadowMaps/VirtualShadowMapStats.ush" 2456
"../../../Engine/Shaders/Private/HairStrands/HairStrandsVoxelPageCommon.ush" 2457
"../../../Engine/Shaders/Private/HairStrands/HairStrandsVoxelPageTraversal.ush" 2458
"../../../Engine/Shaders/Private/VirtualShadowMaps/VirtualShadowMapCacheGPUInvalidation.usf" 2459
"../../../Engine/Shaders/Private/VirtualShadowMaps/VirtualShadowMapPageCacheCommon.ush" 2460
"../../../Engine/Shaders/Private/VirtualShadowMaps/VirtualShadowMapCacheInvalidation.ush" 2461
"../../../Engine/Shaders/Private/VirtualShadowMaps/VirtualShadowMapPageOverlap.ush" 2462
"../../../Engine/Shaders/Private/ScreenSpaceDenoise/SSDDefinitions.ush" 2463
"../../../Engine/Shaders/Private/InstanceCulling/InstanceCullingLoadBalancer.ush" 2464
"../../../Engine/Shaders/Private/VirtualShadowMaps/VirtualShadowMapCacheLoadBalancer.usf" 2465
"../../../Engine/Shaders/Private/VirtualShadowMaps/VirtualShadowMapCopyStats.usf" 2466
"../../../Engine/Shaders/Private/VirtualShadowMaps/VirtualShadowMapDebug.usf" 2467
"../../../Engine/Shaders/Private/VirtualShadowMaps/Desaturate.usf" 2468
"../../../Engine/Shaders/Private/VirtualShadowMaps/VirtualShadowMapPhysicalPageManagement.usf" 2469
"../../../Engine/Shaders/Private/ReductionCommon.ush" 2470
"../../../Engine/Shaders/Private/GPUMessaging.ush" 2471
"../../../Engine/Shaders/Private/VirtualShadowMaps/VirtualShadowMapPerPageDispatch.ush" 2472
"../../../Engine/Shaders/Private/VirtualShadowMaps/VirtualShadowMapCompactViews.usf" 2473
"../../../Engine/Shaders/Shared/SceneCullingDefinitions.h" 2474
"../../../Engine/Shaders/Private/VirtualShadowMaps/VirtualShadowMapBuildPerPageDrawCommands.usf" 2475
"../../../Engine/Shaders/Private/Nanite/NaniteCullingCommon.ush" 2476
"../../../Engine/Shaders/Private/Nanite/NaniteCulling.ush" 2477
"../../../Engine/Shaders/Private/Nanite/NaniteHierarchyTraversalCommon.ush" 2478
"../../../Engine/Shaders/Private/InstanceCulling/InstanceCullingCommon.ush" 2479
"../../../Engine/Shaders/Shared/InstanceCullingDefinitions.h" 2480
"../../../Engine/Shaders/Private/VirtualShadowMaps/VirtualShadowMapPrintStats.usf" 2481
"../../../Engine/Shaders/Private/VirtualShadowMaps/VirtualShadowMapPageManagement.usf" 2482
"../../../Engine/Shaders/Private/VirtualShadowMaps/VirtualShadowMapPageMarking.usf" 2483
"../../../Engine/Shaders/Shared/SingleLayerWaterDefinitions.h" 2484
"../../../Engine/Shaders/Private/HairStrands/HairStrandsTileCommon.ush" 2485
"../../../Engine/Shaders/Private/Froxel/Froxel.ush" 2486
"../../../Engine/Shaders/Shared/FroxelDefinitions.h" 2487
"../../../Engine/Shaders/Private/DiaphragmDOF/DOFCommon.ush" 2488
"../../../Engine/Shaders/Private/VariableRateShading/VRSShadingRatePreview.usf" 2489
"../../../Engine/Shaders/Private/VariableRateShading/VRSShadingRateCommon.ush" 2490
"../../../Engine/Shaders/Private/VariableRateShading/VRSShadingRateCombine.usf" 2491
"../../../Engine/Shaders/Private/VariableRateShading/VRSShadingRateFoveated.usf" 2492
"../../../Engine/Shaders/Private/VariableRateShading/VRSShadingRateReproject.usf" 2493
"../../../Engine/Shaders/Private/VariableRateShading/VRSShadingRateCalculate.usf" 2494
"../../../Engine/Shaders/Private/TranslucencyUpsampling.usf" 2495
"../../../Engine/Shaders/Private/ComposeSeparateTranslucency.usf" 2496
"../../../Engine/Shaders/Private/SeparateTranslucency.ush" 2497
"../../../Engine/Shaders/Private/TranslucentLightInjectionShaders.usf" 2498
"../../../Engine/Shaders/Private/TranslucentShadowDepthShaders.usf" 2499
"../../../Engine/Shaders/Private/ShadowDepthCommon.ush" 2500
"../../../Engine/Shaders/Private/RayTracing/RayTracingTest.usf" 2501
"../../../Engine/Shaders/Private/PostprocessSubsurfaceTile.usf" 2502
"../../../Engine/Shaders/Private/PostProcessSubsurfaceCommon.ush" 2503
"../../../Engine/Shaders/Private/Substrate/SubstrateVisualize.usf" 2504
"../../../Engine/Shaders/Private/Substrate/SubstrateTile.ush" 2505
"../../../Engine/Shaders/Shared/SubstrateVisualizeDefinitions.h" 2506
"../../../Engine/Shaders/Private/Substrate/SubstrateVisualizeCommon.ush" 2507
"../../../Engine/Shaders/Private/SkyLightingDiffuseShared.ush" 2508
"../../../Engine/Shaders/Private/SkyLightingShared.ush" 2509
"../../../Engine/Shaders/Private/ClearCoatCommon.ush" 2510
"../../../Engine/Shaders/Private/ReflectionEnvironmentComposite.ush" 2511
"../../../Engine/Shaders/Private/Substrate/SubstrateLightingCommon.ush" 2512
"../../../Engine/Shaders/Private/Substrate/SubstrateRoughRefraction.usf" 2513
"../../../Engine/Shaders/Private/PathTracing/Material/PathTracingFresnel.ush" 2514
"../../../Engine/Shaders/Private/PathTracing/Material/PathTracingGlossy.ush" 2515
"../../../Engine/Shaders/Private/Substrate/SubstrateMaterialSampling.usf" 2516
"../../../Engine/Shaders/Private/Substrate/SubstrateMaterialSampling.ush" 2517
"../../../Engine/Shaders/Private/Lumen/LumenPosition.ush" 2518
"../../../Engine/Shaders/Private/Substrate/SubstrateTile.usf" 2519
"../../../Engine/Shaders/Private/Substrate/SubstrateMaterialClassification.usf" 2520
"../../../Engine/Shaders/Private/Substrate/SubstrateDBuffer.usf" 2521
"../../../Engine/Shaders/Private/StochasticLighting/StochasticLightingDenoising.usf" 2522
"../../../Engine/Shaders/Private/Lumen/LumenMaterial.ush" 2523
"../../../Engine/Shaders/Private/StochasticLighting/StochasticLightingCommon.ush" 2524
"../../../Engine/Shaders/Private/SplineMeshSceneTexture.usf" 2525
"../../../Engine/Shaders/Private/SparseVolumeTexture/VisualizeSparseVolumeTexture.usf" 2526
"../../../Engine/Shaders/Private/SkyAtmosphere.usf" 2527
"../../../Engine/Shaders/Private/Skinning/SkinnedMeshDebug.usf" 2528
"../../../Engine/Shaders/Private/Skinning/AnimBankEval.usf" 2529
"../../../Engine/Shaders/Private/SingleLayerWaterComposite.usf" 2530
"../../../Engine/Shaders/Private/Froxel/FroxelBuild.ush" 2531
"../../../Engine/Shaders/Private/SingleLayerWaterRefractionCulling.usf" 2532
"../../../Engine/Shaders/Private/ScreenSpaceShadows.usf" 2533
"../../../Engine/Shaders/Private/bend_sss_gpu.ush" 2534
"../../../Engine/Shaders/Private/ShadowFactorsUpsampleCommon.ush" 2535
"../../../Engine/Shaders/Private/FirstPersonSelfShadow.usf" 2536
"../../../Engine/Shaders/Private/HZBTracing.ush" 2537
"../../../Engine/Shaders/Private/ShadowProjectionVertexShader.usf" 2538
"../../../Engine/Shaders/Private/ShadowProjectionPixelShader.usf" 2539
"../../../Engine/Shaders/Private/MobileLightingCommon.ush" 2540
"../../../Engine/Shaders/Private/PlanarReflectionShared.ush" 2541
"../../../Engine/Shaders/Private/MobileSSR.ush" 2542
"../../../Engine/Shaders/Private/SSRT/SSRTRayCast.ush" 2543
"../../../Engine/Shaders/Private/ShadowPercentageCloserFiltering.ush" 2544
"../../../Engine/Shaders/Private/TransmissionThickness.ush" 2545
"../../../Engine/Shaders/Private/CopyShadowMaps.usf" 2546
"../../../Engine/Shaders/Private/ShadowDepthPixelShader.usf" 2547
"../../../Engine/Shaders/Private/ShadowDepthVertexShader.usf" 2548
"../../../Engine/Shaders/Private/ShadingEnergyConservationTable.usf" 2549
"../../../Engine/Shaders/Shared/PathTracingDefinitions.h" 2550
"../../../Engine/Shaders/Private/ShadingFurnaceTest.usf" 2551
"../../../Engine/Shaders/Private/Substrate/SubstrateDeferredLighting.ush" 2552
"../../../Engine/Shaders/Private/ShaderPrintDraw.usf" 2553
"../../../Engine/Shaders/Private/ShaderPrintDrawPrimitive.usf" 2554
"../../../Engine/Shaders/Private/DefaultSSRTiles.usf" 2555
"../../../Engine/Shaders/Private/ScreenSpaceReflectionTileCommons.ush" 2556
"../../../Engine/Shaders/Private/SSRT/SSRTDiffuseIndirect.usf" 2557
"../../../Engine/Shaders/Private/SSRT/SSRTTileClassificationBuffer.ush" 2558
"../../../Engine/Shaders/Private/SSRT/SSRTReflections.usf" 2559
"../../../Engine/Shaders/Private/ScreenSpaceDenoise/SSDPublic.ush" 2560
"../../../Engine/Shaders/Private/SSRT/SSRTTileClassification.usf" 2561
"../../../Engine/Shaders/Private/SSRT/SSRTPrevFrameReduction.usf" 2562
"../../../Engine/Shaders/Private/ScreenSpaceDenoise/SSDComposeHarmonics.usf" 2563
"../../../Engine/Shaders/Private/ScreenSpaceDenoise/SSDPublicHarmonics.ush" 2564
"../../../Engine/Shaders/Private/ScreenSpaceDenoise/SSDSignalFramework.ush" 2565
"../../../Engine/Shaders/Private/ScreenSpaceDenoise/SSDCommon.ush" 2566
"../../../Engine/Shaders/Private/SphericalGaussian.ush" 2567
"../../../Engine/Shaders/Public/WaveBroadcastIntrinsics.ush" 2568
"../../../Engine/Shaders/Private/ScreenSpaceDenoise/SSDMetadata.ush" 2569
"../../../Engine/Shaders/Private/ScreenSpaceDenoise/SSDSignalCore.ush" 2570
"../../../Engine/Shaders/Private/ScreenSpaceDenoise/DenoisingCommon.ush" 2571
"../../../Engine/Shaders/Private/ScreenSpaceDenoise/SSDSignalArray.ush" 2572
"../../../Engine/Shaders/Private/ScreenSpaceDenoise/SSDSignalBufferEncoding.ush" 2573
"../../../Engine/Shaders/Private/ScreenSpaceDenoise/SSDPublicBufferEncoding.ush" 2574
"../../../Engine/Shaders/Private/Lumen/LumenBufferEncoding.ush" 2575
"../../../Engine/Shaders/Private/ScreenSpaceDenoise/SSDTemporalAccumulation.usf" 2576
"../../../Engine/Shaders/Private/ScreenSpaceDenoise/SSDSpatialKernel.ush" 2577
"../../../Engine/Shaders/Private/ScreenSpaceDenoise/SSDSignalAccumulatorArray.ush" 2578
"../../../Engine/Shaders/Private/ScreenSpaceDenoise/SSDSignalAccumulator.ush" 2579
"../../../Engine/Shaders/Private/ScreenSpaceDenoise/SSDSignalCompression.ush" 2580
"../../../Engine/Shaders/Private/ScreenSpaceDenoise/SSDSpatialAccumulation.usf" 2581
"../../../Engine/Shaders/Private/ScreenSpaceDenoise/SSDInjest.usf" 2582
"../../../Engine/Shaders/Private/ScreenSpaceDenoise/SSDCompressMetadata.usf" 2583
"../../../Engine/Shaders/Private/DownsampleDepthPixelShader.usf" 2584
"../../../Engine/Shaders/Private/ScreenPass.usf" 2585
"../../../Engine/Shaders/Private/HZB.usf" 2586
"../../../Engine/Shaders/Private/OcclusionFeedbackShaders.usf" 2587
"../../../Engine/Shaders/Private/HZBOcclusion.usf" 2588
"../../../Engine/Shaders/Private/OcclusionQueryPixelShader.usf" 2589
"../../../Engine/Shaders/Private/OcclusionQueryVertexShader.usf" 2590
"../../../Engine/Shaders/Private/HitProxyCopy.usf" 2591
"../../../Engine/Shaders/Private/HitProxyPixelShader.usf" 2592
"../../../Engine/Shaders/Private/HitProxyVertexShader.usf" 2593
"../../../Engine/Shaders/Private/SceneCulling/SceneCullingDebugRender.usf" 2594
"../../../Engine/Shaders/Private/SceneCulling/SceneCulling.ush" 2595
"../../../Engine/Shaders/Private/SceneCulling/SceneCullingBuildExplicitBounds.usf" 2596
"../../../Engine/Shaders/Private/SceneCapturePixelShader.usf" 2597
"../../../Engine/Shaders/Private/RendererUtils.usf" 2598
"../../../Engine/Shaders/Private/RTWriteMaskDecode.usf" 2599
"../../../Engine/Shaders/Private/ReflectionEnvironmentShaders.usf" 2600
"../../../Engine/Shaders/Private/RectLightAtlas.usf" 2601
"../../../Engine/Shaders/Private/RayTracing/TraceRayInlineStatistics.usf" 2602
"../../../Engine/Shaders/Private/RayTracing/CompositeSkyLightPS.usf" 2603
"../../../Engine/Shaders/Private/RayTracing/GenerateSkyLightVisibilityRaysCS.usf" 2604
"../../../Engine/Shaders/Private/RayTracing/RayTracingSkyLightCommon.ush" 2605
"../../../Engine/Shaders/Private/RayTracing/SkyLightVisibilityRaysData.ush" 2606
"../../../Engine/Shaders/Private/Raytracing/RaytracingSkylightRGS.usf" 2607
"../../../Engine/Shaders/Private/HairStrands/HairStrandsRaytracing.ush" 2608
"../../../Engine/Shaders/Private/Raytracing/RayTracingSkyLightEvaluation.ush" 2609
"../../../Engine/Shaders/Private/Raytracing/RayTracingDeferredShadingCommon.ush" 2610
"../../../Engine/Shaders/Private/RayTracing/RayTracingOcclusionRGS.usf" 2611
"../../../Engine/Shaders/Private/RayTracing/RayTracingDirectionalLight.ush" 2612
"../../../Engine/Shaders/Private/RayTracing/RayTracingRectLight.ush" 2613
"../../../Engine/Shaders/Private/RayTracing/RayTracingSphereLight.ush" 2614
"../../../Engine/Shaders/Private/RayTracing/RayTracingCapsuleLight.ush" 2615
"../../../Engine/Shaders/Private/Raytracing/RayTracingFeedback.usf" 2616
"../../../Engine/Shaders/Shared/RayTracingDebugTypes.h" 2617
"../../../Engine/Shaders/Private/RayTracing/RayTracingPrimaryRays.usf" 2618
"../../../Engine/Shaders/Private/RayTracing/RayTracingLightingCommon.ush" 2619
"../../../Engine/Shaders/Private/RayTracing/RayTracingLightCullingCommon.ush" 2620
"../../../Engine/Shaders/Private/RayTracing/RayTracingMaterialDefaultHitShaders.usf" 2621
"../../../Engine/Shaders/Private/RayTracing/RayTracingMaterialHitShaders.usf" 2622
"../../../Engine/Shaders/Private/RayTracing/RayTracingShaderUtils.ush" 2623
"../../../Engine/Shaders/Private/RayTracing/RayTracingCalcInterpolants.ush" 2624
"../../../Engine/Shaders/Private/LightmapCommon.ush" 2625
"../../../Engine/Shaders/Private/Lumen/LumenHardwareRayTracingPayloadCommon.ush" 2626
"../../../Engine/Shaders/Shared/LumenDefinitions.h" 2627
"../../../Engine/Shaders/Private/Substrate/SubstrateExport.ush" 2628
"../../../Engine/Shaders/Private/RayTracing/RayTracingLightingMS.usf" 2629
"../../../Engine/Shaders/Private/Lumen/LumenDiffuseColorBoost.ush" 2630
"../../../Engine/Shaders/Private/RayTracing/RayTracingLightFunctionCommon.ush" 2631
"../../../Engine/Shaders/Private/RayTracing/RayTracingBuildLightGrid.usf" 2632
"../../../Engine/Shaders/Private/Raytracing/RayTracingInstanceBufferUtil.usf" 2633
"../../../Engine/Shaders/Private/RayTracing/RayTracingDynamicMesh.usf" 2634
"../../../Engine/Shaders/Private/RayTracing/RayTracingDefaultDecalHitShader.usf" 2635
"../../../Engine/Shaders/Private/RayTracing/RayTracingDecalMaterialShader.usf" 2636
"../../../Engine/Shaders/Private/PathTracing/PathTracingShaderUtils.ush" 2637
"../../../Engine/Shaders/Private/PathTracing/PathTracingCommon.ush" 2638
"../../../Engine/Shaders/Private/PathTracing/Material/PathTracingMaterialCommon.ush" 2639
"../../../Engine/Shaders/Private/PathTracing/Utilities/PathTracingRIS.ush" 2640
"../../../Engine/Shaders/Private/RayTracing/RayTracingBuildDecalGrid.usf" 2641
"../../../Engine/Shaders/Private/RayTracing/RayTracingDebugHitStatsUtils.usf" 2642
"../../../Engine/Shaders/Private/RayTracing/RayTracingDebugInstanceOverlap.usf" 2643
"../../../Engine/Shaders/Private/RayTracing/RayTracingDebugPicking.usf" 2644
"../../../Engine/Shaders/Private/RayTracing/RayTracingDebugUtils.ush" 2645
"../../../Engine/Shaders/Private/RayTracing/RayTracingDebugTraversal.usf" 2646
"../../../Engine/Shaders/Private/RayTracing/RayTracingDeferredMaterials.ush" 2647
"../../../Engine/Shaders/Shared/ThirdParty/AMD/ags_shader_intrinsics_dx12.h" 2648
"../../../Engine/Shaders/Shared/RayTracingDebugDefinitions.h" 2649
"../../../Engine/Shaders/Private/RayTracing/RayTracingDebugHitStatsCHS.usf" 2650
"../../../Engine/Shaders/Private/RayTracing/RayTracingDebugHitStats.usf" 2651
"../../../Engine/Shaders/Private/RayTracing/RayTracingDebugMS.usf" 2652
"../../../Engine/Shaders/Private/RayTracing/RayTracingDebugCHS.usf" 2653
"../../../Engine/Shaders/Private/RayTracing/RayTracingDebug.usf" 2654
"../../../Engine/Shaders/Private/RayTracing/RayTracingBuiltInShaders.usf" 2655
"../../../Engine/Shaders/Private/RayTracing/RayTracingBarycentrics.usf" 2656
"../../../Engine/Shaders/Private/RayTracing/RayTracingAmbientOcclusionRGS.usf" 2657
"../../../Engine/Shaders/Private/VisualizeShadingModels.usf" 2658
"../../../Engine/Shaders/Private/MotionBlur/VisualizeMotionVectors.usf" 2659
"../../../Engine/Shaders/Private/TemporalSuperResolution/TSRVisualize.usf" 2660
"../../../Engine/Shaders/Private/TemporalSuperResolution/TSRColorSpace.ush" 2661
"../../../Engine/Shaders/Private/TemporalSuperResolution/TSRCommon.ush" 2662
"../../../Engine/Shaders/Public/DualPixelVectorization.ush" 2663
"../../../Engine/Shaders/Private/TemporalSuperResolution/TSRReprojectionField.ush" 2664
"../../../Engine/Shaders/Private/TemporalSuperResolution/TSRResolveHistory.usf" 2665
"../../../Engine/Shaders/Private/TemporalSuperResolution/TSRConvolutionNetwork.ush" 2666
"../../../Engine/Shaders/Private/TemporalSuperResolution/TSRKernels.ush" 2667
"../../../Engine/Shaders/Public/LaneVectorization.ush" 2668
"../../../Engine/Shaders/Private/TemporalSuperResolution/TSRUpdateHistory.usf" 2669
"../../../Engine/Shaders/Private/TemporalSuperResolution/TSRSpatialAntiAliasing.ush" 2670
"../../../Engine/Shaders/Private/TemporalSuperResolution/TSRSpatialAntiAliasing.usf" 2671
"../../../Engine/Shaders/Private/TemporalSuperResolution/TSRRejectShading.usf" 2672
"../../../Engine/Shaders/Private/TemporalSuperResolution/TSRShadingAnalysis.ush" 2673
"../../../Engine/Shaders/Private/TemporalSuperResolution/TSRConvolutionNetworkPass.ush" 2674
"../../../Engine/Shaders/Private/TemporalSuperResolution/TSRDecimateHistory.usf" 2675
"../../../Engine/Shaders/Private/TemporalSuperResolution/TSRDepthVelocityAnalysis.ush" 2676
"../../../Engine/Shaders/Private/TemporalSuperResolution/TSRClosestOccluder.ush" 2677
"../../../Engine/Shaders/Private/TemporalSuperResolution/TSRWeightRelaxation.usf" 2678
"../../../Engine/Shaders/Private/TemporalSuperResolution/TSRThinGeometryCommon.ush" 2679
"../../../Engine/Shaders/Private/TemporalSuperResolution/TSRDetectThinGeometry.usf" 2680
"../../../Engine/Shaders/Private/TemporalSuperResolution/TSRDilateVelocity.usf" 2681
"../../../Engine/Shaders/Private/MotionBlur/MotionBlurVelocityFlatten.ush" 2682
"../../../Engine/Shaders/Private/MotionBlur/MotionBlurCommon.ush" 2683
"../../../Engine/Shaders/Private/TemporalSuperResolution/TSRClearPrevTextures.usf" 2684
"../../../Engine/Shaders/Private/TemporalSuperResolution/TSRMeasureCoverage.usf" 2685
"../../../Engine/Shaders/Private/TemporalSuperResolution/TSRMeasureFlickeringLuma.usf" 2686
"../../../Engine/Shaders/Private/TemporalAA.usf" 2687
"../../../Engine/Shaders/Private/FilterPixelShader.usf" 2688
"../../../Engine/Shaders/Private/FilterVertexShader.usf" 2689
"../../../Engine/Shaders/Private/VisualizeVirtualTexture.usf" 2690
"../../../Engine/Shaders/Private/PostProcessVisualizeBuffer.usf" 2691
"../../../Engine/Shaders/Private/PostProcessVisualizeLocalExposure.usf" 2692
"../../../Engine/Shaders/Private/PostProcessHistogramCommon.ush" 2693
"../../../Engine/Shaders/Private/TonemapCommon.ush" 2694
"../../../Engine/Shaders/Private/ACES/ACESCommon.ush" 2695
"../../../Engine/Shaders/Private/ACES/ACESOutputTransform.ush" 2696
"../../../Engine/Shaders/Private/ACES/ACESUtilities.ush" 2697
"../../../Engine/Shaders/Private/ACES/ACESTonescale.ush" 2698
"../../../Engine/Shaders/Private/ACES/ACESDisplayEncoding.ush" 2699
"../../../Engine/Shaders/Private/ACES/ACES_v1.3.ush" 2700
"../../../Engine/Shaders/Private/PostProcessVisualizeLevelInstance.usf" 2701
"../../../Engine/Shaders/Private/PostProcessVisualizeHDR.usf" 2702
"../../../Engine/Shaders/Private/ShaderComplexityApplyPixelShader.usf" 2703
"../../../Engine/Shaders/Private/QuadOverdraw.ush" 2704
"../../../Engine/Shaders/Private/PostProcessUpscale.usf" 2705
"../../../Engine/Shaders/Private/PostProcessTonemap.usf" 2706
"../../../Engine/Shaders/Private/PostProcessing/FilmGrainPackConstants.usf" 2707
"../../../Engine/Shaders/Private/PostProcessing/FilmGrainReduce.usf" 2708
"../../../Engine/Shaders/Private/PostProcessTestImage.usf" 2709
"../../../Engine/Shaders/Private/PostProcessSubsurface.usf" 2710
"../../../Engine/Shaders/Private/SeparableSSS.ush" 2711
"../../../Engine/Shaders/Private/SubsurfaceBurleyNormalized.ush" 2712
"../../../Engine/Shaders/Private/PostProcessSelectionOutline.usf" 2713
"../../../Engine/Shaders/Private/MotionBlur/MotionBlurVisualize.usf" 2714
"../../../Engine/Shaders/Private/MotionBlur/MotionBlurApply.usf" 2715
"../../../Engine/Shaders/Private/MotionBlur/MotionBlurFilterTileClassify.usf" 2716
"../../../Engine/Shaders/Private/MotionBlur/MotionBlurTileScatter.usf" 2717
"../../../Engine/Shaders/Private/MotionBlur/MotionBlurTileGather.usf" 2718
"../../../Engine/Shaders/Private/MotionBlur/MotionBlurVelocityFlatten.usf" 2719
"../../../Engine/Shaders/Private/PostProcessMobile.usf" 2720
"../../../Engine/Shaders/Private/PostProcessMitchellNetravali.usf" 2721
"../../../Engine/Shaders/Private/PostProcessMaterialShaders.usf" 2722
"../../../Engine/Shaders/Private/NeuralPostProcessCommon.usf" 2723
"../../../Engine/Shaders/Private/PostProcessLocalExposure.usf" 2724
"../../../Engine/Shaders/Private/PostProcessLensFlares.usf" 2725
"../../../Engine/Shaders/Private/PostProcessGBufferHints.usf" 2726
"../../../Engine/Shaders/Private/PostProcessHMD.usf" 2727
"../../../Engine/Shaders/Private/Histogram.usf" 2728
"../../../Engine/Shaders/Private/PostProcessHistogramReduce.usf" 2729
"../../../Engine/Shaders/Private/PostProcessHistogram.usf" 2730
"../../../Engine/Shaders/Private/Bloom/BloomFinalizeApplyConstants.usf" 2731
"../../../Engine/Shaders/Private/Bloom/BloomCommon.ush" 2732
"../../../Engine/Shaders/Private/Bloom/BloomResizeKernel.usf" 2733
"../../../Engine/Shaders/Private/Bloom/BloomDownsampleKernel.usf" 2734
"../../../Engine/Shaders/Private/Bloom/BloomClampKernel.usf" 2735
"../../../Engine/Shaders/Private/Bloom/BloomPackKernelConstants.usf" 2736
"../../../Engine/Shaders/Private/Bloom/BloomSumScatterDispersionEnergy.usf" 2737
"../../../Engine/Shaders/Private/Bloom/BloomReduceKernelSurvey.usf" 2738
"../../../Engine/Shaders/Private/Bloom/BloomSurveyKernelCenterEnergy.usf" 2739
"../../../Engine/Shaders/Private/Bloom/BloomSurveyMaxScatterDispersion.usf" 2740
"../../../Engine/Shaders/Private/Bloom/BloomFindKernelCenter.usf" 2741
"../../../Engine/Shaders/Private/PostProcessEyeAdaptation.usf" 2742
"../../../Engine/Shaders/Private/TranslucencyVolumeCommon.ush" 2743
"../../../Engine/Shaders/Private/PostProcessEyeAdaptationUtils.usf" 2744
"../../../Engine/Shaders/Private/PostProcessDownsample.usf" 2745
"../../../Engine/Shaders/Private/PostProcessDOF.usf" 2746
"../../../Engine/Shaders/Private/PostProcessDeviceEncodingOnly.usf" 2747
"../../../Engine/Shaders/Private/PostProcessCompositePrimitives.usf" 2748
"../../../Engine/Shaders/Private/PostProcessCombineLUTs.usf" 2749
"../../../Engine/Shaders/Private/PostProcessVisualizeDOF.usf" 2750
"../../../Engine/Shaders/Private/PostProcessBloom.usf" 2751
"../../../Engine/Shaders/Private/PostProcessAmbientOcclusionMobile.usf" 2752
"../../../Engine/Shaders/Private/PostProcessAmbientOcclusionCommon.ush" 2753
"../../../Engine/Shaders/Private/FXAAShader.usf" 2754
"../../../Engine/Shaders/Private/Fxaa3_11.ush" 2755
"../../../Engine/Shaders/Private/PaniniProjection.usf" 2756
"../../../Engine/Shaders/Private/DiaphragmDOF/DOFRecombine.usf" 2757
"../../../Engine/Shaders/Private/DiaphragmDOF/DOFHybridScatterPixelShader.usf" 2758
"../../../Engine/Shaders/Private/DiaphragmDOF/DOFHybridScatterCommon.ush" 2759
"../../../Engine/Shaders/Private/DiaphragmDOF/DOFVignetteCommon.ush" 2760
"../../../Engine/Shaders/Private/DiaphragmDOF/DOFHybridScatterVertexShader.usf" 2761
"../../../Engine/Shaders/Private/DiaphragmDOF/DOFPostfiltering.usf" 2762
"../../../Engine/Shaders/Private/DiaphragmDOF/DOFGatherTileSuggest.ush" 2763
"../../../Engine/Shaders/Private/DiaphragmDOF/DOFCocTileCommon.ush" 2764
"../../../Engine/Shaders/Private/DiaphragmDOF/DOFGatherPass.usf" 2765
"../../../Engine/Shaders/Private/DiaphragmDOF/DOFGatherCommon.ush" 2766
"../../../Engine/Shaders/Private/DiaphragmDOF/DOFGatherAccumulator.ush" 2767
"../../../Engine/Shaders/Private/DiaphragmDOF/DOFGatherKernel.ush" 2768
"../../../Engine/Shaders/Private/DiaphragmDOF/DOFBokehLUT.usf" 2769
"../../../Engine/Shaders/Private/DiaphragmDOF/DOFHybridScatterCompilation.usf" 2770
"../../../Engine/Shaders/Private/DiaphragmDOF/DOFReduce.usf" 2771
"../../../Engine/Shaders/Private/DiaphragmDOF/DOFDownsample.ush" 2772
"../../../Engine/Shaders/Private/DiaphragmDOF/DOFHybridScatterCompilation.ush" 2773
"../../../Engine/Shaders/Private/DiaphragmDOF/DOFDownsample.usf" 2774
"../../../Engine/Shaders/Private/DiaphragmDOF/DOFCocTileDilate.usf" 2775
"../../../Engine/Shaders/Private/DiaphragmDOF/DOFCocTileFlatten.usf" 2776
"../../../Engine/Shaders/Private/DiaphragmDOF/DOFSetup.usf" 2777
"../../../Engine/Shaders/Private/Tools/DebugAlphaChannel.usf" 2778
"../../../Engine/Shaders/Private/PostProcessAlphaInvert.usf" 2779
"../../../Engine/Shaders/Private/PlanarReflectionShaders.usf" 2780
"../../../Engine/Shaders/Private/PhysicsFieldVisualizer.usf" 2781
"../../../Engine/Shaders/Private/PathTracing/PathTracingSpatialTemporalDenoising.usf" 2782
"../../../Engine/Shaders/Private/ColorDifference.ush" 2783
"../../../Engine/Shaders/Private/PathTracing/PathTracingCompositingPixelShader.usf" 2784
"../../../Engine/Shaders/Private/PathTracing/PathTracingAdaptiveUtils.ush" 2785
"../../../Engine/Shaders/Private/PathTracing/PathTracingDefaultHitShader.usf" 2786
"../../../Engine/Shaders/Private/PathTracing/PathTracingGPULightmassMaterialHitShader.usf" 2787
"../../../Engine/Shaders/Private/PathTracing/PathTracingMaterialHitShader.usf" 2788
"../../../Engine/Shaders/Private/PathTracing/Material/PathTracingSubstrateCommon.ush" 2789
"../../../Engine/Shaders/Private/PathTracing/PathTracingLightingMissShader.usf" 2790
"../../../Engine/Shaders/Private/PathTracing/PathTracingMissShader.usf" 2791
"../../../Engine/Shaders/Private/PathTracing/PathTracingAdaptiveStart.usf" 2792
"../../../Engine/Shaders/Private/PathTracing/PathTracingBuildAdaptiveError.usf" 2793
"../../../Engine/Shaders/Private/PathTracing/PathTracingVolumetricCloudMaterialShader.usf" 2794
"../../../Engine/Shaders/Private/PathTracing/Volume/PathTracingCloudsMaterialCommon.ush" 2795
"../../../Engine/Shaders/Private/PathTracing/Volume/PathTracingVolumeCommon.ush" 2796
"../../../Engine/Shaders/Private/PathTracing/Volume/PathTracingCloudsCommon.ush" 2797
"../../../Engine/Shaders/Private/PathTracing/Volume/PathTracingFog.ush" 2798
"../../../Engine/Shaders/Private/PathTracing/Volume/PathTracingAtmosphere.ush" 2799
"../../../Engine/Shaders/Private/PathTracing/Volume/PathTracingAtmosphereCommon.ush" 2800
"../../../Engine/Shaders/Private/PathTracing/Volume/PathTracingVolumeSampling.ush" 2801
"../../../Engine/Shaders/Private/PathTracing/PathTracingBuildCloudAccelerationMap.usf" 2802
"../../../Engine/Shaders/Private/PathTracing/PathTracingBuildAtmosphereLUT.usf" 2803
"../../../Engine/Shaders/Private/PathTracing/PathTracingSwizzleScanlines.usf" 2804
"../../../Engine/Shaders/Private/PathTracing/PathTracingInitExtinctionCoefficient.usf" 2805
"../../../Engine/Shaders/Private/PathTracing/PathTracingCopyDepth.usf" 2806
"../../../Engine/Shaders/Private/PathTracing/PathTracingDebug.usf" 2807
"../../../Engine/Shaders/Private/RayTracing/RayTracingDecalGrid.ush" 2808
"../../../Engine/Shaders/Private/PathTracing/Material/PathTracingMaterialSampling.ush" 2809
"../../../Engine/Shaders/Private/PathTracing/Material/PathTracingLambert.ush" 2810
"../../../Engine/Shaders/Private/PathTracing/Material/PathTracingSubstrate.ush" 2811
"../../../Engine/Shaders/Private/PathTracing/Material/PathTracingSubstrateFoliage.ush" 2812
"../../../Engine/Shaders/Private/PathTracing/Material/PathTracingSubstrateSolidGlass.ush" 2813
"../../../Engine/Shaders/Private/PathTracing/Material/PathTracingSubstrateThinGlass.ush" 2814
"../../../Engine/Shaders/Private/PathTracing/Material/PathTracingSolidGlass.ush" 2815
"../../../Engine/Shaders/Private/PathTracing/Material/PathTracingEnergyConservation.ush" 2816
"../../../Engine/Shaders/Private/PathTracing/Material/PathTracingThinGlass.ush" 2817
"../../../Engine/Shaders/Private/PathTracing/Material/PathTracingDefaultLit.ush" 2818
"../../../Engine/Shaders/Private/PathTracing/Material/PathTracingClearCoat.ush" 2819
"../../../Engine/Shaders/Private/PathTracing/Material/PathTracingTwoSidedFoliage.ush" 2820
"../../../Engine/Shaders/Private/PathTracing/Material/PathTracingCloth.ush" 2821
"../../../Engine/Shaders/Private/PathTracing/Material/PathTracingSubsurfaceProfile.ush" 2822
"../../../Engine/Shaders/Private/PathTracing/Material/PathTracingEye.ush" 2823
"../../../Engine/Shaders/Private/PathTracing/Material/PathTracingHair.ush" 2824
"../../../Engine/Shaders/Private/PathTracing/Material/PathTracingMedium.ush" 2825
"../../../Engine/Shaders/Private/PathTracing/Light/PathTracingLightSampling.ush" 2826
"../../../Engine/Shaders/Private/PathTracing/Light/PathTracingLightCommon.ush" 2827
"../../../Engine/Shaders/Private/PathTracing/Light/PathTracingDirectionalLight.ush" 2828
"../../../Engine/Shaders/Private/PathTracing/Light/PathTracingPointLight.ush" 2829
"../../../Engine/Shaders/Private/PathTracing/Light/PathTracingCapsuleLight.ush" 2830
"../../../Engine/Shaders/Private/PathTracing/Light/PathTracingRectLight.ush" 2831
"../../../Engine/Shaders/Private/PathTracing/Light/PathTracingSkyLight.ush" 2832
"../../../Engine/Shaders/Private/PathTracing/Light/PathTracingLightGrid.ush" 2833
"../../../Engine/Shaders/Private/PathTracing/PathTracing.usf" 2834
"../../../Engine/Shaders/Private/PathTracing/PathTracingCore.ush" 2835
"../../../Engine/Shaders/Private/HeterogeneousVolumes/HeterogeneousVolumesVoxelGridTypes.ush" 2836
"../../../Engine/Shaders/Private/PathTracing/Volume/PathTracingVolume.ush" 2837
"../../../Engine/Shaders/Private/PathTracing/Volume/PathTracingClouds.ush" 2838
"../../../Engine/Shaders/Private/PathTracing/Volume/PathTracingHeterogeneousVolumes.ush" 2839
"../../../Engine/Shaders/Private/HeterogeneousVolumes/HeterogeneousVolumesVoxelGridTraversal.ush" 2840
"../../../Engine/Shaders/Private/HeterogeneousVolumes/HeterogeneousVolumesVoxelGridUtils.ush" 2841
"../../../Engine/Shaders/Private/HeterogeneousVolumes/HeterogeneousVolumesFrustumVoxelGridUtils.ush" 2842
"../../../Engine/Shaders/Private/PathTracing/PathTracingBuildLightGrid.usf" 2843
"../../../Engine/Shaders/Private/PathTracing/PathTracingSkylightMISCompensation.usf" 2844
"../../../Engine/Shaders/Private/PathTracing/PathTracingSkylightPrepare.usf" 2845
"../../../Engine/Shaders/Private/OIT/OITSorting.usf" 2846
"../../../Engine/Shaders/Private/OITCombine.usf" 2847
"../../../Engine/Shaders/Private/OITCommon.ush" 2848
"../../../Engine/Shaders/Private/Nanite/Voxel/RasterizeBricks.usf" 2849
"../../../Engine/Shaders/Private/Nanite/Voxel/Brick.ush" 2850
"../../../Engine/Shaders/Private/Nanite/Voxel/Voxel.ush" 2851
"../../../Engine/Shaders/Private/Nanite/Voxel/ScatterBricks.usf" 2852
"../../../Engine/Shaders/Private/Nanite/Voxel/TileBricks.usf" 2853
"../../../Engine/Shaders/Private/Nanite/Voxel/AutoVoxel.usf" 2854
"../../../Engine/Shaders/Private/Nanite/NaniteDebugViews.usf" 2855
"../../../Engine/Shaders/Private/Nanite/NaniteEditorCommon.ush" 2856
"../../../Engine/Shaders/Private/BinarySearch.ush" 2857
"../../../Engine/Shaders/Private/Nanite/NaniteDepthDecode.usf" 2858
"../../../Engine/Shaders/Private/HTileEncoding.ush" 2859
"../../../Engine/Shaders/Private/Nanite/NaniteVisualize.usf" 2860
"../../../Engine/Shaders/Private/Nanite/NaniteStreamOut.usf" 2861
"../../../Engine/Shaders/Private/Nanite/NaniteHierarchyTraversal.ush" 2862
"../../../Engine/Shaders/Private/Nanite/NaniteSkinningUpdateViewData.usf" 2863
"../../../Engine/Shaders/Private/Skinning/TransformProviders.usf" 2864
"../../../Engine/Shaders/Private/Nanite/NaniteShadeBinning.usf" 2865
"../../../Engine/Shaders/Private/Nanite/NaniteShadeCommon.ush" 2866
"../../../Engine/Shaders/Private/Nanite/NaniteFastClear.usf" 2867
"../../../Engine/Shaders/Private/Nanite/NaniteExportGBuffer.usf" 2868
"../../../Engine/Shaders/Private/Nanite/NaniteClusterCulling.usf" 2869
"../../../Engine/Shaders/Private/Nanite/NanitePrintStats.usf" 2870
"../../../Engine/Shaders/Private/Nanite/NaniteRasterizer.usf" 2871
"../../../Engine/Shaders/Private/Nanite/NaniteRasterizationCommon.ush" 2872
"../../../Engine/Shaders/Private/Nanite/NaniteRasterizer.ush" 2873
"../../../Engine/Shaders/Private/Nanite/NaniteWritePixel.ush" 2874
"../../../Engine/Shaders/Private/Nanite/NaniteTessellation.ush" 2875
"../../../Engine/Shaders/Private/WorkDistribution.ush" 2876
"../../../Engine/Shaders/Private/Nanite/NaniteDice.ush" 2877
"../../../Engine/Shaders/Private/ShaderBundleWorkGraphCommon.ush" 2878
"../../../Engine/Shaders/Public/RootConstants.ush" 2879
"../../../Engine/Shaders/Public/Platform/D3D/D3DRootConstants.ush" 2880
"../../../Engine/Shaders/Private/Nanite/NaniteSplit.usf" 2881
"../../../Engine/Shaders/Private/Nanite/NaniteRasterBinning.usf" 2882
"../../../Engine/Shaders/Private/Nanite/NaniteInstanceCulling.usf" 2883
"../../../Engine/Shaders/Private/Nanite/NaniteImposter.ush" 2884
"../../../Engine/Shaders/Private/Nanite/NaniteInstanceHierarchyCulling.usf" 2885
"../../../Engine/Shaders/Private/WorkGroupLoadBalancer.ush" 2886
"../../../Engine/Shaders/Private/Nanite/NanitePrimitiveFilter.usf" 2887
"../../../Engine/Shaders/Private/Nanite/NaniteRasterClear.usf" 2888
"../../../Engine/Shaders/Private/Nanite/NaniteDepthExport.usf" 2889
"../../../Engine/Shaders/Private/Nanite/NaniteEmitShadow.usf" 2890
"../../../Engine/Shaders/Private/MobileDeferredUtils.usf" 2891
"../../../Engine/Shaders/Private/MobileLocalLightsBuffer.usf" 2892
"../../../Engine/Shaders/Private/MobileFog.usf" 2893
"../../../Engine/Shaders/Private/DistortApplyScreenPS.usf" 2894
"../../../Engine/Shaders/Private/MobileDeferredShading.usf" 2895
"../../../Engine/Shaders/Private/MobileBasePassPixelShader.usf" 2896
"../../../Engine/Shaders/Private/MobileBasePassCommon.ush" 2897
"../../../Engine/Shaders/Private/BasePassCommon.ush" 2898
"../../../Engine/Shaders/Private/ShadingModelsMaterial.ush" 2899
"../../../Engine/Shaders/Private/ThinTranslucentCommon.ush" 2900
"../../../Engine/Shaders/Private/SingleLayerWaterShading.ush" 2901
"../../../Engine/Shaders/Private/DistortionCommon.ush" 2902
"../../../Engine/Shaders/Private/Substrate/SubstrateMobileForwardLighting.ush" 2903
"../../../Engine/Shaders/Private/MobileBasePassVertexShader.usf" 2904
"../../../Engine/Shaders/Private/MeshEdges.usf" 2905
"../../../Engine/Shaders/Private/MegaLights/MegaLightsVSMTracing.usf" 2906
"../../../Engine/Shaders/Private/MegaLights/MegaLights.ush" 2907
"../../../Engine/Shaders/Shared/MegaLightsDefinitions.h" 2908
"../../../Engine/Shaders/Private/HairStrands/HairStrandsVisibilityUtils.ush" 2909
"../../../Engine/Shaders/Private/MegaLights/MegaLightsRayTracing.ush" 2910
"../../../Engine/Shaders/Private/MegaLights/MegaLightsRayTracing.usf" 2911
"../../../Engine/Shaders/Private/DistanceField/GlobalDistanceFieldUtils.ush" 2912
"../../../Engine/Shaders/Private/Lumen/LumenScreenTracing.ush" 2913
"../../../Engine/Shaders/Private/MegaLights/MegaLightsVolumeRayTracing.usf" 2914
"../../../Engine/Shaders/Private/MegaLights/MegaLightsVolume.ush" 2915
"../../../Engine/Shaders/Private/MegaLights/MegaLightsVolumeHardwareRayTracing.usf" 2916
"../../../Engine/Shaders/Private/Lumen/LumenHardwareRayTracingCommon.ush" 2917
"../../../Engine/Shaders/Private/RayTracing/RayTracingReflectionEnvironment.ush" 2918
"../../../Engine/Shaders/Private/Lumen/LumenHardwareRayTracingPlatformCommon.ush" 2919
"../../../Engine/Shaders/Private/Lumen/LumenReflectionsCombine.ush" 2920
"../../../Engine/Shaders/Private/Lumen/LumenTracingCommon.ush" 2921
"../../../Engine/Shaders/Private/Lumen/SurfaceCache/LumenSurfaceCacheSampling.ush" 2922
"../../../Engine/Shaders/Private/Lumen/SurfaceCache/LumenSurfaceCache.ush" 2923
"../../../Engine/Shaders/Private/Lumen/LumenCardCommon.ush" 2924
"../../../Engine/Shaders/Private/Lumen/LumenCardTileShadowDownsampleFactor.ush" 2925
"../../../Engine/Shaders/Private/MegaLights/MegaLightsHardwareRayTracing.usf" 2926
"../../../Engine/Shaders/Private/MegaLights/MegaLights.usf" 2927
"../../../Engine/Shaders/Private/MegaLights/MegaLightsShading.ush" 2928
"../../../Engine/Shaders/Private/MegaLights/MegaLightsFilterVisibleLightHash.usf" 2929
"../../../Engine/Shaders/Private/MegaLights/MegaLightsDenoiserSpatial.usf" 2930
"../../../Engine/Shaders/Private/Lumen/LumenReflectionDenoiserCommon.ush" 2931
"../../../Engine/Shaders/Private/MegaLights/MegaLightsDenoiserTemporal.usf" 2932
"../../../Engine/Shaders/Private/MegaLights/MegaLightsShading.usf" 2933
"../../../Engine/Shaders/Private/StochasticLighting/StochasticLightingUpsample.ush" 2934
"../../../Engine/Shaders/Private/MegaLights/MegaLightsVisibleLightHash.usf" 2935
"../../../Engine/Shaders/Private/MegaLights/MegaLightsVolumeShading.usf" 2936
"../../../Engine/Shaders/Private/MegaLights/MegaLightsSampling.usf" 2937
"../../../Engine/Shaders/Private/MegaLights/MegaLightsSampling.ush" 2938
"../../../Engine/Shaders/Private/MegaLights/MegaLightsVolumeSampling.usf" 2939
"../../../Engine/Shaders/Private/MaterialCache/MaterialCacheABufferPages.usf" 2940
"../../../Engine/Shaders/Private/MaterialCache/MaterialCacheShade.usf" 2941
"../../../Engine/Shaders/Private/MaterialCache/MaterialCacheUnwrapNaniteShade.usf" 2942
"../../../Engine/Shaders/Private/MaterialCache/MaterialCacheUnwrapPixelShader.usf" 2943
"../../../Engine/Shaders/Private/MaterialCache/MaterialCacheUnwrapVertexShader.usf" 2944
"../../../Engine/Shaders/Private/Lumen/LumenVisualizeRadianceCache.usf" 2945
"../../../Engine/Shaders/Private/Lumen/LumenRadianceCacheCommon.ush" 2946
"../../../Engine/Shaders/Private/Lumen/LumenVisualizeHardwareRayTracing.usf" 2947
"../../../Engine/Shaders/Private/Lumen/LumenVisualize.ush" 2948
"../../../Engine/Shaders/Private/Lumen/LumenHairTracing.ush" 2949
"../../../Engine/Shaders/Private/Lumen/LumenVisualize.usf" 2950
"../../../Engine/Shaders/Private/Lumen/LumenSoftwareRayTracing.ush" 2951
"../../../Engine/Shaders/Private/DistanceField/GlobalDistanceFieldObjectGrid.ush" 2952
"../../../Engine/Shaders/Private/DistanceFieldLightingShared.ush" 2953
"../../../Engine/Shaders/Private/Lumen/LumenVisualizeTraces.ush" 2954
"../../../Engine/Shaders/Private/Lumen/LumenTranslucencyVolumeLighting.usf" 2955
"../../../Engine/Shaders/Private/Lumen/LumenRadianceCacheMarkCommon.ush" 2956
"../../../Engine/Shaders/Private/Lumen/LumenTranslucencyVolumeLightingShared.ush" 2957
"../../../Engine/Shaders/Private/Lumen/LumenScreenProbeCommon.ush" 2958
"../../../Engine/Shaders/Private/RayTracing/RayGenUtils.ush" 2959
"../../../Engine/Shaders/Private/Lumen/LumenRadianceCacheTracingCommon.ush" 2960
"../../../Engine/Shaders/Private/Lumen/LumenTranslucencyVolumeHardwareRayTracing.usf" 2961
"../../../Engine/Shaders/Private/Lumen/LumenTranslucencyRadianceCacheMarkShaders.usf" 2962
"../../../Engine/Shaders/Private/Lumen/SurfaceCache/LumenSurfaceCache.usf" 2963
"../../../Engine/Shaders/Private/Lumen/LumenShortRangeAOHardwareRayTracing.usf" 2964
"../../../Engine/Shaders/Private/Lumen/LumenScreenSpaceBentNormal.ush" 2965
"../../../Engine/Shaders/Private/Lumen/LumenScreenSpaceBentNormal.usf" 2966
"../../../Engine/Shaders/Private/Lumen/LumenScreenProbeTracing.usf" 2967
"../../../Engine/Shaders/Private/Lumen/LumenScreenProbeTracingCommon.ush" 2968
"../../../Engine/Shaders/Private/Lumen/LumenFloatQuantization.ush" 2969
"../../../Engine/Shaders/Private/Lumen/LumenScreenProbeImportanceSampling.usf" 2970
"../../../Engine/Shaders/Private/Lumen/LumenScreenProbeImportanceSamplingShared.ush" 2971
"../../../Engine/Shaders/Private/Lumen/LumenScreenProbeHardwareRayTracing.usf" 2972
"../../../Engine/Shaders/Private/Lumen/LumenScreenProbeDebug.usf" 2973
"../../../Engine/Shaders/Private/Lumen/LumenScreenProbeGather.usf" 2974
"../../../Engine/Shaders/Private/Lumen/LumenScreenProbeGatherTemporal.usf" 2975
"../../../Engine/Shaders/Private/Lumen/LumenScreenProbeFiltering.usf" 2976
"../../../Engine/Shaders/Private/Lumen/LumenSceneLighting.usf" 2977
"../../../Engine/Shaders/Private/Lumen/LumenCardTile.ush" 2978
"../../../Engine/Shaders/Private/Lumen/LumenSceneLighting.ush" 2979
"../../../Engine/Shaders/Private/Lumen/Radiosity/LumenRadiosity.ush" 2980
"../../../Engine/Shaders/Private/Lumen/LumenSceneLightingDebug.usf" 2981
"../../../Engine/Shaders/Private/Lumen/LumenScene.usf" 2982
"../../../Engine/Shaders/Private/Lumen/LumenSceneDirectLightingHardwareRayTracing.usf" 2983
"../../../Engine/Shaders/Private/Lumen/LumenSceneDirectLightingStochastic.ush" 2984
"../../../Engine/Shaders/Private/Lumen/LumenReflectionCommon.ush" 2985
"../../../Engine/Shaders/Private/Lumen/LumenSceneDirectLighting.ush" 2986
"../../../Engine/Shaders/Private/Lumen/LumenSceneDebugHardwareRayTracing.usf" 2987
"../../../Engine/Shaders/Private/Lumen/LumenSceneDirectLightingStochastic.usf" 2988
"../../../Engine/Shaders/Private/Lumen/LumenSceneDirectLightingSoftwareRayTracing.usf" 2989
"../../../Engine/Shaders/Private/DistanceFieldShadowingShared.ush" 2990
"../../../Engine/Shaders/Private/Lumen/LumenSceneDirectLightingPerLightShadowCommon.ush" 2991
"../../../Engine/Shaders/Private/Lumen/LumenSceneDirectLightingShadowMask.usf" 2992
"../../../Engine/Shaders/Private/Lumen/LumenSceneDirectLighting.usf" 2993
"../../../Engine/Shaders/Private/Lumen/LumenSceneDirectLightingCulling.usf" 2994
"../../../Engine/Shaders/Private/Lumen/LumenCardComputeShader.usf" 2995
"../../../Engine/Shaders/Private/Lumen/LumenCardBasePass.ush" 2996
"../../../Engine/Shaders/Private/Lumen/LumenCardPixelShader.usf" 2997
"../../../Engine/Shaders/Private/Lumen/LumenCardVertexShader.usf" 2998
"../../../Engine/Shaders/Private/Lumen/LumenReSTIRGather.usf" 2999
"../../../Engine/Shaders/Private/Lumen/LumenReflectionTracing.usf" 3000
"../../../Engine/Shaders/Private/Lumen/LumenReflectionDenoiserSpatial.usf" 3001
"../../../Engine/Shaders/Private/Lumen/LumenReflectionDenoiserClear.usf" 3002
"../../../Engine/Shaders/Private/Lumen/LumenReflectionDenoiserTemporal.usf" 3003
"../../../Engine/Shaders/Private/Lumen/LumenReflectionResolve.usf" 3004
"../../../Engine/Shaders/Private/Lumen/LumenReflections.usf" 3005
"../../../Engine/Shaders/Private/Lumen/RayTracedTranslucency.usf" 3006
"../../../Engine/Shaders/Private/Lumen/LumenReflectionHardwareRayTracing.usf" 3007
"../../../Engine/Shaders/Private/Lumen/Radiosity/LumenVisualizeRadiosityProbes.usf" 3008
"../../../Engine/Shaders/Private/Lumen/Radiosity/LumenRadiosity.usf" 3009
"../../../Engine/Shaders/Private/Lumen/Radiosity/LumenRadiosityHardwareRayTracing.usf" 3010
"../../../Engine/Shaders/Private/Lumen/Radiosity/LumenRadiosityCulling.usf" 3011
"../../../Engine/Shaders/Private/Lumen/LumenRadianceCacheHardwareRayTracing.usf" 3012
"../../../Engine/Shaders/Private/Lumen/LumenRadianceCache.usf" 3013
"../../../Engine/Shaders/Private/Lumen/LumenRadianceCacheUpdate.ush" 3014
"../../../Engine/Shaders/Private/Lumen/LumenRadianceCacheDebug.usf" 3015
"../../../Engine/Shaders/Private/Lumen/LumenRadianceCacheUpdate.usf" 3016
"../../../Engine/Shaders/Private/Lumen/LumenMeshSDFCulling.usf" 3017
"../../../Engine/Shaders/Private/HybridIndirectLighting.ush" 3018
"../../../Engine/Shaders/Private/MeshDistanceFieldCommon.ush" 3019
"../../../Engine/Shaders/Private/Lumen/LumenIrradianceFieldGather.usf" 3020
"../../../Engine/Shaders/Private/Lumen/LumenHardwareRayTracingMaterials.usf" 3021
"../../../Engine/Shaders/Private/Lumen/LumenFrontLayerTranslucency.usf" 3022
"../../../Engine/Shaders/Private/LocalFogVolumes/LocalFogVolumeSplat.usf" 3023
"../../../Engine/Shaders/Private/LocalFogVolumes/LocalFogVolumeTiledCulling.usf" 3024
"../../../Engine/Shaders/Private/LightShaftShader.usf" 3025
"../../../Engine/Shaders/Private/StationaryLightOverlapShaders.usf" 3026
"../../../Engine/Shaders/Private/DeferredLightPixelShaders.usf" 3027
"../../../Engine/Shaders/Private/DeferredLightVertexShaders.usf" 3028
"../../../Engine/Shaders/Private/LightMapDensityShader.usf" 3029
"../../../Engine/Shaders/Private/LightGridInjection.usf" 3030
"../../../Engine/Shaders/Shared/LightGridDefinitions.h" 3031
"../../../Engine/Shaders/Private/LightFunctionPixelShader.usf" 3032
"../../../Engine/Shaders/Private/LightFunctionVertexShader.usf" 3033
"../../../Engine/Shaders/Private/LightFunctionAtlas/LightFunctionAtlasRender.usf" 3034
"../../../Engine/Shaders/Private/InstanceCulling/InstanceCullingOcclusionQuery.usf" 3035
"../../../Engine/Shaders/Private/InstanceCulling/InstanceCullingSetup.ush" 3036
"../../../Engine/Shaders/Private/InstanceCulling/BuildInstanceDrawCommands.usf" 3037
"../../../Engine/Shaders/Private/InstanceCulling/InstanceCompactionCommon.ush" 3038
"../../../Engine/Shaders/Private/SceneDataMobileWriter.ush" 3039
"../../../Engine/Shaders/Private/InstanceCulling/CompactVisibleInstances.usf" 3040
"../../../Engine/Shaders/Private/ReflectionEnvironmentPixelShader.usf" 3041
"../../../Engine/Shaders/Private/AmbientCubemapComposite.usf" 3042
"../../../Engine/Shaders/Private/DiffuseIndirectComposite.usf" 3043
"../../../Engine/Shaders/Private/IESAtlas.usf" 3044
"../../../Engine/Shaders/Private/HeterogeneousVolumes/HeterogeneousVolumesVoxelGridShadows.usf" 3045
"../../../Engine/Shaders/Private/HeterogeneousVolumes/HeterogeneousVolumesStochasticFiltering.ush" 3046
"../../../Engine/Shaders/Private/HeterogeneousVolumes/HeterogeneousVolumesVoxelGridRenderingUtils.ush" 3047
"../../../Engine/Shaders/Private/HeterogeneousVolumes/HeterogeneousVolumesLightingUtils.ush" 3048
"../../../Engine/Shaders/Private/HeterogeneousVolumes/HeterogeneousVolumesVoxelGridRendering.usf" 3049
"../../../Engine/Shaders/Private/HeterogeneousVolumes/HeterogeneousVolumesVoxelGridPipeline.usf" 3050
"../../../Engine/Shaders/Private/HeterogeneousVolumes/HeterogeneousVolumesMaterialBakingPipeline.usf" 3051
"../../../Engine/Shaders/Private/HeterogeneousVolumes/HeterogeneousVolumesLiveShadingUtils.ush" 3052
"../../../Engine/Shaders/Private/HeterogeneousVolumes/HeterogeneousVolumesFrustumVoxelGrid.usf" 3053
"../../../Engine/Shaders/Private/HeterogeneousVolumes/HeterogeneousVolumesSparseVoxelPipeline.usf" 3054
"../../../Engine/Shaders/Private/HeterogeneousVolumes/HeterogeneousVolumesSparseVoxelUtils.ush" 3055
"../../../Engine/Shaders/Private/HeterogeneousVolumes/HeterogeneousVolumesSparseVoxelUniformBufferUtils.ush" 3056
"../../../Engine/Shaders/Private/HeterogeneousVolumes/HeterogeneousVolumesPreshadingPipeline.usf" 3057
"../../../Engine/Shaders/Private/HeterogeneousVolumes/HeterogeneousVolumesLiveShadingShadows.usf" 3058
"../../../Engine/Shaders/Private/HeterogeneousVolumes/HeterogeneousVolumesLiveShadingGlobalPipeline.usf" 3059
"../../../Engine/Shaders/Private/HeterogeneousVolumes/HeterogeneousVolumesLiveShadingPipeline.usf" 3060
"../../../Engine/Shaders/Private/HeterogeneousVolumes/HeterogeneousVolumesHardwareRayTracing.usf" 3061
"../../../Engine/Shaders/Private/HeterogeneousVolumes/HeterogeneousVolumesAmbientOcclusionPipeline.usf" 3062
"../../../Engine/Shaders/Private/HeterogeneousVolumes/HeterogeneousVolumesComposite.usf" 3063
"../../../Engine/Shaders/Private/HdrCustomResolveShaders.usf" 3064
"../../../Engine/Shaders/Private/HairStrands/RenderCurveRaster.usf" 3065
"../../../Engine/Shaders/Private/HairStrands/HairStrandsVoxelRasterCompute.usf" 3066
"../../../Engine/Shaders/Private/HairStrands/HairStrandsHitProxy.usf" 3067
"../../../Engine/Shaders/Private/HairStrands/HairStrandsVisibilityRasterComputeNaive.usf" 3068
"../../../Engine/Shaders/Private/HairStrands/HairStrandsVisibilityRasterHW.usf" 3069
"../../../Engine/Shaders/Private/HairStrands/HairStrandsVisibilityRasterCompute.usf" 3070
"../../../Engine/Shaders/Private/HairStrands/HairStrandsVisibilityRasterClassification.usf" 3071
"../../../Engine/Shaders/Private/HairStrands/HairStrandsCoverage.usf" 3072
"../../../Engine/Shaders/Private/HairStrands/HairStrandsVisibilityDepthPS.usf" 3073
"../../../Engine/Shaders/Private/HairStrands/HairStrandsVisibilityTransmittanceDepthPS.usf" 3074
"../../../Engine/Shaders/Private/HairStrands/HairStrandsVisibilityFillOpaqueDepthPS.usf" 3075
"../../../Engine/Shaders/Private/HairStrands/HairStrandsVisibilityCompactionComputeRaster.usf" 3076
"../../../Engine/Shaders/Private/HairStrands/HairStrandsVisibilityCompaction.usf" 3077
"../../../Engine/Shaders/Private/HairStrands/HairStrandsVisibilityCopyIndirectArg.usf" 3078
"../../../Engine/Shaders/Private/HairStrands/HairStrandsVisibilityClearPS.usf" 3079
"../../../Engine/Shaders/Private/HairStrands/HairStrandsVisibilityPS.usf" 3080
"../../../Engine/Shaders/Private/HairStrands/HairStrandsVisibilityVS.usf" 3081
"../../../Engine/Shaders/Private/HairStrands/HairStrandsVelocity.usf" 3082
"../../../Engine/Shaders/Private/HairStrands/HairStrandsVisibilityComputeSampleCoverage.usf" 3083
"../../../Engine/Shaders/Private/HairStrands/HairStrandsMaterialPS.usf" 3084
"../../../Engine/Shaders/Private/HairStrands/HairStrandsMaterialCommon.ush" 3085
"../../../Engine/Shaders/Private/HairStrands/HairStrandsMaterialVS.usf" 3086
"../../../Engine/Shaders/Private/HairStrands/HairStrandsLightSample.usf" 3087
"../../../Engine/Shaders/Private/HairStrands/HairStrandsDeepShadowMask.usf" 3088
"../../../Engine/Shaders/Private/HairStrands/HairStrandsDeepTransmittanceMask.usf" 3089
"../../../Engine/Shaders/Private/HairStrands/HairStrandsVisibilityTile.usf" 3090
"../../../Engine/Shaders/Private/HairStrands/HairStrandsDeepShadowPS.usf" 3091
"../../../Engine/Shaders/Private/HairStrands/HairStrandsDeepShadowVS.usf" 3092
"../../../Engine/Shaders/Private/HairStrands/HairStrandsAABB.usf" 3093
"../../../Engine/Shaders/Private/HairStrands/HairStrandsLUT.usf" 3094
"../../../Engine/Shaders/Private/HairStrands/HairStrandsForwardRaster.usf" 3095
"../../../Engine/Shaders/Private/HairStrands/HairStrandsForwardCulling.usf" 3096
"../../../Engine/Shaders/Private/HairStrands/HairStrandsEnvironmentLighting.usf" 3097
"../../../Engine/Shaders/Private/HairStrands/HairStrandsEnvironmentAO.usf" 3098
"../../../Engine/Shaders/Private/HairStrands/HairStrandsDeepShadowAllocation.usf" 3099
"../../../Engine/Shaders/Private/HairStrands/HairStrandsVoxelDebug.usf" 3100
"../../../Engine/Shaders/Private/HairStrands/HairStrandsComposition.usf" 3101
"../../../Engine/Shaders/Private/HairStrands/HairStrandsGBufferCommon.ush" 3102
"../../../Engine/Shaders/Private/GPUScene/GPUSceneDataManagement.usf" 3103
"../../../Engine/Shaders/Private/GPUSceneDebugRender.usf" 3104
"../../../Engine/Shaders/Private/GPUFeedbackCompaction.usf" 3105
"../../../Engine/Shaders/Private/GPUFastFourierTransform.usf" 3106
"../../../Engine/Shaders/Private/GPUFastFourierTransform2DCore.ush" 3107
"../../../Engine/Shaders/Private/GPUFastFourierTransformCore.ush" 3108
"../../../Engine/Shaders/Private/GPUBenchmark.usf" 3109
"../../../Engine/Shaders/Private/DistanceField/GlobalDistanceFieldDebug.usf" 3110
"../../../Engine/Shaders/Private/DistanceField/GlobalDistanceFieldUpdate.ush" 3111
"../../../Engine/Shaders/Private/DistanceField/GlobalDistanceFieldMip.usf" 3112
"../../../Engine/Shaders/Private/DistanceField/GlobalDistanceField.usf" 3113
"../../../Engine/Shaders/Private/DistanceField/GlobalDistanceFieldCompositeObjects.usf" 3114
"../../../Engine/Shaders/Private/DistanceField/GlobalDistanceFieldHeightfields.usf" 3115
"../../../Engine/Shaders/Private/HeightfieldLightingShared.ush" 3116
"../../../Engine/Shaders/Private/GenerateConservativeDepth.usf" 3117
"../../../Engine/Shaders/Private/HeightFogPixelShader.usf" 3118
"../../../Engine/Shaders/Private/HeightFogVertexShader.usf" 3119
"../../../Engine/Shaders/Private/DistortFiltering.usf" 3120
"../../../Engine/Shaders/Private/DistortAccumulatePS.usf" 3121
"../../../Engine/Shaders/Private/DistortAccumulateVS.usf" 3122
"../../../Engine/Shaders/Private/DistanceFieldVisualization.usf" 3123
"../../../Engine/Shaders/Private/DistanceFieldStreaming.usf" 3124
"../../../Engine/Shaders/Private/DistanceFieldShadowing.usf" 3125
"../../../Engine/Shaders/Private/DistanceFieldScreenGridLighting.usf" 3126
"../../../Engine/Shaders/Private/DistanceFieldObjectCulling.usf" 3127
"../../../Engine/Shaders/Private/DistanceFieldLightingPost.usf" 3128
"../../../Engine/Shaders/Private/DitheredTransitionStencil.usf" 3129
"../../../Engine/Shaders/Private/CopyDepthTexture.usf" 3130
"../../../Engine/Shaders/Private/CopyDepthTextureCS.usf" 3131
"../../../Engine/Shaders/Private/DeferredDecal.usf" 3132
"../../../Engine/Shaders/Private/DecalCommon.ush" 3133
"../../../Engine/Shaders/Private/DebugViewModeVertexShader.usf" 3134
"../../../Engine/Shaders/Private/DebugViewModeCommon.ush" 3135
"../../../Engine/Shaders/Private/DebugViewModePixelShader.usf" 3136
"../../../Engine/Shaders/Private/DebugProbes.usf" 3137
"../../../Engine/Shaders/Private/MeshDecals.usf" 3138
"../../../Engine/Shaders/Private/PostProcessAmbientOcclusion.usf" 3139
"../../../Engine/Shaders/Private/ClusteredDeferredShadingPixelShader.usf" 3140
"../../../Engine/Shaders/Private/ClusteredDeferredShadingVertexShader.usf" 3141
"../../../Engine/Shaders/Private/CapsuleShadowShaders.usf" 3142
"../../../Engine/Shaders/Private/BasePassPixelShader.usf" 3143
"../../../Engine/Shaders/Private/ForwardLightingCommon.ush" 3144
"../../../Engine/Shaders/Private/Substrate/SubstrateForwardLighting.ush" 3145
"../../../Engine/Shaders/Private/ComputeShaderOutputCommon.ush" 3146
"../../../Engine/Shaders/Private/BasePassVertexShader.usf" 3147
"../../../Engine/Shaders/Private/BasePassVertexCommon.ush" 3148
"../../../Engine/Shaders/Private/SimpleElementVolumeTexturePreviewPixelShader.usf" 3149
"../../../Engine/Shaders/Private/SimpleElementTexture2DPreviewPixelShader.usf" 3150
"../../../Engine/Shaders/Private/meshpaintdilatepixelshader.usf" 3151
"../../../Engine/Shaders/Private/meshpaintdilatevertexshader.usf" 3152
"../../../Engine/Shaders/Private/MeshPaintPixelShader.usf" 3153
"../../../Engine/Shaders/Private/MeshPaintVertexShader.usf" 3154
"../../../Engine/Shaders/Private/SlateElementPixelShader.usf" 3155
"../../../Engine/Shaders/Private/SlateShaderCommon.ush" 3156
"../../../Engine/Shaders/Private/SlateMaskingShader.usf" 3157
"../../../Engine/Shaders/Private/SlateVertexShader.usf" 3158
"../../../Engine/Shaders/Private/CompositeUIPixelShader.usf" 3159
"../../../Engine/Shaders/Private/ColorDeficiency.ush" 3160
"../../../Engine/Shaders/Private/SlatePostProcessColorDeficiencyPixelShader.usf" 3161
"../../../Engine/Shaders/Private/SlatePostProcessPixelShader.usf" 3162
"../../../Engine/Shaders/Private/Tools/VisualizeTexture.usf" 3163
"../../../Engine/Shaders/Private/UpdateDescriptorHandle.usf" 3164
"../../../Engine/Shaders/Private/ByteBuffer.usf" 3165
"../../../Engine/Shaders/Private/ShaderBundleWorkGraphDispatch.usf" 3166
"../../../Engine/Shaders/Private/ShaderBundleDispatch.usf" 3167
"../../../Engine/Shaders/Private/ResolveVertexShader.usf" 3168
"../../../Engine/Shaders/Private/ResolvePixelShader.usf" 3169
"../../../Engine/Shaders/Private/Tools/SetupIndirectArgs.usf" 3170
"../../../Engine/Shaders/Private/ClearReplacementShaders.usf" 3171
"../../../Engine/Shaders/Private/Tools/DrawTexture.usf" 3172
"../../../Engine/Shaders/Private/RayTracing/RayTracingValidation.usf" 3173
"../../../Engine/Shaders/Private/RenderGraphUtilities.usf" 3174
"../../../Engine/Shaders/Private/OneColorShader.usf" 3175
"../../../Engine/Shaders/Private/OculusShaders.usf" 3176
"../../../Engine/Shaders/Private/MediaShaders.usf" 3177
"../../../Engine/Shaders/Private/GPUMessaging.usf" 3178
"../../../Engine/Shaders/Private/Tools/GPUDebugCrashUtils.usf" 3179
"../../../Engine/Shaders/Private/NullPixelShader.usf" 3180
"../../../Engine/Shaders/Private/ComputeGenerateMips.usf" 3181
"../../../Engine/Shaders/Private/Tools/DumpTexture.usf" 3182
"../../../Engine/Shaders/Private/CopyTextureShaders.usf" 3183
"../../../Engine/Shaders/Private/Tools/FullscreenVertexShader.usf" 3184
"../../../Engine/Shaders/Private/RayTracing/RayTracingDispatchDesc.usf" 3185
"../../../Engine/Shaders/Private/Bink.usf" 3186
"../../../Engine/Shaders/Private/VelocityShader.usf" 3187
"../../../Engine/Shaders/Private/DepthOnlyPixelShader.usf" 3188
"../../../Engine/Shaders/Private/PositionOnlyDepthVertexShader.usf" 3189
"../../../Engine/Shaders/Private/DepthOnlyVertexShader.usf" 3190
"../../../Engine/Shaders/Private/AnisotropyPassShader.usf" 3191
"C:/Users/WenzinOL/Documents/GitHub/MyProject-River/Content/Variant_TwinStick/UI/WBP_MAINMENU.uasset" 3192
"C:/Users/WenzinOL/Documents/GitHub/MyProject-River/Content/Variant_TwinStick/LEVELS/TheLevelsThatArentTheGameplay/LVL_MAINMENU.umap" 3193
"/Engine/EngineResources/WhiteSquareTexture" 3194
"../../../Engine/Content/EngineResources/WhiteSquareTexture.uasset" 3195
"/Engine/EngineResources/GradientTexture0" 3196
"../../../Engine/Content/EngineResources/GradientTexture0.uasset" 3197
"/Engine/EngineResources/Black" 3198
"../../../Engine/Content/EngineResources/Black.uasset" 3199
"/Engine/EditorResources/S_Actor" 3200
"../../../Engine/Content/EditorResources/S_Actor.uasset" 3201
"/Engine/EngineFonts/RobotoDistanceField" 3202
"../../../Engine/Content/EngineFonts/RobotoDistanceField.uasset" 3203
"/Engine/EngineMaterials/DefaultTextMaterialOpaque" 3204
"../../../Engine/Content/EngineMaterials/DefaultTextMaterialOpaque.uasset" 3205
"/Engine/Functions/Engine_MaterialFunctions01/Shading/PowerToRoughness" 3206
"../../../Engine/Content/Functions/Engine_MaterialFunctions01/Shading/PowerToRoughness.uasset" 3207
"/Engine/Functions/Engine_MaterialFunctions01/Shading/ConvertFromDiffSpec" 3208
"../../../Engine/Content/Functions/Engine_MaterialFunctions01/Shading/ConvertFromDiffSpec.uasset" 3209
"/Engine/EngineMaterials/WorldGridMaterial" 3210
"../../../Engine/Content/EngineMaterials/WorldGridMaterial.uasset" 3211
"../../../Engine/Content/Functions/Engine_MaterialFunctions01/Opacity/CameraDepthFade.uasset" 3212
"../../../Engine/Content/EngineMaterials/T_Default_Material_Grid_M.uasset" 3213
"../../../Engine/Content/EngineMaterials/T_Default_Material_Grid_N.uasset" 3214
"/Engine/EngineMaterials/DefaultDeferredDecalMaterial" 3215
"../../../Engine/Content/EngineMaterials/DefaultDeferredDecalMaterial.uasset" 3216
"../../../Engine/Content/EngineMaterials/DefaultDiffuse.uasset" 3217
"/Engine/EngineMaterials/DefaultLightFunctionMaterial" 3218
"../../../Engine/Content/EngineMaterials/DefaultLightFunctionMaterial.uasset" 3219
"/Engine/EngineMaterials/DefaultPostProcessMaterial" 3220
"../../../Engine/Content/EngineMaterials/DefaultPostProcessMaterial.uasset" 3221
"../../../Engine/Content/Functions/Engine_MaterialFunctions02/Utility/BreakOutFloat2Components.uasset" 3222
"/Engine/EditorResources/S_Trigger" 3223
"../../../Engine/Content/EditorResources/S_Trigger.uasset" 3224
"/Engine/EditorResources/S_BoxReflectionCapture" 3225
"../../../Engine/Content/EditorResources/S_BoxReflectionCapture.uasset" 3226
"/Engine/EngineResources/DefaultTexture" 3227
"../../../Engine/Content/EngineResources/DefaultTexture.uasset" 3228
"/Engine/EditorResources/S_TriggerBox" 3229
"../../../Engine/Content/EditorResources/S_TriggerBox.uasset" 3230
"/Engine/EditorResources/S_TriggerCapsule" 3231
"../../../Engine/Content/EditorResources/S_TriggerCapsule.uasset" 3232
"/Engine/EditorResources/S_TriggerSphere" 3233
"../../../Engine/Content/EditorResources/S_TriggerSphere.uasset" 3234
"/Engine/EngineDamageTypes/DmgTypeBP_Environmental" 3235
"../../../Engine/Content/EngineDamageTypes/DmgTypeBP_Environmental.uasset" 3236
"/Engine/EngineMeshes/Sphere" 3237
"../../../Engine/Content/EngineMeshes/Sphere.uasset" 3238
"/Engine/EngineResources/DefaultTextureCube" 3239
"../../../Engine/Content/EngineResources/DefaultTextureCube.uasset" 3240
"/Engine/EngineResources/DefaultVolumeTexture" 3241
"../../../Engine/Content/EngineResources/DefaultVolumeTexture.uasset" 3242
"../../../Engine/Content/EngineResources/DefaultVolumeTexture2D.uasset" 3243
"/Engine/VREditor/TransformGizmo/SM_Sequencer_Node" 3244
"../../../Engine/Content/VREditor/TransformGizmo/SM_Sequencer_Node.uasset" 3245
"../../../Engine/Content/VREditor/TransformGizmo/Main.uasset" 3246
"../../../Engine/Content/VREditor/TransformGizmo/Xray.uasset" 3247
"/Engine/EditorResources/S_Solver" 3248
"../../../Engine/Content/EditorResources/S_Solver.uasset" 3249
"/Engine/EngineDebugMaterials/VolumeToRender" 3250
"../../../Engine/Content/EngineDebugMaterials/VolumeToRender.uasset" 3251
"/Engine/EngineDebugMaterials/M_VolumeRenderSphereTracePP" 3252
"../../../Engine/Content/EngineDebugMaterials/M_VolumeRenderSphereTracePP.uasset" 3253
"../../../Engine/Content/Functions/Engine_MaterialFunctions02/Utility/CameraDirectionVector.uasset" 3254
"/Engine/EditorMeshes/Camera/SM_CraneRig_Base" 3255
"../../../Engine/Content/EditorMeshes/Camera/SM_CraneRig_Base.uasset" 3256
"../../../Engine/Content/EditorMaterials/Camera/MI_CineMat_Rig.uasset" 3257
"../../../Engine/Content/EditorMaterials/Camera/CineMat.uasset" 3258
"/Engine/EditorMeshes/Camera/SM_CraneRig_Arm" 3259
"../../../Engine/Content/EditorMeshes/Camera/SM_CraneRig_Arm.uasset" 3260
"/Engine/EditorMeshes/Camera/SM_CraneRig_Mount" 3261
"../../../Engine/Content/EditorMeshes/Camera/SM_CraneRig_Mount.uasset" 3262
"/Engine/EditorMeshes/Camera/SM_CraneRig_Body" 3263
"../../../Engine/Content/EditorMeshes/Camera/SM_CraneRig_Body.uasset" 3264
"/Engine/EditorMeshes/Camera/SM_RailRig_Track" 3265
"../../../Engine/Content/EditorMeshes/Camera/SM_RailRig_Track.uasset" 3266
"/Engine/EditorMeshes/Camera/SM_RailRig_Mount" 3267
"../../../Engine/Content/EditorMeshes/Camera/SM_RailRig_Mount.uasset" 3268
"/Engine/EditorLandscapeResources/SplineEditorMesh" 3269
"../../../Engine/Content/EditorLandscapeResources/SplineEditorMesh.uasset" 3270
"../../../Engine/Content/EditorLandscapeResources/SplineEditorMeshMat.uasset" 3271
"/Engine/BasicShapes/Cube" 3272
"../../../Engine/Content/BasicShapes/Cube.uasset" 3273
"/CameraCalibrationCore/Materials/M_DefaultOddSquare" 3274
"../../Plugins/VirtualProduction/CameraCalibrationCore/Content/Materials/M_DefaultOddSquare.uasset" 3275
"/CameraCalibrationCore/Materials/M_DefaultEvenSquare" 3276
"../../Plugins/VirtualProduction/CameraCalibrationCore/Content/Materials/M_DefaultEvenSquare.uasset" 3277
"/HairStrands/Materials/HairDebugMaterial" 3278
"../../Plugins/Runtime/HairStrands/Content/Materials/HairDebugMaterial.uasset" 3279
"../../../Engine/Content/Functions/Engine_MaterialFunctions02/Utility/MakeFloat2.uasset" 3280
"../../../Engine/Content/Functions/Engine_MaterialFunctions02/Utility/MakeFloat3.uasset" 3281
"../../../Engine/Content/EngineMaterials/HairColorMap.uasset" 3282
"../../../Engine/Content/EngineMaterials/HairDebugColor.uasset" 3283
"../../Plugins/Runtime/HairStrands/Content/Materials/HairGroupColors.uasset" 3284
"/HairStrands/Materials/HairDefaultMaterial" 3285
"../../Plugins/Runtime/HairStrands/Content/Materials/HairDefaultMaterial.uasset" 3286
"/HairStrands/Materials/HairCardsDefaultMaterial" 3287
"../../Plugins/Runtime/HairStrands/Content/Materials/HairCardsDefaultMaterial.uasset" 3288
"/HairStrands/Materials/HairMeshesDefaultMaterial" 3289
"../../Plugins/Runtime/HairStrands/Content/Materials/HairMeshesDefaultMaterial.uasset" 3290
"/Engine/EngineMaterials/Widget3DPassThrough_Translucent" 3291
"../../../Engine/Content/EngineMaterials/Widget3DPassThrough_Translucent.uasset" 3292
"../../../Engine/Content/EngineMaterials/Widget3DPassThrough.uasset" 3293
"/Engine/EngineMaterials/Widget3DPassThrough_Translucent_OneSided" 3294
"../../../Engine/Content/EngineMaterials/Widget3DPassThrough_Translucent_OneSided.uasset" 3295
"/Engine/EngineMaterials/Widget3DPassThrough_Opaque" 3296
"../../../Engine/Content/EngineMaterials/Widget3DPassThrough_Opaque.uasset" 3297
"/Engine/EngineMaterials/Widget3DPassThrough_Opaque_OneSided" 3298
"../../../Engine/Content/EngineMaterials/Widget3DPassThrough_Opaque_OneSided.uasset" 3299
"/Engine/EngineMaterials/Widget3DPassThrough_Masked" 3300
"../../../Engine/Content/EngineMaterials/Widget3DPassThrough_Masked.uasset" 3301
"/Engine/EngineMaterials/Widget3DPassThrough_Masked_OneSided" 3302
"../../../Engine/Content/EngineMaterials/Widget3DPassThrough_Masked_OneSided.uasset" 3303
"/Engine/VREditor/ViewportInteractionAssetContainerData" 3304
"../../../Engine/Content/VREditor/ViewportInteractionAssetContainerData.uasset" 3305
"../../../Engine/Content/VREditor/SnapGrid/SnapGridMaterial.uasset" 3306
"../../../Engine/Content/VREditor/TransformGizmo/TransformGizmoMaterial_Inst.uasset" 3307
"../../../Engine/Content/VREditor/TransformGizmo/TranslucentTransformGizmoMaterial_Inst.uasset" 3308
"../../../Engine/Content/VREditor/SnapGrid/SnapGridPlaneMesh.uasset" 3309
"../../../Engine/Content/VREditor/Sounds/UI/Drop_Item_From_ContentBrowser.uasset" 3310
"../../../Engine/Content/VREditor/Sounds/UI/Gizmo_Handle_Clicked.uasset" 3311
"../../../Engine/Content/VREditor/Sounds/UI/Object_PickUp.uasset" 3312
"../../../Engine/Content/VREditor/Sounds/UI/Object_Snaps_To_Another_Actor.uasset" 3313
"../../../Engine/Content/VREditor/Sounds/UI/Object_Snaps_To_Grid.uasset" 3314
"../../../Engine/Content/VREditor/Sounds/UI/Scaling_Down.uasset" 3315
"../../../Engine/Content/VREditor/Sounds/UI/Scaling_Up.uasset" 3316
"../../../Engine/Content/VREditor/Sounds/UI/Selection_Changes.uasset" 3317
"../../../Engine/Content/VREditor/TransformGizmo/PlaneTranslationHandle.uasset" 3318
"../../../Engine/Content/VREditor/TransformGizmo/RotationHandleFull.uasset" 3319
"../../../Engine/Content/VREditor/TransformGizmo/RotationHandleIndicator.uasset" 3320
"../../../Engine/Content/VREditor/TransformGizmo/RotationHandleQuarter.uasset" 3321
"../../../Engine/Content/VREditor/TransformGizmo/StartRotationHandleIndicator.uasset" 3322
"../../../Engine/Content/VREditor/TransformGizmo/TransformGizmoFreeRotation.uasset" 3323
"../../../Engine/Content/VREditor/TransformGizmo/TranslateArrowHandle.uasset" 3324
"../../../Engine/Content/VREditor/TransformGizmo/UniformScaleHandle.uasset" 3325
"../../../Engine/Content/Functions/Engine_MaterialFunctions02/Math/Transform3x3Matrix.uasset" 3326
"../../../Engine/Content/Functions/Engine_MaterialFunctions02/SplitComponents.uasset" 3327
"../../../Engine/Content/VREditor/TransformGizmo/TransformGizmoMaterial.uasset" 3328
"../../../Engine/Content/VREditor/TransformGizmo/TranslucentTransformGizmoMaterial.uasset" 3329
"../../../Engine/Content/Functions/Engine_MaterialFunctions02/Utility/BreakOutFloat3Components.uasset" 3330
"../../../Engine/Content/VREditor/LaserPointer/VR_LaserPower_01.uasset" 3331
"/Engine/VREditor/TransformGizmo/BoundingBoxCorner" 3332
"../../../Engine/Content/VREditor/TransformGizmo/BoundingBoxCorner.uasset" 3333
"/Engine/VREditor/TransformGizmo/BoundingBoxEdge" 3334
"../../../Engine/Content/VREditor/TransformGizmo/BoundingBoxEdge.uasset" 3335
"/Engine/ArtTools/RenderToTexture/Meshes/S_1_Unit_Plane" 3336
"../../../Engine/Content/ArtTools/RenderToTexture/Meshes/S_1_Unit_Plane.uasset" 3337
"/Engine/EngineDebugMaterials/M_SimpleUnlitTranslucent" 3338
"../../../Engine/Content/EngineDebugMaterials/M_SimpleUnlitTranslucent.uasset" 3339
"/Engine/EngineFonts/Roboto" 3340
"../../../Engine/Content/EngineFonts/Roboto.uasset" 3341
"../../../Engine/Content/EngineFonts/Faces/DroidSansFallback.uasset" 3342
"../../../Engine/Content/EngineFonts/Faces/RobotoBold.uasset" 3343
"../../../Engine/Content/EngineFonts/Faces/RobotoBoldItalic.uasset" 3344
"../../../Engine/Content/EngineFonts/Faces/RobotoItalic.uasset" 3345
"../../../Engine/Content/EngineFonts/Faces/RobotoLight.uasset" 3346
"../../../Engine/Content/EngineFonts/Faces/RobotoRegular.uasset" 3347
"/Engine/EditorMaterials/ParticleSystems/PSysThumbnail_NoImage" 3348
"../../../Engine/Content/EditorMaterials/ParticleSystems/PSysThumbnail_NoImage.uasset" 3349
"/Engine/EditorMaterials/ParticleSystems/PSysThumbnail_OOD" 3350
"../../../Engine/Content/EditorMaterials/ParticleSystems/PSysThumbnail_OOD.uasset" 3351
"/Engine/EngineResources/LandscapeVisibilityLayerInfo" 3352
"../../../Engine/Content/EngineResources/LandscapeVisibilityLayerInfo.uasset" 3353
"/ACLPlugin/ACLAnimBoneCompressionSettings" 3354
"../../Plugins/Animation/ACLPlugin/Content/ACLAnimBoneCompressionSettings.uasset" 3355
"/Engine/Animation/DefaultRecorderBoneCompression" 3356
"../../../Engine/Content/Animation/DefaultRecorderBoneCompression.uasset" 3357
"/ACLPlugin/ACLAnimCurveCompressionSettings" 3358
"../../Plugins/Animation/ACLPlugin/Content/ACLAnimCurveCompressionSettings.uasset" 3359
"/Engine/Animation/DefaultVariableFrameStrippingSettings" 3360
"../../../Engine/Content/Animation/DefaultVariableFrameStrippingSettings.uasset" 3361
"/Paper2D/MaskedUnlitSpriteMaterial" 3362
"../../Plugins/2D/Paper2D/Content/MaskedUnlitSpriteMaterial.uasset" 3363
"../../Plugins/2D/Paper2D/Content/DefaultSpriteMaterial.uasset" 3364
"../../Plugins/2D/Paper2D/Content/PlaceholderTextures/DummySpriteTexture.uasset" 3365
"/Paper2D/OpaqueUnlitSpriteMaterial" 3366
"../../Plugins/2D/Paper2D/Content/OpaqueUnlitSpriteMaterial.uasset" 3367
"/Paper2D/DefaultPaperTerrainMaterial" 3368
"../../Plugins/2D/Paper2D/Content/DefaultPaperTerrainMaterial.uasset" 3369
"../../Plugins/2D/Paper2D/Content/DummySprite.uasset" 3370
"/AudioWidgets/Resources/ScrubHandleDown_Clamped" 3371
"../../Plugins/Runtime/AudioWidgets/Content/Resources/ScrubHandleDown_Clamped.uasset" 3372
"/ControlRig/Controls/ControlRigXRayMaterial" 3373
"../../Plugins/Animation/ControlRig/Content/Controls/ControlRigXRayMaterial.uasset" 3374
"/ControlRig/Controls/DefaultGizmoLibraryNormalized" 3375
"../../Plugins/Animation/ControlRig/Content/Controls/DefaultGizmoLibraryNormalized.uasset" 3376
"/ControlRig/M_Manip" 3377
"../../Plugins/Animation/ControlRig/Content/M_Manip.uasset" 3378
"../../../Engine/Content/Functions/Engine_MaterialFunctions02/WorldPositionOffset/CameraOffset.uasset" 3379
"/MediaPlate/SM_MediaPlateScreen" 3380
"../../Plugins/Media/MediaPlate/Content/SM_MediaPlateScreen.uasset" 3381
"/SpeedTreeImporter/SpeedTree9/SpeedTreeMaster" 3382
"../../Plugins/Editor/SpeedTreeImporter/Content/SpeedTree9/SpeedTreeMaster.uasset" 3383
"../../../Engine/Content/Functions/Engine_MaterialFunctions02/ObjectLocalBounds.uasset" 3384
"../../../Engine/Content/Functions/Engine_MaterialFunctions02/SafeNormalize.uasset" 3385
"../../../Engine/Content/Functions/Engine_MaterialFunctions02/Utility/VectorLength.uasset" 3386
"../../../Engine/Content/Functions/Engine_MaterialFunctions02/UVs/BoundingBoxBased_0-1_UVW.uasset" 3387
"../../../Engine/Content/Functions/Engine_MaterialFunctions02/WorldPositionOffset/ObjectScale.uasset" 3388
"../../Plugins/Editor/SpeedTreeImporter/Content/SpeedTree9/SpeedTreeBranchMotion.uasset" 3389
"../../Plugins/Editor/SpeedTreeImporter/Content/SpeedTree9/SpeedTreeCameraFacing.uasset" 3390
"../../Plugins/Editor/SpeedTreeImporter/Content/SpeedTree9/SpeedTreeWind.uasset" 3391
"../../Plugins/Editor/SpeedTreeImporter/Content/SpeedTree9/SpeedTreeWindMotion.uasset" 3392
"../../Plugins/Editor/SpeedTreeImporter/Content/SpeedTree9/UnpackDirection.uasset" 3393
"../../Plugins/Editor/SpeedTreeImporter/Content/SpeedTree9/UnpackInteger3.uasset" 3394
"../../Plugins/Editor/SpeedTreeImporter/Content/SpeedTree9/Empty.uasset" 3395
"../../Plugins/Editor/SpeedTreeImporter/Content/SpeedTree9/EmptyNormal.uasset" 3396
"../../Plugins/Editor/SpeedTreeImporter/Content/SpeedTree9/game_wind_noise.uasset" 3397
"/SpeedTreeImporter/SpeedTree9/SpeedTreeBillboardMaster" 3398
"../../Plugins/Editor/SpeedTreeImporter/Content/SpeedTree9/SpeedTreeBillboardMaster.uasset" 3399
"../../Plugins/Editor/SpeedTreeImporter/Content/SpeedTree9/SpeedTreeBillboard.uasset" 3400
"/Engine/BasicShapes/BasicShapeMaterial" 3401
"../../../Engine/Content/BasicShapes/BasicShapeMaterial.uasset" 3402
"/Engine/EditorMaterials/Dataflow/DataflowVertexMaterial" 3403
"../../../Engine/Content/EditorMaterials/Dataflow/DataflowVertexMaterial.uasset" 3404
"/Engine/EditorMaterials/Dataflow/DataflowTwoSidedVertexMaterial" 3405
"../../../Engine/Content/EditorMaterials/Dataflow/DataflowTwoSidedVertexMaterial.uasset" 3406
"/Engine/EditorLandscapeResources/LayerVisMaterial" 3407
"../../../Engine/Content/EditorLandscapeResources/LayerVisMaterial.uasset" 3408
"../../../Engine/Content/EditorLandscapeResources/WhiteSquareTexture.uasset" 3409
"/Engine/EditorLandscapeResources/SelectBrushMaterial_Selected" 3410
"../../../Engine/Content/EditorLandscapeResources/SelectBrushMaterial_Selected.uasset" 3411
"../../../Engine/Content/EditorLandscapeResources/SelectBrushMaterial.uasset" 3412
"../../../Engine/Content/Functions/Engine_MaterialFunctions03/Math/WithinRangeFloat2.uasset" 3413
"../../../Engine/Content/EditorLandscapeResources/DefaultAlphaTexture.uasset" 3414
"/Engine/EditorLandscapeResources/SelectBrushMaterial_SelectedRegion" 3415
"../../../Engine/Content/EditorLandscapeResources/SelectBrushMaterial_SelectedRegion.uasset" 3416
"/Engine/EditorLandscapeResources/MaskBrushMaterial_MaskedRegion" 3417
"../../../Engine/Content/EditorLandscapeResources/MaskBrushMaterial_MaskedRegion.uasset" 3418
"../../../Engine/Content/EditorLandscapeResources/MaskBrushMaterial.uasset" 3419
"/Engine/EditorLandscapeResources/ColorMaskBrushMaterial_MaskedRegion" 3420
"../../../Engine/Content/EditorLandscapeResources/ColorMaskBrushMaterial_MaskedRegion.uasset" 3421
"../../../Engine/Content/EditorLandscapeResources/ColorMaskBrushMaterial.uasset" 3422
"/Engine/EditorLandscapeResources/LandscapeDirtyMaterial" 3423
"../../../Engine/Content/EditorLandscapeResources/LandscapeDirtyMaterial.uasset" 3424
"/Engine/EditorLandscapeResources/LandscapeLayerUsageMaterial" 3425
"../../../Engine/Content/EditorLandscapeResources/LandscapeLayerUsageMaterial.uasset" 3426
"../../../Engine/Content/Functions/Engine_MaterialFunctions01/Debug/DebugIntValues.uasset" 3427
"../../../Engine/Content/Functions/Engine_MaterialFunctions01/Texturing/ScaleUVsByCenter.uasset" 3428
"../../../Engine/Content/Functions/Engine_MaterialFunctions02/WorldPositionOffset/LocalPosition.uasset" 3429
"../../../Engine/Content/Functions/Engine_MaterialFunctions01/Texturing/TextureCropping.uasset" 3430
"../../../Engine/Content/Functions/Engine_MaterialFunctions02/ExampleContent/DebugNumberStrip.uasset" 3431
"C:/Users/WenzinOL/AppData/Local/UnrealEngine/Editor/UInteractiveToolsPresetCollectionAsset_DefaultCollection.json" 3432
"/Engine/EngineMaterials/NaniteHiddenSectionMaterial" 3433
"../../../Engine/Content/EngineMaterials/NaniteHiddenSectionMaterial.uasset" 3434
"/Engine/EngineMaterials/RemoveSurfaceMaterial" 3435
"../../../Engine/Content/EngineMaterials/RemoveSurfaceMaterial.uasset" 3436
"/Engine/EngineDebugMaterials/DebugMeshMaterial" 3437
"../../../Engine/Content/EngineDebugMaterials/DebugMeshMaterial.uasset" 3438
"/Engine/EngineMaterials/EmissiveMeshMaterial" 3439
"../../../Engine/Content/EngineMaterials/EmissiveMeshMaterial.uasset" 3440
"../../../Engine/Content/EngineMaterials/DefaultWhiteGrid_Low.uasset" 3441
"/Engine/EngineMaterials/M_InvalidLightmapSettings" 3442
"../../../Engine/Content/EngineMaterials/M_InvalidLightmapSettings.uasset" 3443
"../../../Engine/Content/EngineMaterials/InvalidLightmapSettings.uasset" 3444
"/Engine/EngineMaterials/GizmoMaterial" 3445
"../../../Engine/Content/EngineMaterials/GizmoMaterial.uasset" 3446
"/Engine/EngineMaterials/PhAT_JointLimitMaterial" 3447
"../../../Engine/Content/EngineMaterials/PhAT_JointLimitMaterial.uasset" 3448
"/Engine/EngineMaterials/FlattenMaterial" 3449
"../../../Engine/Content/EngineMaterials/FlattenMaterial.uasset" 3450
"../../../Engine/Content/EngineMaterials/BaseFlattenDiffuseMap.uasset" 3451
"../../../Engine/Content/EngineMaterials/BaseFlattenEmissiveMap.uasset" 3452
"../../../Engine/Content/EngineMaterials/BaseFlattenGrayscaleMap.uasset" 3453
"../../../Engine/Content/EngineMaterials/BaseFlattenLinearColor.uasset" 3454
"../../../Engine/Content/EngineMaterials/BaseFlattenNormalMap.uasset" 3455
"../../../Engine/Content/Functions/Engine_MaterialFunctions02/PivotPainter2/Black_1x1_EXR_Texture.uasset" 3456
"/Engine/EngineMaterials/FlattenMaterial_VT" 3457
"../../../Engine/Content/EngineMaterials/FlattenMaterial_VT.uasset" 3458
"../../../Engine/Content/EngineMaterials/BaseFlattenDiffuseMap_VT.uasset" 3459
"../../../Engine/Content/EngineMaterials/BaseFlattenEmissiveMap_VT.uasset" 3460
"../../../Engine/Content/EngineMaterials/BaseFlattenGrayscaleMap_VT.uasset" 3461
"../../../Engine/Content/EngineMaterials/BaseFlattenLinearColor_VT.uasset" 3462
"../../../Engine/Content/EngineMaterials/BaseFlattenNormalMap_VT.uasset" 3463
"../../../Engine/Content/EngineMaterials/Black_1x1_EXR_Texture_VT.uasset" 3464
"/Engine/EngineMaterials/FlattenMaterial_WS_Normal_VT" 3465
"../../../Engine/Content/EngineMaterials/FlattenMaterial_WS_Normal_VT.uasset" 3466
"/Engine/EngineMaterials/Good64x64TilingNoiseHighFreq" 3467
"../../../Engine/Content/EngineMaterials/Good64x64TilingNoiseHighFreq.uasset" 3468
"/Engine/EngineMaterials/DefaultBokeh" 3469
"../../../Engine/Content/EngineMaterials/DefaultBokeh.uasset" 3470
"/Engine/EngineMaterials/MiniFont" 3471
"../../../Engine/Content/EngineMaterials/MiniFont.uasset" 3472
"/Engine/EngineMaterials/WeightMapPlaceholderTexture" 3473
"../../../Engine/Content/EngineMaterials/WeightMapPlaceholderTexture.uasset" 3474
"/Engine/EngineMaterials/WeightMapArrayPlaceholderTexture" 3475
"../../../Engine/Content/EngineMaterials/WeightMapArrayPlaceholderTexture.uasset" 3476
"/Engine/EngineMaterials/DefaultWhiteGrid" 3477
"../../../Engine/Content/EngineMaterials/DefaultWhiteGrid.uasset" 3478
"/Engine/EngineMaterials/PreintegratedSkinBRDF" 3479
"../../../Engine/Content/EngineMaterials/PreintegratedSkinBRDF.uasset" 3480
"/Engine/EngineMaterials/LTC/GGX_LTCAmp" 3481
"../../../Engine/Content/EngineMaterials/LTC/GGX_LTCAmp.uasset" 3482
"/Engine/EngineMaterials/LTC/GGX_LTCMat" 3483
"../../../Engine/Content/EngineMaterials/LTC/GGX_LTCMat.uasset" 3484
"/Engine/EngineMaterials/EnergyConservation/GGX_ReflectionEnergy" 3485
"../../../Engine/Content/EngineMaterials/EnergyConservation/GGX_ReflectionEnergy.uasset" 3486
"/Engine/EngineMaterials/EnergyConservation/GGX_TransmissionEnergyArray" 3487
"../../../Engine/Content/EngineMaterials/EnergyConservation/GGX_TransmissionEnergyArray.uasset" 3488
"/Engine/EngineMaterials/EnergyConservation/SheenLegacy_Energy" 3489
"../../../Engine/Content/EngineMaterials/EnergyConservation/SheenLegacy_Energy.uasset" 3490
"/Engine/EngineMaterials/DefaultPhysicalMaterial" 3491
"../../../Engine/Content/EngineMaterials/DefaultPhysicalMaterial.uasset" 3492
"/Engine/EngineMaterials/DefaultDestructiblePhysicalMaterial" 3493
"../../../Engine/Content/EngineMaterials/DefaultDestructiblePhysicalMaterial.uasset" 3494
"/Niagara/ParameterDefinitions/SpriteRenderer" 3495
"C:/Users/WenzinOL/AppData/Local/UnrealEngine/Editor/ProjectEditorRecords.json" 3496
"../../Plugins/FX/Niagara/Content/ParameterDefinitions/SpriteRenderer.uasset" 3497
"/Niagara/ParameterDefinitions/RibbonRenderer" 3498
"../../Plugins/FX/Niagara/Content/ParameterDefinitions/RibbonRenderer.uasset" 3499
"/Niagara/ParameterDefinitions/MeshRenderer" 3500
"../../Plugins/FX/Niagara/Content/ParameterDefinitions/MeshRenderer.uasset" 3501
"/Niagara/ParameterDefinitions/LightRenderer" 3502
"../../Plugins/FX/Niagara/Content/ParameterDefinitions/LightRenderer.uasset" 3503
"/Niagara/ParameterDefinitions/DecalRenderer" 3504
"../../Plugins/FX/Niagara/Content/ParameterDefinitions/DecalRenderer.uasset" 3505
"/Niagara/ParameterDefinitions/CoreParameters" 3506
"../../Plugins/FX/Niagara/Content/ParameterDefinitions/CoreParameters.uasset" 3507
"/DeformerGraph/Deformers/DG_LinearBlendSkin_Morph_Cloth" 3508
"../../Plugins/Animation/DeformerGraph/Content/Deformers/DG_LinearBlendSkin_Morph_Cloth.uasset" 3509
"../../Plugins/Animation/DeformerGraph/Content/DeformerFunctions/DG_Function_LinearBlendSkin_Morph_Cloth.uasset" 3510
"/DeformerGraph/Deformers/DG_LinearBlendSkin_Morph_Cloth_RecomputeNormals" 3511
"../../Plugins/Animation/DeformerGraph/Content/Deformers/DG_LinearBlendSkin_Morph_Cloth_RecomputeNormals.uasset" 3512
"../../Plugins/Animation/DeformerGraph/Content/DeformerFunctions/DG_Function_ComputeNormalsTangents.uasset" 3513
"../../Plugins/Animation/DeformerGraph/Content/DeformerFunctions/DG_Function_LinearBlendSkin_Morph_Cloth_PositionOnly.uasset" 3514
"/Engine/EditorResources/SequenceRecorder/Countdown" 3515
"../../../Engine/Content/EditorResources/SequenceRecorder/Countdown.uasset" 3516
"/Engine/EditorResources/SequenceRecorder/RecordingIndicator" 3517
"../../../Engine/Content/EditorResources/SequenceRecorder/RecordingIndicator.uasset" 3518
"/Engine/EditorMaterials/PhAT_UnselectedMaterial" 3519
"../../../Engine/Content/EditorMaterials/PhAT_UnselectedMaterial.uasset" 3520
"/Engine/EditorMaterials/PhAT_NoCollisionMaterial" 3521
"../../../Engine/Content/EditorMaterials/PhAT_NoCollisionMaterial.uasset" 3522
"/Engine/BasicShapes/Sphere" 3523
"../../../Engine/Content/BasicShapes/Sphere.uasset" 3524
"../../../Engine/Content/EngineMaterials/DefaultMaterial.uasset" 3525
"/Engine/BasicShapes/Cylinder" 3526
"../../../Engine/Content/BasicShapes/Cylinder.uasset" 3527
"/Engine/BasicShapes/Cone" 3528
"../../../Engine/Content/BasicShapes/Cone.uasset" 3529
"/Engine/BasicShapes/Plane" 3530
"../../../Engine/Content/BasicShapes/Plane.uasset" 3531
"/Engine/EngineFonts/DroidSansMono" 3532
"../../../Engine/Content/EngineFonts/DroidSansMono.uasset" 3533
"../../../Engine/Content/EngineFonts/Faces/DroidSansMono.uasset" 3534
"../../../Engine/Documentation/Source/Shared/Types/ABrush/ABrush.INT.udn" 3535
"../../../Engine/Content/Internationalization/icudt64l/brkitr/en_US.res" 3536
"../../../Engine/Content/Internationalization/icudt64l/brkitr/en.res" 3537
"../../../Engine/Content/Internationalization/icudt64l/brkitr/root.res" 3538
"../../../Engine/Content/Internationalization/icudt64l/brkitr/char.brk" 3539
"../../../Engine/Content/Internationalization/icudt64l/brkitr/word.brk" 3540
"/Engine/EditorResources/S_Terrain" 3541
"../../../Engine/Content/EditorResources/S_Terrain.uasset" 3542
"../../../Engine/Plugins/FX/Niagara/Shaders/Private/NiagaraDataInterfaceTexture2DArrayTemplate.ush" 3543
"../../../Engine/Plugins/FX/Niagara/Shaders/Private/NiagaraDataInterfaceActorComponentTemplate.ush" 3544
"../../../Engine/Plugins/FX/Niagara/Shaders/Private/NiagaraDataInterfaceArrayTemplate.ush" 3545
"../../../Engine/Plugins/FX/Niagara/Shaders/Private/NiagaraDataInterfaceArrayRWTemplate.ush" 3546
"../../../Engine/Plugins/FX/Niagara/Shaders/Private/NiagaraDataInterfaceAsyncGpuTrace.ush" 3547
"../../../Engine/Plugins/FX/Niagara/Shaders/Private/NiagaraDataInterfaceAsyncGpuTraceTemplate.ush" 3548
"../../../Engine/Plugins/FX/Niagara/Shaders/Private/NiagaraDataInterfaceCamera.ush" 3549
"../../../Engine/Plugins/Experimental/ChaosNiagara/Shaders/NiagaraDataInterfaceChaosDestruction.ush" 3550
"../../../Engine/Plugins/FX/Niagara/Shaders/Private/NiagaraDataInterfaceCollisionQuery.ush" 3551
"C:/Users/WenzinOL/Documents/GitHub/MyProject-River/Intermediate/ShaderAutogen/PCD3D_SM5/AutogenShaderHeaders.ush" 3552
"../../../Engine/Plugins/FX/Niagara/Shaders/Private/NiagaraDataInterfaceCollisionQueryTemplate.ush" 3553
"../../../Engine/Plugins/FX/Niagara/Shaders/Private/NiagaraDataInterfaceCurveTemplate.ush" 3554
"../../../Engine/Plugins/FX/Niagara/Shaders/Private/NiagaraDataInterfaceCubeTextureTemplate.ush" 3555
"../../../Engine/Plugins/FX/Niagara/Shaders/Private/DataChannel/NiagaraDataInterfaceDataChannelCommon.ush" 3556
"../../../Engine/Plugins/FX/Niagara/Shaders/Private/DataChannel/NiagaraDataInterfaceDataChannelTemplateCommon.ush" 3557
"../../../Engine/Plugins/FX/Niagara/Shaders/Private/DataChannel/NiagaraDataInterfaceDataChannelTemplateReadCommon.ush" 3558
"../../../Engine/Plugins/FX/Niagara/Shaders/Private/DataChannel/NiagaraDataInterfaceDataChannelTemplate_Read.ush" 3559
"../../../Engine/Plugins/FX/Niagara/Shaders/Private/DataChannel/NiagaraDataInterfaceDataChannelTemplate_Consume.ush" 3560
"../../../Engine/Plugins/FX/Niagara/Shaders/Private/DataChannel/NiagaraDataInterfaceDataChannelTemplateWriteCommon.ush" 3561
"../../../Engine/Plugins/FX/Niagara/Shaders/Private/DataChannel/NiagaraDataInterfaceDataChannelTemplate_Append.ush" 3562
"../../../Engine/Plugins/FX/Niagara/Shaders/Private/NiagaraDataInterfaceDataTableTemplate.ush" 3563
"../../../Engine/Plugins/FX/Niagara/Shaders/Private/NiagaraDataInterfaceDebugDraw.ush" 3564
"../../../Engine/Plugins/FX/Niagara/Shaders/Private/NiagaraDataInterfaceDebugDrawTemplate.ush" 3565
"../../../Engine/Plugins/FX/Niagara/Shaders/Private/NiagaraDataInterfaceDynamicMeshTemplate.ush" 3566
"../../../Engine/Plugins/FX/Niagara/Shaders/Private/NiagaraDataInterfaceEmitterPropertiesTemplate.ush" 3567
"../../../Engine/Plugins/FX/Niagara/Shaders/Private/NiagaraDataInterfaceExportTemplate.ush" 3568
"../../../Engine/Plugins/FX/Niagara/Shaders/Private/NiagaraDataInterfaceGBufferTemplate.ush" 3569
"../../../Engine/Plugins/Experimental/ChaosNiagara/Shaders/NiagaraDataInterfaceGeometryCollection.ush" 3570
"../../../Engine/Plugins/FX/Niagara/Shaders/Private/NiagaraTransformUtils.ush" 3571
"../../../Engine/Plugins/Runtime/HairStrands/Shaders/Private/NiagaraStrandsExternalForce.ush" 3572
"../../../Engine/Plugins/Runtime/HairStrands/Shaders/Private/NiagaraHookeSpringMaterial.ush" 3573
"../../../Engine/Plugins/Runtime/HairStrands/Shaders/Private/NiagaraAngularSpringMaterial.ush" 3574
"../../../Engine/Plugins/Runtime/HairStrands/Shaders/Private/NiagaraConstantVolumeMaterial.ush" 3575
"../../../Engine/Plugins/Runtime/HairStrands/Shaders/Private/NiagaraCosseratRodMaterial.ush" 3576
"../../../Engine/Plugins/Runtime/HairStrands/Shaders/Private/NiagaraStaticCollisionConstraint.ush" 3577
"../../../Engine/Plugins/Runtime/HairStrands/Shaders/Private/NiagaraDataInterfaceHairStrands.ush" 3578
"../../../Engine/Plugins/Runtime/HairStrands/Shaders/Private/NiagaraDataInterfaceHairStrandsTemplate.ush" 3579
"../../../Engine/Plugins/FX/Niagara/Shaders/Private/NiagaraDataInterfaceIntRenderTarget2D.ush" 3580
"../../../Engine/Plugins/FX/Niagara/Shaders/Private/NiagaraDataInterfaceLandscape.ush" 3581
"../../../Engine/Plugins/FX/Niagara/Shaders/Private/NiagaraDataInterfaceMemoryBufferTemplate.ush" 3582
"../../../Engine/Plugins/FX/Niagara/Shaders/Private/NiagaraDataInterfaceMeshRendererInfoTemplate.ush" 3583
"../../../Engine/Plugins/FX/Niagara/Shaders/Private/NiagaraDataInterfaceOcclusion.ush" 3584
"../../../Engine/Plugins/FX/Niagara/Shaders/Private/NiagaraDataInterfacePhysicsAsset.ush" 3585
"../../../Engine/Plugins/Experimental/ChaosNiagara/Shaders/NiagaraDataInterfacePhysicsField.ush" 3586
"../../../Engine/Plugins/FX/Niagara/Shaders/Private/NiagaraDataInterfacePlatformSetTemplate.ush" 3587
"../../../Engine/Plugins/Runtime/HairStrands/Shaders/Private/NiagaraDataInterfaceVelocityGrid.ush" 3588
"../../../Engine/Plugins/Runtime/HairStrands/Shaders/Private/NiagaraDataInterfaceVelocityGridTemplate.ush" 3589
"../../../Engine/Plugins/Runtime/HairStrands/Shaders/Private/NiagaraDataInterfacePressureGrid.ush" 3590
"../../../Engine/Plugins/Runtime/HairStrands/Shaders/Private/NiagaraDataInterfacePressureGridTemplate.ush" 3591
"../../../Engine/Plugins/FX/Niagara/Shaders/Private/NiagaraDataInterfaceRenderTarget2DTemplate.ush" 3592
"../../../Engine/Plugins/FX/Niagara/Shaders/Private/NiagaraDataInterfaceRenderTarget2DArrayTemplate.ush" 3593
"../../../Engine/Plugins/FX/Niagara/Shaders/Private/NiagaraDataInterfaceRenderTargetCubeTemplate.ush" 3594
"../../../Engine/Plugins/FX/Niagara/Shaders/Private/NiagaraDataInterfaceRenderTargetVolumeTemplate.ush" 3595
"../../../Engine/Plugins/FX/Niagara/Shaders/Private/NiagaraDataInterfaceRigidMeshCollisionQuery.ush" 3596
"../../../Engine/Plugins/FX/Niagara/Shaders/Private/NiagaraDistanceFieldQueries.ush" 3597
"../../../Engine/Plugins/FX/Niagara/Shaders/Private/NiagaraDataInterfaceSceneCapture2DTemplate.ush" 3598
"../../../Engine/Plugins/FX/Niagara/Shaders/Private/NiagaraDataInterfaceSimCacheReaderTemplate.ush" 3599
"../../../Engine/Plugins/FX/Niagara/Shaders/Private/NiagaraDataInterfaceSimpleCounterTemplate.ush" 3600
"../../../Engine/Plugins/FX/Niagara/Shaders/Private/NiagaraDataInterfaceSkeletalMesh.ush" 3601
"../../../Engine/Plugins/FX/Niagara/Shaders/Private/NiagaraBaryCentricUtils.ush" 3602
"../../../Engine/Plugins/FX/Niagara/Shaders/Private/NiagaraDataInterfaceSkeletalMeshTemplate.ush" 3603
"../../../Engine/Plugins/FX/Niagara/Shaders/Private/NiagaraDataInterfaceSocketReaderTemplate.ush" 3604
"../../../Engine/Plugins/FX/Niagara/Shaders/Private/NiagaraDataInterfaceSparseVolumeTextureTemplate.ush" 3605
"../../../Engine/Plugins/FX/Niagara/Shaders/Private/NiagaraDataInterfaceSplineTemplate.ush" 3606
"../../../Engine/Plugins/FX/Niagara/Shaders/Private/NiagaraDataInterfaceSpriteRendererInfoTemplate.ush" 3607
"../../../Engine/Plugins/FX/Niagara/Shaders/Private/NiagaraDataInterfaceStaticMeshTemplate.ush" 3608
"../../../Engine/Plugins/FX/Niagara/Shaders/Private/NiagaraDataInterfaceTextureTemplate.ush" 3609
"../../../Engine/Plugins/FX/Niagara/Shaders/Private/NiagaraDataInterfaceVirtualTexture.ush" 3610
"../../../Engine/Plugins/FX/Niagara/Shaders/Private/NiagaraDataInterfaceVirtualTextureTemplate.ush" 3611
"../../../Engine/Plugins/FX/Niagara/Shaders/Private/NiagaraDataInterfaceVolumeCache.ush" 3612
"../../../Engine/Plugins/FX/Niagara/Shaders/Private/NiagaraDataInterfaceVolumeTextureTemplate.ush" 3613
"../../../../../Users/WenzinOL/Documents/GitHub/MyProject-River/Intermediate/ShaderAutogen/PCD3D_SM5/AutogenShaderHeaders.ush" 3614
"C:/Users/WenzinOL/Documents/GitHub/MyProject-River/Content/Characters/Mannequins/Materials/Manny/MI_Manny_02_New.uasset" 3615
"../../../Engine/Content/EngineSounds/Submixes/MasterSubmixDefault.uasset" 3616
"C:/Users/WenzinOL/Documents/GitHub/MyProject-River/Content/Characters/Mannequins/Textures/Manny/T_Manny_01_MRA.uasset" 3617
"C:/Users/WenzinOL/Documents/GitHub/MyProject-River/Content/Characters/Mannequins/Textures/Manny/T_Manny_02_MRA.uasset" 3618
"C:/Users/WenzinOL/Documents/GitHub/MyProject-River/Content/Characters/Mannequins/Materials/M_Mannequin.uasset" 3619
"../../../Engine/Content/EngineSounds/Submixes/MasterReverbEffectPreset.uasset" 3620
"C:/Users/WenzinOL/Documents/GitHub/MyProject-River/Content/Characters/Mannequins/Textures/Shared/T_UE_Logo_M.uasset" 3621
"C:/Users/WenzinOL/Documents/GitHub/MyProject-River/Content/Characters/Mannequins/Textures/Manny/T_Manny_01_D.uasset" 3622
"../../../Engine/Content/EngineSounds/Submixes/MasterReverbSubmixDefault.uasset" 3623
"../../../Engine/Content/EngineSounds/Submixes/MasterEQSubmixDefault.uasset" 3624
"C:/Users/WenzinOL/Documents/GitHub/MyProject-River/Content/Characters/Mannequins/Textures/Manny/T_Manny_01_BN.uasset" 3625
"../../../Engine/Content/EngineSounds/Submixes/MasterEQEffectPreset.uasset" 3626
"C:/Users/WenzinOL/Documents/GitHub/MyProject-River/Content/Characters/Mannequins/Textures/Manny/T_Manny_02_BN.uasset" 3627
"C:/Users/WenzinOL/Documents/GitHub/MyProject-River/Content/Characters/Mannequins/Textures/Manny/T_Manny_02_D.uasset" 3628
"C:/Users/WenzinOL/Documents/GitHub/MyProject-River/Content/Characters/Mannequins/Materials/Manny/MI_Manny_01_New.uasset" 3629
"C:/Users/WenzinOL/Documents/GitHub/MyProject-River/Content/Characters/Mannequins/Anims/Unarmed/Jump/MM_Fall_Loop.uasset" 3630
"C:/Users/WenzinOL/Documents/GitHub/MyProject-River/Content/Characters/Mannequins/Anims/Unarmed/Jog/MF_Unarmed_Jog_Right.uasset" 3631
"C:/Users/WenzinOL/Documents/GitHub/MyProject-River/Content/Characters/Mannequins/Anims/Unarmed/Jog/MF_Unarmed_Jog_Left.uasset" 3632
"C:/Users/WenzinOL/Documents/GitHub/MyProject-River/Content/Characters/Mannequins/Meshes/SKM_Manny_Simple.uasset" 3633
"C:/Users/WenzinOL/Documents/GitHub/MyProject-River/Content/Characters/Mannequins/Anims/Unarmed/Jump/MM_Land.uasset" 3634
"C:/Users/WenzinOL/Documents/GitHub/MyProject-River/Content/Characters/Mannequins/Anims/Unarmed/Jump/MM_Jump.uasset" 3635
"C:/Users/WenzinOL/Documents/GitHub/MyProject-River/Content/Characters/Mannequins/Rigs/PA_Mannequin.uasset" 3636
"C:/Users/WenzinOL/Documents/GitHub/MyProject-River/Content/Characters/Mannequins/Anims/Unarmed/Jog/MF_Unarmed_Jog_Bwd.uasset" 3637
"C:/Users/WenzinOL/Documents/GitHub/MyProject-River/Content/Characters/Mannequins/Anims/Unarmed/Walk/MF_Unarmed_Walk_Bwd.uasset" 3638
"C:/Users/WenzinOL/Documents/GitHub/MyProject-River/Content/Characters/Mannequins/Anims/Unarmed/Jog/MF_Unarmed_Jog_Fwd.uasset" 3639
"C:/Users/WenzinOL/Documents/GitHub/MyProject-River/Content/Characters/Mannequins/Anims/Unarmed/Walk/MF_Unarmed_Walk_Left.uasset" 3640
"C:/Users/WenzinOL/Documents/GitHub/MyProject-River/Content/Characters/Mannequins/Anims/Unarmed/BS_Idle_Walk_Run.uasset" 3641
"C:/Users/WenzinOL/Documents/GitHub/MyProject-River/Content/Characters/Mannequins/Anims/Unarmed/Walk/MF_Unarmed_Walk_Fwd.uasset" 3642
"C:/Users/WenzinOL/Documents/GitHub/MyProject-River/Content/Characters/Mannequins/Anims/Unarmed/MM_Idle.uasset" 3643
"C:/Users/WenzinOL/Documents/GitHub/MyProject-River/Content/Characters/Mannequins/Anims/Unarmed/Walk/MF_Unarmed_Walk_Right.uasset" 3644
"../../../Engine/Content/Animation/DefaultAnimBoneCompressionSettings.uasset" 3645
"../../../Engine/Content/Animation/DefaultAnimCurveCompressionSettings.uasset" 3646
"/Engine/EngineSounds/Submixes/MasterReverbEffectPreset" 3647
"/Engine/EngineSounds/Submixes/MasterEQEffectPreset" 3648
"/Engine/EngineSounds/Submixes/MasterEQSubmixDefault" 3649
"/Game/Characters/Mannequins/Textures/Manny/T_Manny_02_BN" 3650
"/Game/Characters/Mannequins/Textures/Manny/T_Manny_02_D" 3651
"/Game/Characters/Mannequins/Textures/Manny/T_Manny_02_MRA" 3652
"/Game/Characters/Mannequins/Materials/Manny/MI_Manny_02_New" 3653
"/Game/Characters/Mannequins/Rigs/PA_Mannequin" 3654
"/Game/Characters/Mannequins/Meshes/SKM_Manny_Simple" 3655
"../../../../../Users/WenzinOL/Documents/GitHub/MyProject-River/Content/Characters/Mannequins/Meshes/SK_Mannequin.uasset" 3656
"/Game/Characters/Mannequins/Anims/Unarmed/Jump/MM_Fall_Loop" 3657
"C:/Users/WenzinOL/Documents/GitHub/MyProject-River/Content/Characters/Mannequins/Meshes/SK_Mannequin.uasset" 3658
"/Game/Characters/Mannequins/Textures/Shared/T_UE_Logo_M" 3659
"/Engine/EngineSounds/Submixes/MasterReverbSubmixDefault" 3660
"C:/Users/WenzinOL/Documents/GitHub/MyProject-River/Content/TopDown/Blueprints/BP_TopDownCharacter.uasset" 3661
"C:/Users/WenzinOL/Documents/GitHub/MyProject-River/Content/Characters/Mannequins/Rigs/CR_Mannequin_FootIK.uasset" 3662
"C:/Users/WenzinOL/Documents/GitHub/MyProject-River/Content/TopDown/Cursor/M_Cursor.uasset" 3663
"C:/Users/WenzinOL/Documents/GitHub/MyProject-River/Content/TopDown/Cursor/SM_CursorMesh.uasset" 3664
"C:/Users/WenzinOL/Documents/GitHub/MyProject-River/Content/TopDown/Cursor/T_Arrow.uasset" 3665
"C:/Users/WenzinOL/Documents/GitHub/MyProject-River/Content/Characters/Mannequins/Anims/Unarmed/ABP_Unarmed.uasset" 3666
"/Game/Characters/Mannequins/Anims/Unarmed/Jog/MF_Unarmed_Jog_Right" 3667
"/Game/Characters/Mannequins/Anims/Unarmed/Jog/MF_Unarmed_Jog_Left" 3668
"/Game/Characters/Mannequins/Anims/Unarmed/Jog/MF_Unarmed_Jog_Fwd" 3669
"/Game/Characters/Mannequins/Anims/Unarmed/Jog/MF_Unarmed_Jog_Bwd" 3670
"/Game/Characters/Mannequins/Anims/Unarmed/Walk/MF_Unarmed_Walk_Bwd" 3671
"/Game/Characters/Mannequins/Anims/Unarmed/Walk/MF_Unarmed_Walk_Fwd" 3672
"/Game/Characters/Mannequins/Anims/Unarmed/Walk/MF_Unarmed_Walk_Left" 3673
"/Game/Characters/Mannequins/Anims/Unarmed/Walk/MF_Unarmed_Walk_Right" 3674
"/Game/Characters/Mannequins/Anims/Unarmed/Jump/MM_Jump" 3675
"/Game/Characters/Mannequins/Anims/Unarmed/Jump/MM_Land" 3676
"/Game/Characters/Mannequins/Anims/Unarmed/BS_Idle_Walk_Run" 3677
"/Game/Characters/Mannequins/Rigs/CR_Mannequin_FootIK" 3678
"../../../Engine/Plugins/FX/Niagara/Content/Icons/Modules/T_Icon_Particle_InfiniteLife.uasset" 3679
"../../../Engine/Plugins/FX/Niagara/Content/Functions/Math/SaturateFloat.uasset" 3680
"../../../Engine/Plugins/FX/Niagara/Content/Functions/V2/CalculateRandomBool.uasset" 3681
"../../../Engine/Plugins/FX/Niagara/Content/Functions/LinearColor/HueShiftLinearColor.uasset" 3682
"../../../Engine/Plugins/FX/Niagara/Content/Functions/V2/CalculateRandomRangeInteger.uasset" 3683
"../../../Engine/Plugins/FX/Niagara/Content/Functions/Localspace/SimulationPosition.uasset" 3684
"../../../Engine/Plugins/FX/Niagara/Content/Functions/V2/CalculateRandomRange.uasset" 3685
"../../../Engine/Plugins/FX/Niagara/Content/Functions/Localspace/TransformVector.uasset" 3686
"../../../Engine/Plugins/FX/Niagara/Content/Modules/Update/Lifetime/ParticleState.uasset" 3687
"../../../Engine/Plugins/FX/Niagara/Content/Functions/Drag/DragVelocity.uasset" 3688
"../../../Engine/Plugins/FX/Niagara/Content/Modules/Solvers/ApplyRotationVector.uasset" 3689
"../../../Engine/Plugins/FX/Niagara/Content/Functions/Rotation/MultiplyQuaternion.uasset" 3690
"../../../Engine/Plugins/FX/Niagara/Content/Functions/Localspace/TransformBase.uasset" 3691
"../../../Engine/Plugins/FX/Niagara/Content/Functions/Rotation/AxisAngleToQuaternion.uasset" 3692
"../../../Engine/Plugins/FX/Niagara/Content/Modules/Spawn/Initialization/V2/InitializeParticle.uasset" 3693
"../../../Engine/Plugins/FX/Niagara/Content/Icons/Modules/T_Icon_Solver_LimitAccel.uasset" 3694
"../../../Engine/Plugins/FX/Niagara/Content/Enums/Ribbons/ENiagara_UnsetDirectSet.uasset" 3695
"../../../Engine/Plugins/FX/Niagara/Content/Functions/Math/CentimeterMeterConversion.uasset" 3696
"../../../Engine/Plugins/FX/Niagara/Content/Icons/Modules/T_Icon_Solver_LimitSpeed.uasset" 3697
"../../../Engine/Plugins/FX/Niagara/Content/Functions/DirectionAndLengthSafe.uasset" 3698
"../../../Engine/Plugins/FX/Niagara/Content/Functions/Rotation/MultiplyVectorWithQuaternion.uasset" 3699
"../../../Engine/Plugins/FX/Niagara/Content/Icons/Modules/T_Icon_Solver_RotationalSolve.uasset" 3700
"../../../Engine/Plugins/FX/Niagara/Content/Functions/V2/CalculateRandomRangeFloat.uasset" 3701
"../../../Engine/Plugins/FX/Niagara/Content/Modules/Emitter/SpawnBurst_Instantaneous.uasset" 3702
"../../../Engine/Plugins/FX/Niagara/Content/Modules/Solvers/SolveForcesAndVelocity.uasset" 3703
"../../../Engine/Plugins/FX/Niagara/Content/Enums/ENiagaraRandomnessEvaluation.uasset" 3704
"/Game/TopDown/Cursor/SM_CursorMesh" 3705
"/Game/TopDown/Blueprints/BP_TopDownCharacter" 3706
"../../../../../Users/WenzinOL/Documents/GitHub/MyProject-River/Content/Characters/Mannequins/Anims/Unarmed/Jump/MM_Fall_Loop.uasset" 3707
"/Niagara/Enums/ENiagaraRandomnessEvaluation" 3708
"/Niagara/Modules/Solvers/SolveForcesAndVelocity" 3709
"../../../Engine/Plugins/FX/Niagara/Content/Enums/Ribbons/ENiagara_UnsetDirectSetRandom.uasset" 3710
"../../../Engine/Plugins/FX/Niagara/Content/Icons/Modules/T_Icon_Scalability_Emitter.uasset" 3711
"../../../Engine/Plugins/FX/Niagara/Content/Enums/ENiagaraRandomnessMode.uasset" 3712
"../../../Engine/Plugins/FX/Niagara/Content/Modules/Emitter/EmitterState.uasset" 3713
"../../../Engine/Plugins/FX/Niagara/Content/Functions/Emitter/EmitterChangeState.uasset" 3714
"../../../Engine/Plugins/FX/Niagara/Content/Icons/Modules/T_Icon_Scalability_System.uasset" 3715
"/Niagara/Functions/Localspace/SimulationPosition" 3716
"/Niagara/Enums/Ribbons/ENiagara_UnsetDirectSet" 3717
"/Niagara/Functions/LinearColor/HueShiftLinearColor" 3718
"/Niagara/Modules/Update/Lifetime/ParticleState" 3719
"/Niagara/Enums/ENiagaraRandomnessMode" 3720
"/Niagara/Modules/Emitter/SpawnBurst_Instantaneous" 3721
"../../../Engine/Plugins/FX/Niagara/Content/Enums/ENiagara_MassInitializationMode.uasset" 3722
"../../../Engine/Plugins/FX/Niagara/Content/Modules/System/SystemState.uasset" 3723
"../../../Engine/Plugins/FX/Niagara/Content/Enums/ENiagaraInactiveMode.uasset" 3724
"../../../Engine/Plugins/FX/Niagara/Content/Enums/ENiagara_PositionInitializationMode.uasset" 3725
"../../../Engine/Plugins/FX/Niagara/Content/Enums/ENiagara_SizeScaleMode.uasset" 3726
"../../../Engine/Plugins/FX/Niagara/Content/Enums/ENiagaraEmitterLifeCycleMode.uasset" 3727
"../../../Engine/Plugins/FX/Niagara/Content/Functions/System/SystemChangeState.uasset" 3728
"../../../Engine/Plugins/FX/Niagara/Content/Enums/ENiagara_InfiniteLoopDuration.uasset" 3729
"../../../Engine/Plugins/FX/Niagara/Content/Enums/ENiagaraChannelCorrelation.uasset" 3730
"../../../Engine/Plugins/FX/Niagara/Content/Enums/ENiagara_SpriteRotationMode.uasset" 3731
"../../../Engine/Plugins/FX/Niagara/Content/Enums/ENiagara_ColorInitializationMode.uasset" 3732
"../../../Engine/Plugins/FX/Niagara/Content/Enums/ENiagara_UVFlippingMode.uasset" 3733
"../../../Engine/Plugins/FX/Niagara/Content/Enums/ENiagaraEmitterScalabilityMode_Limited.uasset" 3734
"../../../Engine/Plugins/FX/Niagara/Content/Enums/ENiagara_LifetimeMode.uasset" 3735
"/Niagara/Enums/Ribbons/ENiagara_UnsetDirectSetRandom" 3736
"/Niagara/Icons/Modules/T_Icon_Scalability_System" 3737
"/Niagara/Icons/Modules/T_Icon_Scalability_Emitter" 3738
"/Niagara/Functions/V2/CalculateRandomRange" 3739
"/Niagara/Functions/V2/CalculateRandomRangeInteger" 3740
"C:/Users/WenzinOL/Documents/GitHub/MyProject-River/Content/TopDown/Input/Actions/IA_SetDestination_Touch.uasset" 3741
"../../../Engine/Plugins/FX/Niagara/Content/Enums/ENiagaraSystemInactiveMode.uasset" 3742
"C:/Users/WenzinOL/Documents/GitHub/MyProject-River/Content/TopDown/Input/Actions/IA_SetDestination_Click.uasset" 3743
"../../../Engine/Plugins/FX/Niagara/Content/Enums/ENiagara_EmitterStateOptions.uasset" 3744
"C:/Users/WenzinOL/Documents/GitHub/MyProject-River/Content/TopDown/Cursor/FX_Cursor_Success.uasset" 3745
"C:/Users/WenzinOL/Documents/GitHub/MyProject-River/Content/TopDown/Input/IMC_Default.uasset" 3746
"/Niagara/Functions/V2/CalculateRandomBool" 3747
"/Niagara/Functions/Emitter/EmitterChangeState" 3748
"/Game/TopDown/Input/IMC_Default" 3749
"/Game/TopDown/Cursor/FX_Cursor_Success" 3750
"../../../Engine/Plugins/Interchange/Assets/Content/gltf/MaterialBodies/MF_ClearCoat_Body.uasset" 3751
"../../../Engine/Content/Functions/Engine_MaterialFunctions01/Texturing/FlattenNormal.uasset" 3752
"../../../Engine/Plugins/Interchange/Assets/Content/gltf/MaterialFunctions/MF_Clearcoat.uasset" 3753
"C:/Users/WenzinOL/Documents/GitHub/MyProject-River/Content/TopDown/Blueprints/BP_TopDownController.uasset" 3754
"../../../Engine/Plugins/Interchange/Assets/Content/gltf/Textures/T_Anisotropy_Direction_Linear.uasset" 3755
"../../../Engine/Plugins/Interchange/Assets/Content/gltf/MaterialFunctions/MF_Specular.uasset" 3756
"../../../Engine/Plugins/Interchange/Assets/Content/gltf/MaterialFunctions/MF_SpecularAnisotropy.uasset" 3757
"../../../Engine/Plugins/Interchange/Assets/Content/gltf/MaterialFunctions/MF_Emissive.uasset" 3758
"../../../Engine/Content/EditorBlueprintResources/StandardMacros.uasset" 3759
"C:/Users/WenzinOL/Documents/GitHub/MyProject-River/Content/TopDown/Blueprints/BP_TopDownGameMode.uasset" 3760
"/InterchangeAssets/gltf/MaterialFunctions/MF_SpecularAnisotropy" 3761
"/Engine/Functions/Engine_MaterialFunctions01/Texturing/FlattenNormal" 3762
"/Game/TopDown/Blueprints/BP_TopDownGameMode" 3763
"../../../Engine/Plugins/Interchange/Assets/Content/gltf/MaterialFunctions/MF_RotateNormals_TS.uasset" 3764
"../../../Engine/Plugins/Interchange/Assets/Content/gltf/MaterialFunctions/MF_Normals.uasset" 3765
"../../../Engine/Plugins/Interchange/Assets/Content/gltf/MaterialFunctions/MF_Iridescence.uasset" 3766
"../../../Engine/Plugins/Interchange/Assets/Content/gltf/Textures/T_Generic_N.uasset" 3767
"../../../Engine/Plugins/Interchange/Assets/Content/gltf/MaterialFunctions/MF_MetallicRoughness.uasset" 3768
"../../../Engine/Plugins/Interchange/Assets/Content/gltf/Textures/T_White_srgb.uasset" 3769
"../../../Engine/Plugins/Interchange/Assets/Content/gltf/MaterialFunctions/MF_IOR.uasset" 3770
"../../../Engine/Plugins/Interchange/Assets/Content/gltf/MaterialFunctions/MF_Occlusion.uasset" 3771
"../../../Engine/Plugins/Interchange/Assets/Content/gltf/Textures/T_White_Linear.uasset" 3772
"../../../Engine/Plugins/Interchange/Assets/Content/gltf/MaterialFunctions/MF_BaseColor.uasset" 3773
"../../../Engine/Plugins/Interchange/Assets/Content/gltf/MaterialFunctions/MF_TransformUVs.uasset" 3774
"../../../Engine/Plugins/Interchange/Assets/Content/Functions/MF_IridescenceNoLUT.uasset" 3775
"../../../Engine/Plugins/Interchange/Assets/Content/gltf/MaterialFunctions/MF_RotateV2.uasset" 3776
"../../../Engine/Plugins/Interchange/Assets/Content/gltf/MaterialFunctions/MF_ScaleNormal.uasset" 3777
"../../../Engine/Plugins/Interchange/Assets/Content/gltf/MaterialInstances/MI_ClearCoat_Mask.uasset" 3778
"../../../Engine/Plugins/Interchange/Assets/Content/gltf/MaterialInstances/MI_ClearCoat_Opaque_DS.uasset" 3779
"../../../Engine/Plugins/Interchange/Assets/Content/gltf/MaterialInstances/MI_ClearCoat_Opaque.uasset" 3780
"../../../Engine/Plugins/Interchange/Assets/Content/gltf/M_ClearCoat.uasset" 3781
"../../../Engine/Content/Functions/Engine_MaterialFunctions03/Math/RemapValueRange.uasset" 3782
"../../../Engine/Plugins/Interchange/Assets/Content/gltf/MaterialInstances/MI_ClearCoat_Blend.uasset" 3783
"../../../Engine/Plugins/Interchange/Assets/Content/Functions/MF_Iridescence.uasset" 3784
"../../../Engine/Plugins/Interchange/Assets/Content/Utilities/New_LUT.uasset" 3785
"/InterchangeAssets/gltf/MaterialFunctions/MF_Specular" 3786
"/InterchangeAssets/gltf/MaterialInstances/MI_ClearCoat_Opaque_DS" 3787
"../../../Engine/Plugins/Interchange/Assets/Content/gltf/M_Default.uasset" 3788
"../../../Engine/Plugins/Interchange/Assets/Content/gltf/MaterialInstances/MI_Default_Opaque.uasset" 3789
"../../../Engine/Plugins/Interchange/Assets/Content/gltf/MaterialInstances/MI_ClearCoat_Blend_DS.uasset" 3790
"../../../Engine/Plugins/Interchange/Assets/Content/gltf/MaterialBodies/MF_Default_Body.uasset" 3791
"../../../Engine/Plugins/Interchange/Assets/Content/gltf/MaterialInstances/MI_Default_Mask.uasset" 3792
"../../../Engine/Plugins/Interchange/Assets/Content/gltf/MaterialInstances/MI_ClearCoat_Mask_DS.uasset" 3793
"/InterchangeAssets/gltf/MaterialInstances/MI_ClearCoat_Blend" 3794
"/InterchangeAssets/gltf/MaterialInstances/MI_ClearCoat_Mask" 3795
"/InterchangeAssets/gltf/MaterialInstances/MI_ClearCoat_Opaque" 3796
"/InterchangeAssets/gltf/MaterialInstances/MI_Default_Mask" 3797
"../../../Engine/Plugins/Interchange/Assets/Content/gltf/MaterialInstances/MI_Default_Opaque_DS.uasset" 3798
"../../../Engine/Plugins/Interchange/Assets/Content/gltf/M_Sheen.uasset" 3799
"../../../Engine/Plugins/Interchange/Assets/Content/gltf/MaterialInstances/MI_Sheen_Mask.uasset" 3800
"../../../Engine/Plugins/Interchange/Assets/Content/gltf/MaterialInstances/MI_Sheen_Opaque.uasset" 3801
"../../../Engine/Plugins/Interchange/Assets/Content/gltf/MaterialInstances/MI_Default_Blend_DS.uasset" 3802
"../../../Engine/Plugins/Interchange/Assets/Content/gltf/MaterialBodies/MF_Sheen_Body.uasset" 3803
"../../../Engine/Plugins/Interchange/Assets/Content/gltf/MaterialInstances/MI_Sheen_Opaque_DS.uasset" 3804
"../../../Engine/Plugins/Interchange/Assets/Content/gltf/MaterialFunctions/MF_Transmission.uasset" 3805
"../../../Engine/Plugins/Interchange/Assets/Content/gltf/MaterialInstances/MI_Sheen_Mask_DS.uasset" 3806
"../../../Engine/Plugins/Interchange/Assets/Content/gltf/MaterialFunctions/MF_Sheen.uasset" 3807
"../../../Engine/Plugins/Interchange/Assets/Content/gltf/MaterialInstances/MI_Default_Blend.uasset" 3808
"../../../Engine/Plugins/Interchange/Assets/Content/gltf/MaterialInstances/MI_Sheen_Blend.uasset" 3809
"../../../Engine/Plugins/Interchange/Assets/Content/gltf/MaterialInstances/MI_Sheen_Blend_DS.uasset" 3810
"../../../Engine/Plugins/Interchange/Assets/Content/gltf/MaterialInstances/MI_Default_Mask_DS.uasset" 3811
"/InterchangeAssets/gltf/MaterialInstances/MI_Default_Opaque" 3812
"../../../Engine/Plugins/Interchange/Assets/Content/gltf/MaterialFunctions/MF_MaxComponentValue.uasset" 3813
"../../../Engine/Plugins/Interchange/Assets/Content/gltf/MaterialFunctions/MF_SpecGlossToMetalRoughness.uasset" 3814
"../../../Engine/Plugins/Interchange/Assets/Content/gltf/MaterialFunctions/MF_DiffuseSpecGloss.uasset" 3815
"../../../Engine/Plugins/Interchange/Assets/Content/gltf/MaterialFunctions/MF_Temporal_Blur.uasset" 3816
"../../../Engine/Content/Functions/Engine_MaterialFunctions02/Texturing/ScreenAlignedPixelToPixelUVs.uasset" 3817
"../../../Engine/Plugins/Interchange/Assets/Content/gltf/MaterialBodies/MF_SpecularGlossiness_Body.uasset" 3818
"../../../Engine/Plugins/Interchange/Assets/Content/gltf/MaterialFunctions/MF_Fresnel_DS.uasset" 3819
"../../../Engine/Plugins/Interchange/Assets/Content/gltf/MaterialInstances/MI_Transmission_DS.uasset" 3820
"../../../Engine/Plugins/Interchange/Assets/Content/gltf/MaterialFunctions/MF_PerceivedBrightness.uasset" 3821
"../../../Engine/Plugins/Interchange/Assets/Content/gltf/MaterialBodies/MF_Transmission_Body.uasset" 3822
"../../../Engine/Plugins/Interchange/Assets/Content/gltf/M_Transmission.uasset" 3823
"../../../Engine/Plugins/Interchange/Assets/Content/gltf/MaterialInstances/MI_Transmission.uasset" 3824
"../../../Engine/Plugins/Interchange/Assets/Shaders/ThinFilmFunctions.usf" 3825
"/InterchangeAssets/gltf/MaterialInstances/MI_ClearCoat_Blend_DS" 3826
"/InterchangeAssets/gltf/MaterialInstances/MI_ClearCoat_Mask_DS" 3827
"/InterchangeAssets/gltf/MaterialFunctions/MF_DiffuseSpecGloss" 3828
"/InterchangeAssets/gltf/MaterialFunctions/MF_MaxComponentValue" 3829
"/InterchangeAssets/gltf/MaterialInstances/MI_Transmission_DS" 3830
"../../../Engine/Plugins/Interchange/Assets/Content/gltf/M_SpecularGlossiness.uasset" 3831
"../../../Engine/Plugins/Interchange/Assets/Content/gltf/MaterialInstances/MI_SpecularGlossiness_Opaque_DS.uasset" 3832
"../../../Engine/Plugins/Interchange/Assets/Content/gltf/MaterialInstances/MI_SpecularGlossiness_Mask.uasset" 3833
"../../../Engine/Plugins/Interchange/Assets/Content/gltf/MaterialInstances/MI_SpecularGlossiness_Blend.uasset" 3834
"../../../Engine/Plugins/Interchange/Assets/Content/gltf/MaterialInstances/MI_SpecularGlossiness_Opaque.uasset" 3835
"../../../Engine/Content/Functions/Engine_MaterialFunctions02/Math/AddComponents.uasset" 3836
"/InterchangeAssets/gltf/MaterialInstances/MI_Transmission" 3837
"/InterchangeAssets/gltf/MaterialInstances/MI_Sheen_Blend_DS" 3838
"/InterchangeAssets/gltf/MaterialInstances/MI_Sheen_Mask_DS" 3839
"/InterchangeAssets/gltf/MaterialInstances/MI_Sheen_Opaque_DS" 3840
"/InterchangeAssets/gltf/MaterialInstances/MI_Sheen_Blend" 3841
"/InterchangeAssets/gltf/MaterialInstances/MI_Sheen_Mask" 3842
"/InterchangeAssets/gltf/MaterialInstances/MI_Sheen_Opaque" 3843
"/InterchangeAssets/gltf/MaterialInstances/MI_Default_Blend_DS" 3844
"/InterchangeAssets/gltf/MaterialInstances/MI_Default_Mask_DS" 3845
"/InterchangeAssets/gltf/MaterialInstances/MI_Default_Opaque_DS" 3846
"/InterchangeAssets/gltf/MaterialInstances/MI_Default_Blend" 3847
"C:/Users/WenzinOL/Documents/GitHub/MyProject-River/Content/Variant_TwinStick/UI/WBP_Options.uasset" 3848
"C:/Users/WenzinOL/Documents/GitHub/MyProject-River/Content/Variant_TwinStick/LEVELS/TheLevelsThatArentTheGameplay/LVL_OPTIONS.umap" 3849
"C:/Users/WenzinOL/Documents/GitHub/MyProject-River/Content/Variant_TwinStick/Blueprints/WeaponStats.uasset" 3850
"C:/Users/WenzinOL/Documents/GitHub/MyProject-River/Content/Variant_TwinStick/Blueprints/Goals.uasset" 3851
"C:/Users/WenzinOL/Documents/GitHub/MyProject-River/Content/Variant_TwinStick/Blueprints/Armors.uasset" 3852
"C:/Users/WenzinOL/Documents/GitHub/MyProject-River/Content/Variant_TwinStick/Sound/Music/GauntletSong_5Loop.uasset" 3853
"C:/Users/WenzinOL/Documents/GitHub/MyProject-River/Content/Variant_TwinStick/game_save.uasset" 3854
"C:/Users/WenzinOL/Documents/GitHub/MyProject-River/Content/Variant_TwinStick/Blueprints/BPI_Twinstick.uasset" 3855
"C:/Users/WenzinOL/Documents/GitHub/MyProject-River/Content/Variant_TwinStick/Blueprints/Weapons.uasset" 3856
"C:/Users/WenzinOL/Documents/GitHub/MyProject-River/Content/Variant_TwinStick/Blueprints/GameInstance/GameInstance_GLADIATOR.uasset" 3857
"../../../Engine/Plugins/Interchange/Assets/Content/Functions/MX_Transmission.uasset" 3858
"../../../Engine/Content/Functions/Engine_MaterialFunctions01/Volumetrics/BeersLaw.uasset" 3859
"../../../Engine/Plugins/Interchange/Assets/Content/gltf/MaterialInstances/MI_SpecularGlossiness_Mask_DS.uasset" 3860
"C:/Users/WenzinOL/Documents/GitHub/MyProject-River/Content/Variant_TwinStick/UI/HiPaint_1767594221353.uasset" 3861
"C:/Users/WenzinOL/Documents/GitHub/MyProject-River/Content/Variant_TwinStick/Sound/HIM/thud-sound-effect-405470.uasset" 3862
"../../../Engine/Plugins/Interchange/Assets/Content/gltf/MaterialInstances/MI_SpecularGlossiness_Blend_DS.uasset" 3863
"../../../Engine/Plugins/Interchange/Assets/Content/Functions/MX_StandardSurface.uasset" 3864
"../../../Engine/Content/Functions/Substrate/MF_SchlickInternal.uasset" 3865
"../../../Engine/Plugins/Interchange/Assets/Content/Functions/MX_TransmissionSurface.uasset" 3866
"../../../Engine/Plugins/Interchange/Assets/Content/Functions/MX_OpenPBR_Translucent.uasset" 3867
"../../../Engine/Plugins/Interchange/Assets/Content/Functions/MF_OrenNayerView.uasset" 3868
"/InterchangeAssets/gltf/MaterialBodies/MF_SpecularGlossiness_Body" 3869
"/InterchangeAssets/gltf/MaterialInstances/MI_SpecularGlossiness_Opaque_DS" 3870
"/InterchangeAssets/gltf/MaterialInstances/MI_SpecularGlossiness_Blend" 3871
"/InterchangeAssets/gltf/MaterialInstances/MI_SpecularGlossiness_Mask" 3872
"/InterchangeAssets/gltf/MaterialInstances/MI_SpecularGlossiness_Opaque" 3873
"/InterchangeAssets/Functions/MX_OpenPBR_Translucent" 3874
"../../../Engine/Plugins/Interchange/Assets/Content/gltf/MaterialInstances/MI_Unlit_Mask.uasset" 3875
"../../../Engine/Plugins/Interchange/Assets/Content/gltf/M_Unlit.uasset" 3876
"../../../Engine/Plugins/Interchange/Assets/Content/gltf/MaterialInstances/MI_Unlit_Opaque_DS.uasset" 3877
"../../../Engine/Plugins/Interchange/Assets/Content/gltf/MaterialInstances/MI_Unlit_Mask_DS.uasset" 3878
"../../../Engine/Plugins/Interchange/Assets/Content/Functions/MX_OpenPBR_Opaque.uasset" 3879
"../../../Engine/Plugins/Interchange/Assets/Content/gltf/MaterialInstances/MI_Unlit_Blend_DS.uasset" 3880
"../../../Engine/Plugins/Interchange/Assets/Content/gltf/MaterialInstances/MI_Unlit_Opaque.uasset" 3881
"../../../Engine/Plugins/Interchange/Assets/Content/gltf/MaterialBodies/MF_Unlit_Body.uasset" 3882
"../../../Engine/Plugins/Interchange/Assets/Content/gltf/MaterialInstances/MI_Unlit_Blend.uasset" 3883
"/Game/Variant_TwinStick/LEVELS/TheLevelsThatArentTheGameplay/LVL_MAINMENU" 3884
"../../../../../Users/WenzinOL/Documents/GitHub/MyProject-River/Content/Variant_TwinStick/LEVELS/TheLevelsThatArentTheGameplay/LVL_MAINMENU.umap" 3885
"/Game/Variant_TwinStick/LEVELS/TheLevelsThatArentTheGameplay/LVL_OPTIONS" 3886
"../../../../../Users/WenzinOL/Documents/GitHub/MyProject-River/Content/Variant_TwinStick/LEVELS/TheLevelsThatArentTheGameplay/LVL_OPTIONS.umap" 3887
"/InterchangeAssets/gltf/MaterialInstances/MI_SpecularGlossiness_Blend_DS" 3888
"/InterchangeAssets/gltf/MaterialInstances/MI_SpecularGlossiness_Mask_DS" 3889
"/InterchangeAssets/Functions/MX_OpenPBR_Opaque" 3890
"../../../Engine/Plugins/Animation/ControlRig/Content/Controls/ControlRig_Arrow4_solid.uasset" 3891
"../../../Engine/Plugins/Animation/ControlRig/Content/Controls/ControlRig_Sphere_solid.uasset" 3892
"../../../Engine/Plugins/Animation/ControlRig/Content/Controls/ControlRig_Arrow2_solid.uasset" 3893
"../../../Engine/Plugins/Animation/ControlRig/Content/Controls/ControlRig_Arrow4_3mm.uasset" 3894
"/InterchangeAssets/gltf/MaterialInstances/MI_Unlit_Blend_DS" 3895
"../../../Engine/Plugins/Animation/ControlRig/Content/Controls/ControlRig_Arrow2_3mm.uasset" 3896
"../../../Engine/Plugins/Animation/ControlRig/Content/Controls/ControlRig_Arrow2_1mm.uasset" 3897
"../../../Engine/Plugins/Animation/ControlRig/Content/Controls/ControlRig_Box_solid.uasset" 3898
"../../../Engine/Plugins/Animation/ControlRig/Content/Controls/ControlRig_Arrow_solid.uasset" 3899
"../../../Engine/Plugins/Animation/ControlRig/Content/Controls/ControlRig_Box_1mm.uasset" 3900
"../../../Engine/Plugins/Animation/ControlRig/Content/Controls/ControlRig_Circle_1mm.uasset" 3901
"../../../Engine/Plugins/Animation/ControlRig/Content/Controls/ControlRig_Arrow_3mm.uasset" 3902
"../../../Engine/Plugins/Animation/ControlRig/Content/Controls/ControlRig_Arrow4_1mm.uasset" 3903
"../../../Engine/Plugins/Animation/ControlRig/Content/Controls/ControlRig_Box_3mm.uasset" 3904
"/InterchangeAssets/gltf/MaterialInstances/MI_Unlit_Mask_DS" 3905
"../../../Engine/Plugins/Animation/ControlRig/Content/Controls/ControlRig_Arrow_1mm.uasset" 3906
"/InterchangeAssets/gltf/MaterialInstances/MI_Unlit_Opaque_DS" 3907
"/InterchangeAssets/gltf/MaterialInstances/MI_Unlit_Blend" 3908
"/InterchangeAssets/gltf/MaterialInstances/MI_Unlit_Mask" 3909
"/InterchangeAssets/gltf/MaterialInstances/MI_Unlit_Opaque" 3910
"../../../Engine/Plugins/Animation/ControlRig/Content/Controls/ControlRig_Diamond_solid.uasset" 3911
"../../../Engine/Plugins/Animation/ControlRig/Content/Controls/ControlRig_Diamond_1mm.uasset" 3912
"../../../Engine/Plugins/Animation/ControlRig/Content/Controls/ControlRig_Circle_solid.uasset" 3913
"../../../Engine/Plugins/Animation/ControlRig/Content/Controls/ControlRig_Diamond_3mm.uasset" 3914
"../../../Engine/Plugins/Animation/ControlRig/Content/Controls/ControlRig_HalfCircle_3mm.uasset" 3915
"../../../Engine/Plugins/Animation/ControlRig/Content/Controls/ControlRig_Circle_3mm.uasset" 3916
"../../../Engine/Plugins/Animation/ControlRig/Content/Controls/ControlRig_HalfCircle_solid.uasset" 3917
"../../../Engine/Plugins/Animation/ControlRig/Content/Controls/ControlRig_HalfCircle_1mm.uasset" 3918
"/ControlRig/Controls/ControlRig_HalfCircle_solid" 3919
"/ControlRig/Controls/ControlRig_HalfCircle_3mm" 3920
"/ControlRig/Controls/ControlRig_HalfCircle_1mm" 3921
"/ControlRig/Controls/ControlRig_Diamond_solid" 3922
"/ControlRig/Controls/ControlRig_Diamond_3mm" 3923
"/ControlRig/Controls/ControlRig_Diamond_1mm" 3924
"/ControlRig/Controls/ControlRig_Circle_solid" 3925
"/ControlRig/Controls/ControlRig_Circle_3mm" 3926
"/ControlRig/Controls/ControlRig_Circle_1mm" 3927
"/ControlRig/Controls/ControlRig_Box_solid" 3928
"/ControlRig/Controls/ControlRig_Box_3mm" 3929
"/ControlRig/Controls/ControlRig_Box_1mm" 3930
"/ControlRig/Controls/ControlRig_Arrow_solid" 3931
"/ControlRig/Controls/ControlRig_Arrow_3mm" 3932
"../../../Engine/Plugins/Animation/ControlRig/Content/Controls/ControlRig_Hexagon_solid.uasset" 3933
"../../../Engine/Plugins/Animation/ControlRig/Content/Controls/ControlRig_Pyramid_solid.uasset" 3934
"../../../Engine/Plugins/Animation/ControlRig/Content/Controls/ControlRig_Hexagon_1mm.uasset" 3935
"../../../Engine/Plugins/Animation/ControlRig/Content/Controls/ControlRig_Hexagon_3mm.uasset" 3936
"../../../Engine/Plugins/Animation/ControlRig/Content/Controls/ControlRig_Pyramid_3mm.uasset" 3937
"../../../Engine/Plugins/Animation/ControlRig/Content/Controls/ControlRig_Octagon_3mm.uasset" 3938
"../../../Engine/Plugins/Animation/ControlRig/Content/Controls/ControlRig_Octagon_1mm.uasset" 3939
"../../../Engine/Plugins/Animation/ControlRig/Content/Controls/ControlRig_Pyramid_1mm.uasset" 3940
"../../../Engine/Plugins/Animation/ControlRig/Content/Controls/ControlRig_Octagon_solid.uasset" 3941
"/ControlRig/Controls/ControlRig_Arrow_1mm" 3942
"../../../Engine/Plugins/Animation/ControlRig/Content/Controls/ControlRig_QuarterCircle_1mm.uasset" 3943
"/ControlRig/Controls/ControlRig_Arrow4_solid" 3944
"/ControlRig/Controls/ControlRig_Arrow4_3mm" 3945
"/ControlRig/Controls/ControlRig_Arrow4_1mm" 3946
"/ControlRig/Controls/ControlRig_Arrow2_solid" 3947
"/ControlRig/Controls/ControlRig_Arrow2_3mm" 3948
"/ControlRig/Controls/ControlRig_Arrow2_1mm" 3949
"/ControlRig/Controls/ControlRig_Sphere_solid" 3950
"/ControlRig/Controls/ControlRig_QuarterCircle_1mm" 3951
"/ControlRig/Controls/ControlRig_Pyramid_solid" 3952
"/ControlRig/Controls/ControlRig_Pyramid_3mm" 3953
"/ControlRig/Controls/ControlRig_Pyramid_1mm" 3954
"/ControlRig/Controls/ControlRig_Octagon_solid" 3955
"/ControlRig/Controls/ControlRig_Octagon_3mm" 3956
"/ControlRig/Controls/ControlRig_Octagon_1mm" 3957
"../../../Engine/Plugins/Animation/ControlRig/Content/Controls/ControlRig_Sphere_1mm.uasset" 3958
"../../../Engine/Plugins/Animation/ControlRig/Content/Controls/ControlRig_RoundedSquare_1mm.uasset" 3959
"../../../Engine/Plugins/Animation/ControlRig/Content/Controls/ControlRig_RoundedTriangle_3mm.uasset" 3960
"../../../Engine/Plugins/Animation/ControlRig/Content/Controls/ControlRig_RoundedSquare_solid.uasset" 3961
"../../../Engine/Plugins/Animation/ControlRig/Content/Controls/ControlRig_Sphere_3mm.uasset" 3962
"/ControlRig/Controls/ControlRig_Hexagon_solid" 3963
"/ControlRig/Controls/ControlRig_Hexagon_3mm" 3964
"/ControlRig/Controls/ControlRig_Hexagon_1mm" 3965
"../../../Engine/Plugins/Animation/ControlRig/Content/Controls/ControlRig_QuarterCircle_3mm.uasset" 3966
"../../../Engine/Plugins/Animation/ControlRig/Content/Controls/ControlRig_RoundedTriangle_solid.uasset" 3967
"../../../Engine/Plugins/Animation/ControlRig/Content/Controls/ControlRig_RoundedTriangle_1mm.uasset" 3968
"../../../Engine/Plugins/Animation/ControlRig/Content/Controls/ControlRig_RoundedSquare_3mm.uasset" 3969
"../../../Engine/Plugins/Animation/ControlRig/Content/Controls/ControlRig_Square_3mm.uasset" 3970
"../../../Engine/Plugins/Animation/ControlRig/Content/Controls/ControlRig_Square_1mm.uasset" 3971
"../../../Engine/Plugins/Animation/ControlRig/Content/Controls/ControlRig_Square_solid.uasset" 3972
"../../../Engine/Plugins/Animation/ControlRig/Content/Controls/ControlRig_Star4_solid.uasset" 3973
"../../../Engine/Plugins/Animation/ControlRig/Content/Controls/ControlRig_Triangle_3mm.uasset" 3974
"../../../Engine/Plugins/Animation/ControlRig/Content/Controls/ControlRig_Star4_3mm.uasset" 3975
"../../../Engine/Plugins/Animation/ControlRig/Content/Controls/ControlRig_Triangle_1mm.uasset" 3976
"../../../Engine/Plugins/Animation/ControlRig/Content/Controls/ControlRig_QuarterCircle_solid.uasset" 3977
"../../../Engine/Plugins/Animation/ControlRig/Content/Controls/ControlRig_Star4_1mm.uasset" 3978
"../../../Engine/Plugins/Animation/ControlRig/Content/Controls/ControlRig_Wedge_3mm.uasset" 3979
"../../../Engine/Plugins/Animation/ControlRig/Content/Controls/ControlRig_Triangle_solid.uasset" 3980
"../../../Engine/Plugins/Animation/ControlRig/Content/Controls/ControlRig_Wedge_solid.uasset" 3981
"../../../Engine/Plugins/Animation/ControlRig/Content/Controls/ControlRig_Wedge_1mm.uasset" 3982
"/ControlRig/Controls/ControlRig_Wedge_solid" 3983
"/ControlRig/Controls/ControlRig_Wedge_3mm" 3984
"/ControlRig/Controls/ControlRig_Wedge_1mm" 3985
"/ControlRig/Controls/ControlRig_Triangle_solid" 3986
"/ControlRig/Controls/ControlRig_Triangle_3mm" 3987
"/ControlRig/Controls/ControlRig_Triangle_1mm" 3988
"/ControlRig/Controls/ControlRig_Star4_solid" 3989
"/ControlRig/Controls/ControlRig_Star4_3mm" 3990
"/ControlRig/Controls/ControlRig_Star4_1mm" 3991
"../../../Engine/Content/Maps/Entry_BuiltData.uasset" 3992
"/ControlRig/Controls/ControlRig_Square_solid" 3993
"/ControlRig/Controls/ControlRig_Square_3mm" 3994
"/ControlRig/Controls/ControlRig_Square_1mm" 3995
"/ControlRig/Controls/ControlRig_Sphere_3mm" 3996
"/ControlRig/Controls/ControlRig_Sphere_1mm" 3997
"/ControlRig/Controls/ControlRig_RoundedTriangle_solid" 3998
"/ControlRig/Controls/ControlRig_RoundedTriangle_3mm" 3999
"../../../Engine/Content/Maps/Entry.umap" 4000
"/ControlRig/Controls/ControlRig_RoundedTriangle_1mm" 4001
"/ControlRig/Controls/ControlRig_RoundedSquare_solid" 4002
"/ControlRig/Controls/ControlRig_RoundedSquare_3mm" 4003
"/ControlRig/Controls/ControlRig_RoundedSquare_1mm" 4004
"/ControlRig/Controls/ControlRig_QuarterCircle_solid" 4005
"/ControlRig/Controls/ControlRig_QuarterCircle_3mm" 4006
"../../../Engine/Content/EditorMaterials/PreviewShadowIndicator.uasset" 4007
"../../../Engine/Content/EditorMaterials/PreviewShadowIndicatorMaterial.uasset" 4008
"../../../Engine/Content/EngineMaterials/Substrate/GLints/dict_16_192_64_0p5_0p02_0000_0000.uasset" 4009
"../../../Engine/Content/EngineMaterials/Substrate/GLints/dict_16_192_64_0p5_0p02_0000_0001.uasset" 4010
"../../../Engine/Content/EngineMaterials/Substrate/GLints/dict_16_192_64_0p5_0p02_0000_0002.uasset" 4011
"../../../Engine/Content/EngineMaterials/Substrate/GLints/dict_16_192_64_0p5_0p02_0000_0004.uasset" 4012
"../../../Engine/Content/EngineMaterials/Substrate/GLints/dict_16_192_64_0p5_0p02_0000_0003.uasset" 4013
"../../../Engine/Content/EngineMaterials/Substrate/GLints/dict_16_192_64_0p5_0p02_0000_0005.uasset" 4014
"../../../Engine/Content/EngineMaterials/Substrate/GLints/dict_16_192_64_0p5_0p02_0000_0006.uasset" 4015
"../../../Engine/Content/EngineMaterials/Substrate/GLints/dict_16_192_64_0p5_0p02_0000_0008.uasset" 4016
"../../../Engine/Content/EngineMaterials/Substrate/GLints/dict_16_192_64_0p5_0p02_0000_0009.uasset" 4017
"../../../Engine/Content/EngineMaterials/Substrate/GLints/dict_16_192_64_0p5_0p02_0000_0007.uasset" 4018
"../../../Engine/Content/EngineMaterials/Substrate/GLints/dict_16_192_64_0p5_0p02_0000_0010.uasset" 4019
"/Engine/Maps/Entry" 4020
"../../../Engine/Content/EngineMaterials/Substrate/GLints/dict_16_192_64_0p5_0p02_0000_0014.uasset" 4021
"../../../Engine/Content/EngineMaterials/Substrate/GLints/dict_16_192_64_0p5_0p02_0000_0012.uasset" 4022
"../../../Engine/Content/EngineMaterials/Substrate/GLints/dict_16_192_64_0p5_0p02_0000_0011.uasset" 4023
"../../../Engine/Content/EngineMaterials/Substrate/GLints/dict_16_192_64_0p5_0p02_0000_0013.uasset" 4024
"/Engine/EngineMaterials/Substrate/GLints/dict_16_192_64_0p5_0p02_0000_0014" 4025
"/Engine/EngineMaterials/Substrate/GLints/dict_16_192_64_0p5_0p02_0000_0013" 4026
"/Engine/EngineMaterials/Substrate/GLints/dict_16_192_64_0p5_0p02_0000_0012" 4027
"/Engine/EngineMaterials/Substrate/GLints/dict_16_192_64_0p5_0p02_0000_0011" 4028
"/Engine/EngineMaterials/Substrate/GLints/dict_16_192_64_0p5_0p02_0000_0010" 4029
"/Engine/EngineMaterials/Substrate/GLints/dict_16_192_64_0p5_0p02_0000_0009" 4030
"/Engine/EngineMaterials/Substrate/GLints/dict_16_192_64_0p5_0p02_0000_0008" 4031
"/Engine/EngineMaterials/Substrate/GLints/dict_16_192_64_0p5_0p02_0000_0007" 4032
"/Engine/EngineMaterials/Substrate/GLints/dict_16_192_64_0p5_0p02_0000_0006" 4033
"/Engine/EngineMaterials/Substrate/GLints/dict_16_192_64_0p5_0p02_0000_0005" 4034
"/Engine/EngineMaterials/Substrate/GLints/dict_16_192_64_0p5_0p02_0000_0004" 4035
"/Engine/EngineMaterials/Substrate/GLints/dict_16_192_64_0p5_0p02_0000_0003" 4036
"/Engine/EngineMaterials/Substrate/GLints/dict_16_192_64_0p5_0p02_0000_0002" 4037
"/Engine/EngineMaterials/Substrate/GLints/dict_16_192_64_0p5_0p02_0000_0001" 4038
"../../../Engine/Content/EngineMaterials/Substrate/GLints/dict_16_192_64_0p5_0p02_0000_0015.uasset" 4039
"/Engine/EngineMaterials/Substrate/GLints/dict_16_192_64_0p5_0p02_0000_0000" 4040
"/Engine/EditorMaterials/PreviewShadowIndicatorMaterial" 4041
"../../../Engine/Content/EngineMaterials/Substrate/GLints/dict_16_192_64_0p5_0p02_0001_0000.uasset" 4042
"../../../Engine/Content/EngineMaterials/Substrate/GLints/dict_16_192_64_0p5_0p02_0001_0002.uasset" 4043
"../../../Engine/Content/EngineMaterials/Substrate/GLints/dict_16_192_64_0p5_0p02_0001_0004.uasset" 4044
"../../../Engine/Content/EngineMaterials/Substrate/GLints/dict_16_192_64_0p5_0p02_0001_0003.uasset" 4045
"../../../Engine/Content/EngineMaterials/Substrate/GLints/dict_16_192_64_0p5_0p02_0001_0001.uasset" 4046
"../../../Engine/Content/EngineMaterials/Substrate/GLints/dict_16_192_64_0p5_0p02_0001_0006.uasset" 4047
"../../../Engine/Content/EngineMaterials/Substrate/GLints/dict_16_192_64_0p5_0p02_0001_0009.uasset" 4048
"../../../Engine/Content/EngineMaterials/Substrate/GLints/dict_16_192_64_0p5_0p02_0001_0008.uasset" 4049
"../../../Engine/Content/EngineMaterials/Substrate/GLints/dict_16_192_64_0p5_0p02_0001_0007.uasset" 4050
"../../../Engine/Content/EngineMaterials/Substrate/GLints/dict_16_192_64_0p5_0p02_0001_0012.uasset" 4051
"../../../Engine/Content/EngineMaterials/Substrate/GLints/dict_16_192_64_0p5_0p02_0001_0011.uasset" 4052
"../../../Engine/Content/EngineMaterials/Substrate/GLints/dict_16_192_64_0p5_0p02_0001_0005.uasset" 4053
"../../../Engine/Content/EngineMaterials/Substrate/GLints/dict_16_192_64_0p5_0p02_0001_0010.uasset" 4054
"../../../Engine/Content/EngineMaterials/Substrate/GLints/dict_16_192_64_0p5_0p02_0001_0013.uasset" 4055
"../../../Engine/Content/EngineMaterials/Substrate/GLints/dict_16_192_64_0p5_0p02_0002_0000.uasset" 4056
"../../../Engine/Content/EngineMaterials/Substrate/GLints/dict_16_192_64_0p5_0p02_0002_0010.uasset" 4057
"../../../Engine/Content/EngineMaterials/Substrate/GLints/dict_16_192_64_0p5_0p02_0002_0005.uasset" 4058
"../../../Engine/Content/EngineMaterials/Substrate/GLints/dict_16_192_64_0p5_0p02_0002_0006.uasset" 4059
"../../../Engine/Content/EngineMaterials/Substrate/GLints/dict_16_192_64_0p5_0p02_0001_0014.uasset" 4060
"../../../Engine/Content/EngineMaterials/Substrate/GLints/dict_16_192_64_0p5_0p02_0002_0003.uasset" 4061
"../../../Engine/Content/EngineMaterials/Substrate/GLints/dict_16_192_64_0p5_0p02_0002_0001.uasset" 4062
"../../../Engine/Content/EngineMaterials/Substrate/GLints/dict_16_192_64_0p5_0p02_0002_0004.uasset" 4063
"../../../Engine/Content/EngineMaterials/Substrate/GLints/dict_16_192_64_0p5_0p02_0002_0002.uasset" 4064
"../../../Engine/Content/EngineMaterials/Substrate/GLints/dict_16_192_64_0p5_0p02_0001_0015.uasset" 4065
"../../../Engine/Content/EngineMaterials/Substrate/GLints/dict_16_192_64_0p5_0p02_0002_0009.uasset" 4066
"../../../Engine/Content/EngineMaterials/Substrate/GLints/dict_16_192_64_0p5_0p02_0002_0007.uasset" 4067
"../../../Engine/Content/EngineMaterials/Substrate/GLints/dict_16_192_64_0p5_0p02_0002_0008.uasset" 4068
"../../../Engine/Content/EngineMaterials/Substrate/GLints/dict_16_192_64_0p5_0p02_0002_0014.uasset" 4069
"../../../Engine/Content/EngineMaterials/Substrate/GLints/dict_16_192_64_0p5_0p02_0002_0013.uasset" 4070
"../../../Engine/Content/EngineMaterials/Substrate/GLints/dict_16_192_64_0p5_0p02_0002_0011.uasset" 4071
"../../../Engine/Content/EngineMaterials/Substrate/GLints/dict_16_192_64_0p5_0p02_0002_0012.uasset" 4072
"/Engine/EngineMaterials/Substrate/GLints/dict_16_192_64_0p5_0p02_0001_0007" 4073
"/Engine/EngineMaterials/Substrate/GLints/dict_16_192_64_0p5_0p02_0001_0006" 4074
"/Engine/EngineMaterials/Substrate/GLints/dict_16_192_64_0p5_0p02_0001_0003" 4075
"/Engine/EngineMaterials/Substrate/GLints/dict_16_192_64_0p5_0p02_0001_0005" 4076
"/Engine/EngineMaterials/Substrate/GLints/dict_16_192_64_0p5_0p02_0001_0002" 4077
"/Engine/EngineMaterials/Substrate/GLints/dict_16_192_64_0p5_0p02_0001_0004" 4078
"/Engine/EngineMaterials/Substrate/GLints/dict_16_192_64_0p5_0p02_0001_0013" 4079
"/Engine/EngineMaterials/Substrate/GLints/dict_16_192_64_0p5_0p02_0001_0001" 4080
"/Engine/EngineMaterials/Substrate/GLints/dict_16_192_64_0p5_0p02_0001_0000" 4081
"/Engine/EngineMaterials/Substrate/GLints/dict_16_192_64_0p5_0p02_0000_0015" 4082
"/Engine/EngineMaterials/Substrate/GLints/dict_16_192_64_0p5_0p02_0001_0012" 4083
"/Engine/EngineMaterials/Substrate/GLints/dict_16_192_64_0p5_0p02_0001_0011" 4084
"/Engine/EngineMaterials/Substrate/GLints/dict_16_192_64_0p5_0p02_0001_0010" 4085
"/Engine/EngineMaterials/Substrate/GLints/dict_16_192_64_0p5_0p02_0001_0009" 4086
"/Engine/EngineMaterials/Substrate/GLints/dict_16_192_64_0p5_0p02_0001_0008" 4087
"/Engine/EngineMaterials/Substrate/GLints/dict_16_192_64_0p5_0p02_0002_0014" 4088
"/Engine/EngineMaterials/Substrate/GLints/dict_16_192_64_0p5_0p02_0002_0013" 4089
"/Engine/EngineMaterials/Substrate/GLints/dict_16_192_64_0p5_0p02_0002_0012" 4090
"/Engine/EngineMaterials/Substrate/GLints/dict_16_192_64_0p5_0p02_0002_0011" 4091
"/Engine/EngineMaterials/Substrate/GLints/dict_16_192_64_0p5_0p02_0002_0010" 4092
"/Engine/EngineMaterials/Substrate/GLints/dict_16_192_64_0p5_0p02_0002_0009" 4093
"/Engine/EngineMaterials/Substrate/GLints/dict_16_192_64_0p5_0p02_0002_0008" 4094
"/Engine/EngineMaterials/Substrate/GLints/dict_16_192_64_0p5_0p02_0002_0007" 4095
"/Engine/EngineMaterials/Substrate/GLints/dict_16_192_64_0p5_0p02_0002_0006" 4096
"/Engine/EngineMaterials/Substrate/GLints/dict_16_192_64_0p5_0p02_0002_0005" 4097
"/Engine/EngineMaterials/Substrate/GLints/dict_16_192_64_0p5_0p02_0002_0004" 4098
"/Engine/EngineMaterials/Substrate/GLints/dict_16_192_64_0p5_0p02_0002_0003" 4099
"/Engine/EngineMaterials/Substrate/GLints/dict_16_192_64_0p5_0p02_0002_0002" 4100
"/Engine/EngineMaterials/Substrate/GLints/dict_16_192_64_0p5_0p02_0002_0001" 4101
"/Engine/EngineMaterials/Substrate/GLints/dict_16_192_64_0p5_0p02_0002_0000" 4102
"/Engine/EngineMaterials/Substrate/GLints/dict_16_192_64_0p5_0p02_0001_0015" 4103
"/Engine/EngineMaterials/Substrate/GLints/dict_16_192_64_0p5_0p02_0001_0014" 4104
"../../../Engine/Content/EngineMaterials/Substrate/GLints/dict_16_192_64_0p5_0p02_0003_0001.uasset" 4105
"../../../Engine/Content/EngineMaterials/Substrate/GLints/dict_16_192_64_0p5_0p02_0003_0003.uasset" 4106
"../../../Engine/Content/EngineMaterials/Substrate/GLints/dict_16_192_64_0p5_0p02_0003_0000.uasset" 4107
"../../../Engine/Content/EngineMaterials/Substrate/GLints/dict_16_192_64_0p5_0p02_0003_0002.uasset" 4108
"../../../Engine/Content/EngineMaterials/Substrate/GLints/dict_16_192_64_0p5_0p02_0002_0015.uasset" 4109
"../../../Engine/Content/EngineMaterials/Substrate/GLints/dict_16_192_64_0p5_0p02_0003_0004.uasset" 4110
"../../../Engine/Content/EngineMaterials/Substrate/GLints/dict_16_192_64_0p5_0p02_0003_0005.uasset" 4111
"../../../Engine/Content/EngineMaterials/Substrate/GLints/dict_16_192_64_0p5_0p02_0003_0006.uasset" 4112
"../../../Engine/Content/EngineMaterials/Substrate/GLints/dict_16_192_64_0p5_0p02_0003_0007.uasset" 4113
"../../../Engine/Content/EngineMaterials/Substrate/GLints/dict_16_192_64_0p5_0p02_0003_0009.uasset" 4114
"../../../Engine/Content/EngineMaterials/Substrate/GLints/dict_16_192_64_0p5_0p02_0003_0008.uasset" 4115
"../../../Engine/Content/EngineMaterials/Substrate/GLints/dict_16_192_64_0p5_0p02_0003_0011.uasset" 4116
"../../../Engine/Content/EngineMaterials/Substrate/GLints/dict_16_192_64_0p5_0p02_0003_0012.uasset" 4117
"../../../Engine/Content/EngineMaterials/Substrate/GLints/dict_16_192_64_0p5_0p02_0003_0010.uasset" 4118
"../../../Engine/Content/EngineMaterials/Substrate/GLints/dict_16_192_64_0p5_0p02_0003_0013.uasset" 4119
"../../../Engine/Content/EngineMaterials/Substrate/GLints/dict_16_192_64_0p5_0p02_0003_0014.uasset" 4120
"../../../Engine/Content/EngineMaterials/Substrate/GLints/dict_16_192_64_0p5_0p02_0004_0002.uasset" 4121
"../../../Engine/Content/EngineMaterials/Substrate/GLints/dict_16_192_64_0p5_0p02_0003_0015.uasset" 4122
"../../../Engine/Content/EngineMaterials/Substrate/GLints/dict_16_192_64_0p5_0p02_0004_0000.uasset" 4123
"../../../Engine/Content/EngineMaterials/Substrate/GLints/dict_16_192_64_0p5_0p02_0004_0003.uasset" 4124
"../../../Engine/Content/EngineMaterials/Substrate/GLints/dict_16_192_64_0p5_0p02_0004_0005.uasset" 4125
"../../../Engine/Content/EngineMaterials/Substrate/GLints/dict_16_192_64_0p5_0p02_0004_0001.uasset" 4126
"../../../Engine/Content/EngineMaterials/Substrate/GLints/dict_16_192_64_0p5_0p02_0004_0004.uasset" 4127
"../../../Engine/Content/EngineMaterials/Substrate/GLints/dict_16_192_64_0p5_0p02_0004_0007.uasset" 4128
"../../../Engine/Content/EngineMaterials/Substrate/GLints/dict_16_192_64_0p5_0p02_0004_0008.uasset" 4129
"../../../Engine/Content/EngineMaterials/Substrate/GLints/dict_16_192_64_0p5_0p02_0004_0006.uasset" 4130
"../../../Engine/Content/EngineMaterials/Substrate/GLints/dict_16_192_64_0p5_0p02_0004_0009.uasset" 4131
"../../../Engine/Content/EngineMaterials/Substrate/GLints/dict_16_192_64_0p5_0p02_0004_0012.uasset" 4132
"../../../Engine/Content/EngineMaterials/Substrate/GLints/dict_16_192_64_0p5_0p02_0004_0011.uasset" 4133
"../../../Engine/Content/EngineMaterials/Substrate/GLints/dict_16_192_64_0p5_0p02_0004_0010.uasset" 4134
"../../../Engine/Content/EngineMaterials/Substrate/GLints/dict_16_192_64_0p5_0p02_0004_0013.uasset" 4135
"../../../Engine/Content/EngineMaterials/Substrate/GLints/dict_16_192_64_0p5_0p02_0004_0014.uasset" 4136
"/Engine/EngineMaterials/Substrate/GLints/dict_16_192_64_0p5_0p02_0003_0013" 4137
"/Engine/EngineMaterials/Substrate/GLints/dict_16_192_64_0p5_0p02_0003_0012" 4138
"/Engine/EngineMaterials/Substrate/GLints/dict_16_192_64_0p5_0p02_0003_0011" 4139
"/Engine/EngineMaterials/Substrate/GLints/dict_16_192_64_0p5_0p02_0003_0010" 4140
"/Engine/EngineMaterials/Substrate/GLints/dict_16_192_64_0p5_0p02_0003_0009" 4141
"/Engine/EngineMaterials/Substrate/GLints/dict_16_192_64_0p5_0p02_0003_0008" 4142
"/Engine/EngineMaterials/Substrate/GLints/dict_16_192_64_0p5_0p02_0003_0007" 4143
"/Engine/EngineMaterials/Substrate/GLints/dict_16_192_64_0p5_0p02_0003_0006" 4144
"/Engine/EngineMaterials/Substrate/GLints/dict_16_192_64_0p5_0p02_0003_0005" 4145
"/Engine/EngineMaterials/Substrate/GLints/dict_16_192_64_0p5_0p02_0003_0004" 4146
"/Engine/EngineMaterials/Substrate/GLints/dict_16_192_64_0p5_0p02_0004_0014" 4147
"/Engine/EngineMaterials/Substrate/GLints/dict_16_192_64_0p5_0p02_0004_0013" 4148
"/Engine/EngineMaterials/Substrate/GLints/dict_16_192_64_0p5_0p02_0004_0012" 4149
"/Engine/EngineMaterials/Substrate/GLints/dict_16_192_64_0p5_0p02_0004_0011" 4150
"/Engine/EngineMaterials/Substrate/GLints/dict_16_192_64_0p5_0p02_0004_0010" 4151
"/Engine/EngineMaterials/Substrate/GLints/dict_16_192_64_0p5_0p02_0004_0009" 4152
"/Engine/EngineMaterials/Substrate/GLints/dict_16_192_64_0p5_0p02_0004_0008" 4153
"/Engine/EngineMaterials/Substrate/GLints/dict_16_192_64_0p5_0p02_0004_0007" 4154
"/Engine/EngineMaterials/Substrate/GLints/dict_16_192_64_0p5_0p02_0004_0006" 4155
"/Engine/EngineMaterials/Substrate/GLints/dict_16_192_64_0p5_0p02_0004_0005" 4156
"/Engine/EngineMaterials/Substrate/GLints/dict_16_192_64_0p5_0p02_0004_0004" 4157
"/Engine/EngineMaterials/Substrate/GLints/dict_16_192_64_0p5_0p02_0004_0003" 4158
"/Engine/EngineMaterials/Substrate/GLints/dict_16_192_64_0p5_0p02_0004_0002" 4159
"/Engine/EngineMaterials/Substrate/GLints/dict_16_192_64_0p5_0p02_0003_0003" 4160
"/Engine/EngineMaterials/Substrate/GLints/dict_16_192_64_0p5_0p02_0004_0001" 4161
"/Engine/EngineMaterials/Substrate/GLints/dict_16_192_64_0p5_0p02_0003_0002" 4162
"/Engine/EngineMaterials/Substrate/GLints/dict_16_192_64_0p5_0p02_0003_0001" 4163
"/Engine/EngineMaterials/Substrate/GLints/dict_16_192_64_0p5_0p02_0004_0000" 4164
"/Engine/EngineMaterials/Substrate/GLints/dict_16_192_64_0p5_0p02_0003_0015" 4165
"/Engine/EngineMaterials/Substrate/GLints/dict_16_192_64_0p5_0p02_0003_0014" 4166
"/Engine/EngineMaterials/Substrate/GLints/dict_16_192_64_0p5_0p02_0003_0000" 4167
"/Engine/EngineMaterials/Substrate/GLints/dict_16_192_64_0p5_0p02_0002_0015" 4168
"../../../Engine/Content/EngineMaterials/Substrate/GLints/dict_16_192_64_0p5_0p02_0005_0009.uasset" 4169
"../../../Engine/Content/EngineMaterials/Substrate/GLints/dict_16_192_64_0p5_0p02_0005_0008.uasset" 4170
"../../../Engine/Content/EngineMaterials/Substrate/GLints/dict_16_192_64_0p5_0p02_0004_0015.uasset" 4171
"../../../Engine/Content/EngineMaterials/Substrate/GLints/dict_16_192_64_0p5_0p02_0005_0003.uasset" 4172
"../../../Engine/Content/EngineMaterials/Substrate/GLints/dict_16_192_64_0p5_0p02_0005_0001.uasset" 4173
"../../../Engine/Content/EngineMaterials/Substrate/GLints/dict_16_192_64_0p5_0p02_0005_0005.uasset" 4174
"../../../Engine/Content/EngineMaterials/Substrate/GLints/dict_16_192_64_0p5_0p02_0005_0007.uasset" 4175
"../../../Engine/Content/EngineMaterials/Substrate/GLints/dict_16_192_64_0p5_0p02_0005_0011.uasset" 4176
"../../../Engine/Content/EngineMaterials/Substrate/GLints/dict_16_192_64_0p5_0p02_0005_0006.uasset" 4177
"../../../Engine/Content/EngineMaterials/Substrate/GLints/dict_16_192_64_0p5_0p02_0005_0010.uasset" 4178
"../../../Engine/Content/EngineMaterials/Substrate/GLints/dict_16_192_64_0p5_0p02_0005_0004.uasset" 4179
"../../../Engine/Content/EngineMaterials/Substrate/GLints/dict_16_192_64_0p5_0p02_0005_0012.uasset" 4180
"../../../Engine/Content/EngineMaterials/Substrate/GLints/dict_16_192_64_0p5_0p02_0005_0002.uasset" 4181
"../../../Engine/Content/EngineMaterials/Substrate/GLints/dict_16_192_64_0p5_0p02_0005_0000.uasset" 4182
"../../../Engine/Content/EngineMaterials/Substrate/GLints/dict_16_192_64_0p5_0p02_0006_0004.uasset" 4183
"../../../Engine/Content/EngineMaterials/Substrate/GLints/dict_16_192_64_0p5_0p02_0006_0002.uasset" 4184
"../../../Engine/Content/EngineMaterials/Substrate/GLints/dict_16_192_64_0p5_0p02_0006_0006.uasset" 4185
"../../../Engine/Content/EngineMaterials/Substrate/GLints/dict_16_192_64_0p5_0p02_0006_0000.uasset" 4186
"../../../Engine/Content/EngineMaterials/Substrate/GLints/dict_16_192_64_0p5_0p02_0005_0014.uasset" 4187
"../../../Engine/Content/EngineMaterials/Substrate/GLints/dict_16_192_64_0p5_0p02_0005_0013.uasset" 4188
"../../../Engine/Content/EngineMaterials/Substrate/GLints/dict_16_192_64_0p5_0p02_0006_0008.uasset" 4189
"../../../Engine/Content/EngineMaterials/Substrate/GLints/dict_16_192_64_0p5_0p02_0006_0003.uasset" 4190
"../../../Engine/Content/EngineMaterials/Substrate/GLints/dict_16_192_64_0p5_0p02_0005_0015.uasset" 4191
"../../../Engine/Content/EngineMaterials/Substrate/GLints/dict_16_192_64_0p5_0p02_0006_0007.uasset" 4192
"../../../Engine/Content/EngineMaterials/Substrate/GLints/dict_16_192_64_0p5_0p02_0006_0001.uasset" 4193
"../../../Engine/Content/EngineMaterials/Substrate/GLints/dict_16_192_64_0p5_0p02_0006_0009.uasset" 4194
"../../../Engine/Content/EngineMaterials/Substrate/GLints/dict_16_192_64_0p5_0p02_0006_0005.uasset" 4195
"../../../Engine/Content/EngineMaterials/Substrate/GLints/dict_16_192_64_0p5_0p02_0006_0010.uasset" 4196
"../../../Engine/Content/EngineMaterials/Substrate/GLints/dict_16_192_64_0p5_0p02_0006_0014.uasset" 4197
"../../../Engine/Content/EngineMaterials/Substrate/GLints/dict_16_192_64_0p5_0p02_0006_0011.uasset" 4198
"../../../Engine/Content/EngineMaterials/Substrate/GLints/dict_16_192_64_0p5_0p02_0006_0012.uasset" 4199
"../../../Engine/Content/EngineMaterials/Substrate/GLints/dict_16_192_64_0p5_0p02_0006_0013.uasset" 4200
"../../../Engine/Plugins/Animation/DeformerGraph/Shaders/Private/DataInterfaceCustomComputeKernel.ush" 4201
"../../../Engine/Plugins/Animation/DeformerGraph/Shaders/Private/DataInterfaceCloth.ush" 4202
"../../../Engine/Plugins/Animation/DeformerGraph/Shaders/Private/DataInterfaceSkinnedMeshRead.ush" 4203
"../../../Engine/Plugins/Animation/DeformerGraph/Shaders/Private/DataInterfaceSkeleton.ush" 4204
"../../../Engine/Plugins/Animation/DeformerGraph/Shaders/Private/DataInterfaceSkeletonCommon.ush" 4205
"../../../Engine/Plugins/Animation/DeformerGraph/Shaders/Private/DataInterfaceMorphTarget.ush" 4206
"../../../Engine/Plugins/Animation/DeformerGraph/Shaders/Private/DataInterfaceSkinnedMeshWrite.ush" 4207
"../../../Engine/Plugins/Animation/DeformerGraph/Shaders/Private/DataInterfaceRawBuffer.ush" 4208
"../../../Engine/Plugins/Runtime/ComputeFramework/Shaders/Private/BufferAlias.ush" 4209
"../../../Engine/Plugins/Animation/DeformerGraph/Shaders/Private/DataInterfaceSkinnedMesh.ush" 4210
"../../../Engine/Plugins/Animation/DeformerGraph/Shaders/Private/DataInterfaceHalfEdge.ush" 4211
"/Engine/EngineMaterials/Substrate/GLints/dict_16_192_64_0p5_0p02_0006_0014" 4212
"/Engine/EngineMaterials/Substrate/GLints/dict_16_192_64_0p5_0p02_0006_0013" 4213
"/Engine/EngineMaterials/Substrate/GLints/dict_16_192_64_0p5_0p02_0006_0012" 4214
"/Engine/EngineMaterials/Substrate/GLints/dict_16_192_64_0p5_0p02_0006_0011" 4215
"/Engine/EngineMaterials/Substrate/GLints/dict_16_192_64_0p5_0p02_0006_0010" 4216
"/Engine/EngineMaterials/Substrate/GLints/dict_16_192_64_0p5_0p02_0006_0009" 4217
"/Engine/EngineMaterials/Substrate/GLints/dict_16_192_64_0p5_0p02_0006_0008" 4218
"/Engine/EngineMaterials/Substrate/GLints/dict_16_192_64_0p5_0p02_0006_0007" 4219
"/Engine/EngineMaterials/Substrate/GLints/dict_16_192_64_0p5_0p02_0006_0006" 4220
"/Engine/EngineMaterials/Substrate/GLints/dict_16_192_64_0p5_0p02_0006_0005" 4221
"/Engine/EngineMaterials/Substrate/GLints/dict_16_192_64_0p5_0p02_0006_0004" 4222
"/Engine/EngineMaterials/Substrate/GLints/dict_16_192_64_0p5_0p02_0006_0003" 4223
"/Engine/EngineMaterials/Substrate/GLints/dict_16_192_64_0p5_0p02_0006_0002" 4224
"/Engine/EngineMaterials/Substrate/GLints/dict_16_192_64_0p5_0p02_0006_0001" 4225
"/Engine/EngineMaterials/Substrate/GLints/dict_16_192_64_0p5_0p02_0006_0000" 4226
"/Engine/EngineMaterials/Substrate/GLints/dict_16_192_64_0p5_0p02_0005_0015" 4227
"/Engine/EngineMaterials/Substrate/GLints/dict_16_192_64_0p5_0p02_0005_0014" 4228
"/Engine/EngineMaterials/Substrate/GLints/dict_16_192_64_0p5_0p02_0005_0013" 4229
"/Engine/EngineMaterials/Substrate/GLints/dict_16_192_64_0p5_0p02_0005_0012" 4230
"/Engine/EngineMaterials/Substrate/GLints/dict_16_192_64_0p5_0p02_0005_0011" 4231
"/Engine/EngineMaterials/Substrate/GLints/dict_16_192_64_0p5_0p02_0005_0010" 4232
"/Engine/EngineMaterials/Substrate/GLints/dict_16_192_64_0p5_0p02_0005_0009" 4233
"/Engine/EngineMaterials/Substrate/GLints/dict_16_192_64_0p5_0p02_0005_0008" 4234
"/Engine/EngineMaterials/Substrate/GLints/dict_16_192_64_0p5_0p02_0005_0007" 4235
"/Engine/EngineMaterials/Substrate/GLints/dict_16_192_64_0p5_0p02_0005_0006" 4236
"/Engine/EngineMaterials/Substrate/GLints/dict_16_192_64_0p5_0p02_0005_0005" 4237
"/Engine/EngineMaterials/Substrate/GLints/dict_16_192_64_0p5_0p02_0005_0004" 4238
"/Engine/EngineMaterials/Substrate/GLints/dict_16_192_64_0p5_0p02_0005_0003" 4239
"/Engine/EngineMaterials/Substrate/GLints/dict_16_192_64_0p5_0p02_0005_0002" 4240
"/Engine/EngineMaterials/Substrate/GLints/dict_16_192_64_0p5_0p02_0005_0001" 4241
"/Engine/EngineMaterials/Substrate/GLints/dict_16_192_64_0p5_0p02_0005_0000" 4242
"/Engine/EngineMaterials/Substrate/GLints/dict_16_192_64_0p5_0p02_0004_0015" 4243
"../../../Engine/Content/EngineMaterials/Substrate/GLints/dict_16_192_64_0p5_0p02_0007_0002.uasset" 4244
"../../../Engine/Content/EngineMaterials/Substrate/GLints/dict_16_192_64_0p5_0p02_0007_0005.uasset" 4245
"../../../Engine/Content/EngineMaterials/Substrate/GLints/dict_16_192_64_0p5_0p02_0007_0001.uasset" 4246
"../../../Engine/Content/EngineMaterials/Substrate/GLints/dict_16_192_64_0p5_0p02_0006_0015.uasset" 4247
"../../../Engine/Content/EngineMaterials/Substrate/GLints/dict_16_192_64_0p5_0p02_0007_0004.uasset" 4248
"../../../Engine/Content/EngineMaterials/Substrate/GLints/dict_16_192_64_0p5_0p02_0007_0007.uasset" 4249
"../../../Engine/Content/EngineMaterials/Substrate/GLints/dict_16_192_64_0p5_0p02_0007_0014.uasset" 4250
"../../../Engine/Content/EngineMaterials/Substrate/GLints/dict_16_192_64_0p5_0p02_0007_0011.uasset" 4251
"../../../Engine/Content/EngineMaterials/Substrate/GLints/dict_16_192_64_0p5_0p02_0007_0013.uasset" 4252
"../../../Engine/Content/EngineMaterials/Substrate/GLints/dict_16_192_64_0p5_0p02_0007_0000.uasset" 4253
"../../../Engine/Content/EngineMaterials/Substrate/GLints/dict_16_192_64_0p5_0p02_0007_0008.uasset" 4254
"../../../Engine/Content/EngineMaterials/Substrate/GLints/dict_16_192_64_0p5_0p02_0007_0006.uasset" 4255
"../../../Engine/Content/EngineMaterials/Substrate/GLints/dict_16_192_64_0p5_0p02_0007_0012.uasset" 4256
"../../../Engine/Content/EngineMaterials/Substrate/GLints/dict_16_192_64_0p5_0p02_0008_0002.uasset" 4257
"../../../Engine/Content/EngineMaterials/Substrate/GLints/dict_16_192_64_0p5_0p02_0007_0003.uasset" 4258
"../../../Engine/Content/EngineMaterials/Substrate/GLints/dict_16_192_64_0p5_0p02_0007_0010.uasset" 4259
"../../../Engine/Content/EngineMaterials/Substrate/GLints/dict_16_192_64_0p5_0p02_0008_0003.uasset" 4260
"../../../Engine/Content/EngineMaterials/Substrate/GLints/dict_16_192_64_0p5_0p02_0008_0004.uasset" 4261
"../../../Engine/Content/EngineMaterials/Substrate/GLints/dict_16_192_64_0p5_0p02_0007_0009.uasset" 4262
"../../../Engine/Content/EngineMaterials/Substrate/GLints/dict_16_192_64_0p5_0p02_0007_0015.uasset" 4263
"../../../Engine/Content/EngineMaterials/Substrate/GLints/dict_16_192_64_0p5_0p02_0008_0000.uasset" 4264
"../../../Engine/Content/EngineMaterials/Substrate/GLints/dict_16_192_64_0p5_0p02_0008_0008.uasset" 4265
"../../../Engine/Content/EngineMaterials/Substrate/GLints/dict_16_192_64_0p5_0p02_0008_0010.uasset" 4266
"../../../Engine/Content/EngineMaterials/Substrate/GLints/dict_16_192_64_0p5_0p02_0008_0005.uasset" 4267
"../../../Engine/Content/EngineMaterials/Substrate/GLints/dict_16_192_64_0p5_0p02_0008_0001.uasset" 4268
"../../../Engine/Content/EngineMaterials/Substrate/GLints/dict_16_192_64_0p5_0p02_0008_0009.uasset" 4269
"/Engine/EngineMaterials/Substrate/GLints/dict_16_192_64_0p5_0p02_0008_0010" 4270
"../../../Engine/Content/EngineMaterials/Substrate/GLints/dict_16_192_64_0p5_0p02_0008_0007.uasset" 4271
"../../../Engine/Content/EngineMaterials/Substrate/GLints/dict_16_192_64_0p5_0p02_0008_0013.uasset" 4272
"../../../Engine/Content/EngineMaterials/Substrate/GLints/dict_16_192_64_0p5_0p02_0008_0011.uasset" 4273
"/Engine/EngineMaterials/Substrate/GLints/dict_16_192_64_0p5_0p02_0008_0009" 4274
"/Engine/EngineMaterials/Substrate/GLints/dict_16_192_64_0p5_0p02_0008_0008" 4275
"/Engine/EngineMaterials/Substrate/GLints/dict_16_192_64_0p5_0p02_0008_0005" 4276
"../../../Engine/Content/EngineMaterials/Substrate/GLints/dict_16_192_64_0p5_0p02_0008_0006.uasset" 4277
"../../../Engine/Content/EngineMaterials/Substrate/GLints/dict_16_192_64_0p5_0p02_0008_0012.uasset" 4278
"/Engine/EngineMaterials/Substrate/GLints/dict_16_192_64_0p5_0p02_0008_0004" 4279
"../../../Engine/Content/EngineMaterials/Substrate/GLints/dict_16_192_64_0p5_0p02_0008_0014.uasset" 4280
"/Engine/EngineMaterials/Substrate/GLints/dict_16_192_64_0p5_0p02_0008_0003" 4281
"/Engine/EngineMaterials/Substrate/GLints/dict_16_192_64_0p5_0p02_0008_0002" 4282
"/Engine/EngineMaterials/Substrate/GLints/dict_16_192_64_0p5_0p02_0008_0001" 4283
"/Engine/EngineMaterials/Substrate/GLints/dict_16_192_64_0p5_0p02_0008_0000" 4284
"/Engine/EngineMaterials/Substrate/GLints/dict_16_192_64_0p5_0p02_0007_0015" 4285
"/Engine/EngineMaterials/Substrate/GLints/dict_16_192_64_0p5_0p02_0007_0014" 4286
"/Engine/EngineMaterials/Substrate/GLints/dict_16_192_64_0p5_0p02_0007_0013" 4287
"/Engine/EngineMaterials/Substrate/GLints/dict_16_192_64_0p5_0p02_0007_0012" 4288
"/Engine/EngineMaterials/Substrate/GLints/dict_16_192_64_0p5_0p02_0007_0011" 4289
"/Engine/EngineMaterials/Substrate/GLints/dict_16_192_64_0p5_0p02_0007_0010" 4290
"/Engine/EngineMaterials/Substrate/GLints/dict_16_192_64_0p5_0p02_0007_0009" 4291
"/Engine/EngineMaterials/Substrate/GLints/dict_16_192_64_0p5_0p02_0007_0008" 4292
"/Engine/EngineMaterials/Substrate/GLints/dict_16_192_64_0p5_0p02_0007_0007" 4293
"/Engine/EngineMaterials/Substrate/GLints/dict_16_192_64_0p5_0p02_0007_0006" 4294
"/Engine/EngineMaterials/Substrate/GLints/dict_16_192_64_0p5_0p02_0007_0005" 4295
"/Engine/EngineMaterials/Substrate/GLints/dict_16_192_64_0p5_0p02_0007_0004" 4296
"/Engine/EngineMaterials/Substrate/GLints/dict_16_192_64_0p5_0p02_0007_0003" 4297
"/Engine/EngineMaterials/Substrate/GLints/dict_16_192_64_0p5_0p02_0007_0002" 4298
"/Engine/EngineMaterials/Substrate/GLints/dict_16_192_64_0p5_0p02_0007_0001" 4299
"/Engine/EngineMaterials/Substrate/GLints/dict_16_192_64_0p5_0p02_0007_0000" 4300
"/Engine/EngineMaterials/Substrate/GLints/dict_16_192_64_0p5_0p02_0006_0015" 4301
"/Engine/EngineMaterials/Substrate/GLints/dict_16_192_64_0p5_0p02_0008_0014" 4302
"/Engine/EngineMaterials/Substrate/GLints/dict_16_192_64_0p5_0p02_0008_0013" 4303
"/Engine/EngineMaterials/Substrate/GLints/dict_16_192_64_0p5_0p02_0008_0012" 4304
"/Engine/EngineMaterials/Substrate/GLints/dict_16_192_64_0p5_0p02_0008_0011" 4305
"/Engine/EngineMaterials/Substrate/GLints/dict_16_192_64_0p5_0p02_0008_0007" 4306
"/Engine/EngineMaterials/Substrate/GLints/dict_16_192_64_0p5_0p02_0008_0006" 4307
"../../../Engine/Content/EngineMaterials/Substrate/GLints/dict_16_192_64_0p5_0p02_0008_0015.uasset" 4308
"../../../Engine/Content/EngineMaterials/Substrate/GLints/dict_16_192_64_0p5_0p02_0009_0000.uasset" 4309
"/Engine/EngineMaterials/Substrate/GLints/dict_16_192_64_0p5_0p02_0009_0000" 4310
"/Engine/EngineMaterials/Substrate/GLints/dict_16_192_64_0p5_0p02_0008_0015" 4311
"../../../Engine/Content/EngineMaterials/Substrate/GLints/dict_16_192_64_0p5_0p02_0009_0003.uasset" 4312
"../../../Engine/Content/EngineMaterials/Substrate/GLints/dict_16_192_64_0p5_0p02_0009_0001.uasset" 4313
"/Engine/EngineMaterials/Substrate/GLints/dict_16_192_64_0p5_0p02_0009_0003" 4314
"/Engine/EngineMaterials/Substrate/GLints/dict_16_192_64_0p5_0p02_0009_0001" 4315
"../../../Engine/Content/EngineMaterials/Substrate/GLints/dict_16_192_64_0p5_0p02_0009_0002.uasset" 4316
"../../../Engine/Content/EngineMaterials/Substrate/GLints/dict_16_192_64_0p5_0p02_0009_0004.uasset" 4317
"../../../Engine/Content/EngineMaterials/Substrate/GLints/dict_16_192_64_0p5_0p02_0009_0006.uasset" 4318
"../../../Engine/Content/EngineMaterials/Substrate/GLints/dict_16_192_64_0p5_0p02_0009_0007.uasset" 4319
"../../../Engine/Content/EngineMaterials/Substrate/GLints/dict_16_192_64_0p5_0p02_0009_0010.uasset" 4320
"../../../Engine/Content/EngineMaterials/Substrate/GLints/dict_16_192_64_0p5_0p02_0009_0008.uasset" 4321
"../../../Engine/Content/EngineMaterials/Substrate/GLints/dict_16_192_64_0p5_0p02_0009_0005.uasset" 4322
"../../../Engine/Content/EngineMaterials/Substrate/GLints/dict_16_192_64_0p5_0p02_0009_0009.uasset" 4323
"../../../Engine/Content/EngineMaterials/Substrate/GLints/dict_16_192_64_0p5_0p02_0009_0015.uasset" 4324
"../../../Engine/Content/EngineMaterials/Substrate/GLints/dict_16_192_64_0p5_0p02_0010_0000.uasset" 4325
"../../../Engine/Content/EngineMaterials/Substrate/GLints/dict_16_192_64_0p5_0p02_0009_0011.uasset" 4326
"../../../Engine/Content/EngineMaterials/Substrate/GLints/dict_16_192_64_0p5_0p02_0010_0001.uasset" 4327
"../../../Engine/Content/EngineMaterials/Substrate/GLints/dict_16_192_64_0p5_0p02_0009_0013.uasset" 4328
"../../../Engine/Content/EngineMaterials/Substrate/GLints/dict_16_192_64_0p5_0p02_0009_0014.uasset" 4329
"../../../Engine/Content/EngineMaterials/Substrate/GLints/dict_16_192_64_0p5_0p02_0009_0012.uasset" 4330
"../../../Engine/Content/EngineMaterials/Substrate/GLints/dict_16_192_64_0p5_0p02_0010_0004.uasset" 4331
"../../../Engine/Content/EngineMaterials/Substrate/GLints/dict_16_192_64_0p5_0p02_0010_0002.uasset" 4332
"../../../Engine/Content/EngineMaterials/Substrate/GLints/dict_16_192_64_0p5_0p02_0010_0012.uasset" 4333
"../../../Engine/Content/EngineMaterials/Substrate/GLints/dict_16_192_64_0p5_0p02_0010_0010.uasset" 4334
"../../../Engine/Content/EngineMaterials/Substrate/GLints/dict_16_192_64_0p5_0p02_0010_0011.uasset" 4335
"../../../Engine/Content/EngineMaterials/Substrate/GLints/dict_16_192_64_0p5_0p02_0010_0006.uasset" 4336
"../../../Engine/Content/EngineMaterials/Substrate/GLints/dict_16_192_64_0p5_0p02_0010_0005.uasset" 4337
"../../../Engine/Content/EngineMaterials/Substrate/GLints/dict_16_192_64_0p5_0p02_0010_0007.uasset" 4338
"../../../Engine/Content/EngineMaterials/Substrate/GLints/dict_16_192_64_0p5_0p02_0010_0008.uasset" 4339
"../../../Engine/Content/EngineMaterials/Substrate/GLints/dict_16_192_64_0p5_0p02_0011_0001.uasset" 4340
"../../../Engine/Content/EngineMaterials/Substrate/GLints/dict_16_192_64_0p5_0p02_0011_0002.uasset" 4341
"../../../Engine/Content/EngineMaterials/Substrate/GLints/dict_16_192_64_0p5_0p02_0010_0015.uasset" 4342
"../../../Engine/Content/EngineMaterials/Substrate/GLints/dict_16_192_64_0p5_0p02_0010_0009.uasset" 4343
"../../../Engine/Content/EngineMaterials/Substrate/GLints/dict_16_192_64_0p5_0p02_0010_0014.uasset" 4344
"../../../Engine/Content/EngineMaterials/Substrate/GLints/dict_16_192_64_0p5_0p02_0011_0000.uasset" 4345
"/Engine/EngineMaterials/Substrate/GLints/dict_16_192_64_0p5_0p02_0010_0014" 4346
"/Engine/EngineMaterials/Substrate/GLints/dict_16_192_64_0p5_0p02_0010_0012" 4347
"/Engine/EngineMaterials/Substrate/GLints/dict_16_192_64_0p5_0p02_0010_0011" 4348
"/Engine/EngineMaterials/Substrate/GLints/dict_16_192_64_0p5_0p02_0010_0008" 4349
"/Engine/EngineMaterials/Substrate/GLints/dict_16_192_64_0p5_0p02_0010_0007" 4350
"/Engine/EngineMaterials/Substrate/GLints/dict_16_192_64_0p5_0p02_0010_0006" 4351
"/Engine/EngineMaterials/Substrate/GLints/dict_16_192_64_0p5_0p02_0010_0010" 4352
"../../../Engine/Content/EngineMaterials/Substrate/GLints/dict_16_192_64_0p5_0p02_0010_0013.uasset" 4353
"/Engine/EngineMaterials/Substrate/GLints/dict_16_192_64_0p5_0p02_0010_0009" 4354
"/Engine/EngineMaterials/Substrate/GLints/dict_16_192_64_0p5_0p02_0010_0005" 4355
"/Engine/EngineMaterials/Substrate/GLints/dict_16_192_64_0p5_0p02_0010_0004" 4356
"/Engine/EngineMaterials/Substrate/GLints/dict_16_192_64_0p5_0p02_0010_0002" 4357
"/Engine/EngineMaterials/Substrate/GLints/dict_16_192_64_0p5_0p02_0010_0001" 4358
"/Engine/EngineMaterials/Substrate/GLints/dict_16_192_64_0p5_0p02_0010_0000" 4359
"/Engine/EngineMaterials/Substrate/GLints/dict_16_192_64_0p5_0p02_0009_0015" 4360
"/Engine/EngineMaterials/Substrate/GLints/dict_16_192_64_0p5_0p02_0009_0014" 4361
"/Engine/EngineMaterials/Substrate/GLints/dict_16_192_64_0p5_0p02_0009_0013" 4362
"/Engine/EngineMaterials/Substrate/GLints/dict_16_192_64_0p5_0p02_0009_0012" 4363
"/Engine/EngineMaterials/Substrate/GLints/dict_16_192_64_0p5_0p02_0009_0011" 4364
"/Engine/EngineMaterials/Substrate/GLints/dict_16_192_64_0p5_0p02_0009_0010" 4365
"/Engine/EngineMaterials/Substrate/GLints/dict_16_192_64_0p5_0p02_0009_0009" 4366
"/Engine/EngineMaterials/Substrate/GLints/dict_16_192_64_0p5_0p02_0009_0008" 4367
"/Engine/EngineMaterials/Substrate/GLints/dict_16_192_64_0p5_0p02_0009_0007" 4368
"/Engine/EngineMaterials/Substrate/GLints/dict_16_192_64_0p5_0p02_0009_0006" 4369
"/Engine/EngineMaterials/Substrate/GLints/dict_16_192_64_0p5_0p02_0009_0005" 4370
"/Engine/EngineMaterials/Substrate/GLints/dict_16_192_64_0p5_0p02_0009_0004" 4371
"/Engine/EngineMaterials/Substrate/GLints/dict_16_192_64_0p5_0p02_0011_0002" 4372
"/Engine/EngineMaterials/Substrate/GLints/dict_16_192_64_0p5_0p02_0009_0002" 4373
"../../../Engine/Content/EngineMaterials/Substrate/GLints/dict_16_192_64_0p5_0p02_0010_0003.uasset" 4374
"/Engine/EngineMaterials/Substrate/GLints/dict_16_192_64_0p5_0p02_0011_0001" 4375
"/Engine/EngineMaterials/Substrate/GLints/dict_16_192_64_0p5_0p02_0011_0000" 4376
"/Engine/EngineMaterials/Substrate/GLints/dict_16_192_64_0p5_0p02_0010_0015" 4377
"/Engine/EngineMaterials/Substrate/GLints/dict_16_192_64_0p5_0p02_0010_0013" 4378
"/Engine/EngineMaterials/Substrate/GLints/dict_16_192_64_0p5_0p02_0010_0003" 4379
"../../../Engine/Content/EngineMaterials/Substrate/GLints/dict_16_192_64_0p5_0p02_0011_0003.uasset" 4380
"../../../Engine/Content/EngineMaterials/Substrate/GLints/dict_16_192_64_0p5_0p02_0011_0004.uasset" 4381
"../../../Engine/Content/EngineMaterials/Substrate/GLints/dict_16_192_64_0p5_0p02_0011_0007.uasset" 4382
"../../../Engine/Content/EngineMaterials/Substrate/GLints/dict_16_192_64_0p5_0p02_0011_0005.uasset" 4383
"../../../Engine/Content/EngineMaterials/Substrate/GLints/dict_16_192_64_0p5_0p02_0011_0008.uasset" 4384
"../../../Engine/Content/EngineMaterials/Substrate/GLints/dict_16_192_64_0p5_0p02_0011_0006.uasset" 4385
"../../../Engine/Content/EngineMaterials/Substrate/GLints/dict_16_192_64_0p5_0p02_0011_0009.uasset" 4386
"../../../Engine/Content/EngineMaterials/Substrate/GLints/dict_16_192_64_0p5_0p02_0011_0011.uasset" 4387
"../../../Engine/Content/EngineMaterials/Substrate/GLints/dict_16_192_64_0p5_0p02_0011_0012.uasset" 4388
"../../../Engine/Content/EngineMaterials/Substrate/GLints/dict_16_192_64_0p5_0p02_0011_0010.uasset" 4389
"../../../Engine/Content/EngineMaterials/Substrate/GLints/dict_16_192_64_0p5_0p02_0011_0014.uasset" 4390
"../../../Engine/Content/EngineMaterials/Substrate/GLints/dict_16_192_64_0p5_0p02_0011_0013.uasset" 4391
"../../../Engine/Content/EngineMaterials/Substrate/GLints/dict_16_192_64_0p5_0p02_0012_0000.uasset" 4392
"../../../Engine/Content/EngineMaterials/Substrate/GLints/dict_16_192_64_0p5_0p02_0012_0001.uasset" 4393
"../../../Engine/Content/EngineMaterials/Substrate/GLints/dict_16_192_64_0p5_0p02_0012_0002.uasset" 4394
"../../../Engine/Content/EngineMaterials/Substrate/GLints/dict_16_192_64_0p5_0p02_0011_0015.uasset" 4395
"../../../Engine/Content/EngineMaterials/Substrate/GLints/dict_16_192_64_0p5_0p02_0012_0003.uasset" 4396
"../../../Engine/Content/EngineMaterials/Substrate/GLints/dict_16_192_64_0p5_0p02_0012_0004.uasset" 4397
"../../../Engine/Content/EngineMaterials/Substrate/GLints/dict_16_192_64_0p5_0p02_0012_0006.uasset" 4398
"../../../Engine/Content/EngineMaterials/Substrate/GLints/dict_16_192_64_0p5_0p02_0012_0005.uasset" 4399
"../../../Engine/Content/EngineMaterials/Substrate/GLints/dict_16_192_64_0p5_0p02_0012_0009.uasset" 4400
"../../../Engine/Content/EngineMaterials/Substrate/GLints/dict_16_192_64_0p5_0p02_0012_0010.uasset" 4401
"../../../Engine/Content/EngineMaterials/Substrate/GLints/dict_16_192_64_0p5_0p02_0012_0011.uasset" 4402
"../../../Engine/Content/EngineMaterials/Substrate/GLints/dict_16_192_64_0p5_0p02_0012_0012.uasset" 4403
"../../../Engine/Content/EngineMaterials/Substrate/GLints/dict_16_192_64_0p5_0p02_0012_0007.uasset" 4404
"../../../Engine/Content/EngineMaterials/Substrate/GLints/dict_16_192_64_0p5_0p02_0012_0008.uasset" 4405
"/Engine/EngineMaterials/Substrate/GLints/dict_16_192_64_0p5_0p02_0012_0012" 4406
"../../../Engine/Content/EngineMaterials/Substrate/GLints/dict_16_192_64_0p5_0p02_0012_0013.uasset" 4407
"/Engine/EngineMaterials/Substrate/GLints/dict_16_192_64_0p5_0p02_0012_0011" 4408
"/Engine/EngineMaterials/Substrate/GLints/dict_16_192_64_0p5_0p02_0012_0010" 4409
"/Engine/EngineMaterials/Substrate/GLints/dict_16_192_64_0p5_0p02_0012_0009" 4410
"/Engine/EngineMaterials/Substrate/GLints/dict_16_192_64_0p5_0p02_0012_0008" 4411
"/Engine/EngineMaterials/Substrate/GLints/dict_16_192_64_0p5_0p02_0012_0007" 4412
"/Engine/EngineMaterials/Substrate/GLints/dict_16_192_64_0p5_0p02_0012_0006" 4413
"/Engine/EngineMaterials/Substrate/GLints/dict_16_192_64_0p5_0p02_0012_0005" 4414
"/Engine/EngineMaterials/Substrate/GLints/dict_16_192_64_0p5_0p02_0012_0004" 4415
"/Engine/EngineMaterials/Substrate/GLints/dict_16_192_64_0p5_0p02_0012_0003" 4416
"/Engine/EngineMaterials/Substrate/GLints/dict_16_192_64_0p5_0p02_0012_0002" 4417
"/Engine/EngineMaterials/Substrate/GLints/dict_16_192_64_0p5_0p02_0012_0001" 4418
"/Engine/EngineMaterials/Substrate/GLints/dict_16_192_64_0p5_0p02_0012_0000" 4419
"/Engine/EngineMaterials/Substrate/GLints/dict_16_192_64_0p5_0p02_0011_0015" 4420
"/Engine/EngineMaterials/Substrate/GLints/dict_16_192_64_0p5_0p02_0011_0014" 4421
"../../../Engine/Content/EngineMaterials/Substrate/GLints/dict_16_192_64_0p5_0p02_0013_0000.uasset" 4422
"../../../Engine/Content/EngineMaterials/Substrate/GLints/dict_16_192_64_0p5_0p02_0012_0015.uasset" 4423
"/Engine/EngineMaterials/Substrate/GLints/dict_16_192_64_0p5_0p02_0011_0013" 4424
"/Engine/EngineMaterials/Substrate/GLints/dict_16_192_64_0p5_0p02_0011_0012" 4425
"/Engine/EngineMaterials/Substrate/GLints/dict_16_192_64_0p5_0p02_0011_0011" 4426
"/Engine/EngineMaterials/Substrate/GLints/dict_16_192_64_0p5_0p02_0011_0010" 4427
"../../../Engine/Content/EngineMaterials/Substrate/GLints/dict_16_192_64_0p5_0p02_0012_0014.uasset" 4428
"/Engine/EngineMaterials/Substrate/GLints/dict_16_192_64_0p5_0p02_0011_0009" 4429
"/Engine/EngineMaterials/Substrate/GLints/dict_16_192_64_0p5_0p02_0011_0008" 4430
"../../../Engine/Content/EngineMaterials/Substrate/GLints/dict_16_192_64_0p5_0p02_0013_0002.uasset" 4431
"/Engine/EngineMaterials/Substrate/GLints/dict_16_192_64_0p5_0p02_0011_0007" 4432
"../../../Engine/Content/EngineMaterials/Substrate/GLints/dict_16_192_64_0p5_0p02_0013_0001.uasset" 4433
"/Engine/EngineMaterials/Substrate/GLints/dict_16_192_64_0p5_0p02_0011_0006" 4434
"/Engine/EngineMaterials/Substrate/GLints/dict_16_192_64_0p5_0p02_0011_0005" 4435
"/Engine/EngineMaterials/Substrate/GLints/dict_16_192_64_0p5_0p02_0011_0004" 4436
"/Engine/EngineMaterials/Substrate/GLints/dict_16_192_64_0p5_0p02_0011_0003" 4437
"/Engine/EngineMaterials/Substrate/GLints/dict_16_192_64_0p5_0p02_0013_0000" 4438
"/Engine/EngineMaterials/Substrate/GLints/dict_16_192_64_0p5_0p02_0013_0002" 4439
"/Engine/EngineMaterials/Substrate/GLints/dict_16_192_64_0p5_0p02_0012_0015" 4440
"/Engine/EngineMaterials/Substrate/GLints/dict_16_192_64_0p5_0p02_0012_0014" 4441
"/Engine/EngineMaterials/Substrate/GLints/dict_16_192_64_0p5_0p02_0012_0013" 4442
"/Engine/EngineMaterials/Substrate/GLints/dict_16_192_64_0p5_0p02_0013_0001" 4443
"../../../Engine/Content/EngineMaterials/Substrate/GLints/dict_16_192_64_0p5_0p02_0013_0004.uasset" 4444
"../../../Engine/Content/EngineMaterials/Substrate/GLints/dict_16_192_64_0p5_0p02_0013_0005.uasset" 4445
"../../../Engine/Content/EngineMaterials/Substrate/GLints/dict_16_192_64_0p5_0p02_0013_0003.uasset" 4446
"/Engine/EngineMaterials/Substrate/GLints/dict_16_192_64_0p5_0p02_0013_0005" 4447
"/Engine/EngineMaterials/Substrate/GLints/dict_16_192_64_0p5_0p02_0013_0004" 4448
"/Engine/EngineMaterials/Substrate/GLints/dict_16_192_64_0p5_0p02_0013_0003" 4449
"../../../Engine/Content/EngineMaterials/Substrate/GLints/dict_16_192_64_0p5_0p02_0013_0007.uasset" 4450
"../../../Engine/Content/EngineMaterials/Substrate/GLints/dict_16_192_64_0p5_0p02_0013_0006.uasset" 4451
"../../../Engine/Content/EngineMaterials/Substrate/GLints/dict_16_192_64_0p5_0p02_0013_0011.uasset" 4452
"../../../Engine/Content/EngineMaterials/Substrate/GLints/dict_16_192_64_0p5_0p02_0013_0008.uasset" 4453
"../../../Engine/Content/EngineMaterials/Substrate/GLints/dict_16_192_64_0p5_0p02_0013_0010.uasset" 4454
"../../../Engine/Content/EngineMaterials/Substrate/GLints/dict_16_192_64_0p5_0p02_0013_0012.uasset" 4455
"../../../Engine/Content/EngineMaterials/Substrate/GLints/dict_16_192_64_0p5_0p02_0013_0013.uasset" 4456
"/Engine/EngineMaterials/Substrate/GLints/dict_16_192_64_0p5_0p02_0013_0013" 4457
"/Engine/EngineMaterials/Substrate/GLints/dict_16_192_64_0p5_0p02_0013_0012" 4458
"/Engine/EngineMaterials/Substrate/GLints/dict_16_192_64_0p5_0p02_0013_0011" 4459
"/Engine/EngineMaterials/Substrate/GLints/dict_16_192_64_0p5_0p02_0013_0010" 4460
"../../../Engine/Content/EngineMaterials/Substrate/GLints/dict_16_192_64_0p5_0p02_0013_0009.uasset" 4461
"/Engine/EngineMaterials/Substrate/GLints/dict_16_192_64_0p5_0p02_0013_0008" 4462
"/Engine/EngineMaterials/Substrate/GLints/dict_16_192_64_0p5_0p02_0013_0007" 4463
"/Engine/EngineMaterials/Substrate/GLints/dict_16_192_64_0p5_0p02_0013_0006" 4464
"/Engine/EngineMaterials/Substrate/GLints/dict_16_192_64_0p5_0p02_0013_0009" 4465
"../../../Engine/Content/EngineMaterials/Substrate/GLints/dict_16_192_64_0p5_0p02_0013_0014.uasset" 4466
"../../../Engine/Content/EngineMaterials/Substrate/GLints/dict_16_192_64_0p5_0p02_0013_0015.uasset" 4467
"../../../Engine/Content/EngineMaterials/Substrate/GLints/dict_16_192_64_0p5_0p02_0014_0000.uasset" 4468
"../../../Engine/Content/EngineMaterials/Substrate/GLints/dict_16_192_64_0p5_0p02_0014_0002.uasset" 4469
"../../../Engine/Content/EngineMaterials/Substrate/GLints/dict_16_192_64_0p5_0p02_0014_0003.uasset" 4470
"../../../Engine/Content/EngineMaterials/Substrate/GLints/dict_16_192_64_0p5_0p02_0014_0001.uasset" 4471
"/Engine/EngineMaterials/Substrate/GLints/dict_16_192_64_0p5_0p02_0014_0003" 4472
"../../../Engine/Content/EngineMaterials/Substrate/GLints/dict_16_192_64_0p5_0p02_0014_0006.uasset" 4473
"../../../Engine/Content/EngineMaterials/Substrate/GLints/dict_16_192_64_0p5_0p02_0014_0004.uasset" 4474
"/Engine/EngineMaterials/Substrate/GLints/dict_16_192_64_0p5_0p02_0014_0002" 4475
"/Engine/EngineMaterials/Substrate/GLints/dict_16_192_64_0p5_0p02_0014_0001" 4476
"/Engine/EngineMaterials/Substrate/GLints/dict_16_192_64_0p5_0p02_0014_0000" 4477
"/Engine/EngineMaterials/Substrate/GLints/dict_16_192_64_0p5_0p02_0013_0015" 4478
"/Engine/EngineMaterials/Substrate/GLints/dict_16_192_64_0p5_0p02_0013_0014" 4479
"../../../Engine/Content/EngineMaterials/Substrate/GLints/dict_16_192_64_0p5_0p02_0014_0005.uasset" 4480
"../../../Engine/Content/EngineMaterials/Substrate/GLints/dict_16_192_64_0p5_0p02_0014_0008.uasset" 4481
"../../../Engine/Content/EngineMaterials/Substrate/GLints/dict_16_192_64_0p5_0p02_0014_0011.uasset" 4482
"../../../Engine/Content/EngineMaterials/Substrate/GLints/dict_16_192_64_0p5_0p02_0014_0010.uasset" 4483
"../../../Engine/Content/EngineMaterials/Substrate/GLints/dict_16_192_64_0p5_0p02_0014_0009.uasset" 4484
"../../../Engine/Content/EngineMaterials/Substrate/GLints/dict_16_192_64_0p5_0p02_0014_0007.uasset" 4485
"/Engine/EngineMaterials/Substrate/GLints/dict_16_192_64_0p5_0p02_0014_0011" 4486
"/Engine/EngineMaterials/Substrate/GLints/dict_16_192_64_0p5_0p02_0014_0010" 4487
"/Engine/EngineMaterials/Substrate/GLints/dict_16_192_64_0p5_0p02_0014_0009" 4488
"/Engine/EngineMaterials/Substrate/GLints/dict_16_192_64_0p5_0p02_0014_0008" 4489
"/Engine/EngineMaterials/Substrate/GLints/dict_16_192_64_0p5_0p02_0014_0007" 4490
"/Engine/EngineMaterials/Substrate/GLints/dict_16_192_64_0p5_0p02_0014_0006" 4491
"/Engine/EngineMaterials/Substrate/GLints/dict_16_192_64_0p5_0p02_0014_0005" 4492
"/Engine/EngineMaterials/Substrate/GLints/dict_16_192_64_0p5_0p02_0014_0004" 4493
"../../../Engine/Content/EngineMaterials/Substrate/GLints/dict_16_192_64_0p5_0p02_0014_0014.uasset" 4494
"../../../Engine/Content/EngineMaterials/Substrate/GLints/dict_16_192_64_0p5_0p02_0015_0004.uasset" 4495
"../../../Engine/Content/EngineMaterials/Substrate/GLints/dict_16_192_64_0p5_0p02_0014_0015.uasset" 4496
"../../../Engine/Content/EngineMaterials/Substrate/GLints/dict_16_192_64_0p5_0p02_0015_0003.uasset" 4497
"../../../Engine/Content/EngineMaterials/Substrate/GLints/dict_16_192_64_0p5_0p02_0015_0000.uasset" 4498
"../../../Engine/Content/EngineMaterials/Substrate/GLints/dict_16_192_64_0p5_0p02_0015_0002.uasset" 4499
"../../../Engine/Content/EngineMaterials/Substrate/GLints/dict_16_192_64_0p5_0p02_0015_0001.uasset" 4500
"../../../Engine/Content/EngineMaterials/Substrate/GLints/dict_16_192_64_0p5_0p02_0014_0012.uasset" 4501
"/Engine/EngineMaterials/Substrate/GLints/dict_16_192_64_0p5_0p02_0015_0002" 4502
"/Engine/EngineMaterials/Substrate/GLints/dict_16_192_64_0p5_0p02_0015_0001" 4503
"/Engine/EngineMaterials/Substrate/GLints/dict_16_192_64_0p5_0p02_0015_0000" 4504
"../../../Engine/Content/EngineMaterials/Substrate/GLints/dict_16_192_64_0p5_0p02_0015_0005.uasset" 4505
"/Engine/EngineMaterials/Substrate/GLints/dict_16_192_64_0p5_0p02_0014_0015" 4506
"/Engine/EngineMaterials/Substrate/GLints/dict_16_192_64_0p5_0p02_0014_0014" 4507
"/Engine/EngineMaterials/Substrate/GLints/dict_16_192_64_0p5_0p02_0014_0012" 4508
"/Engine/EngineMaterials/Substrate/GLints/dict_16_192_64_0p5_0p02_0015_0004" 4509
"/Engine/EngineMaterials/Substrate/GLints/dict_16_192_64_0p5_0p02_0015_0003" 4510
"/Engine/EngineMaterials/Substrate/GLints/dict_16_192_64_0p5_0p02_0015_0005" 4511
"../../../Engine/Content/EngineMaterials/Substrate/GLints/dict_16_192_64_0p5_0p02_0015_0012.uasset" 4512
"../../../Engine/Content/EngineMaterials/Substrate/GLints/dict_16_192_64_0p5_0p02_0015_0011.uasset" 4513
"../../../Engine/Content/EngineMaterials/Substrate/GLints/dict_16_192_64_0p5_0p02_0015_0010.uasset" 4514
"../../../Engine/Content/EngineMaterials/Substrate/GLints/dict_16_192_64_0p5_0p02_0014_0013.uasset" 4515
"../../../Engine/Content/EngineMaterials/Substrate/GLints/dict_16_192_64_0p5_0p02_0015_0006.uasset" 4516
"../../../Engine/Content/EngineMaterials/Substrate/GLints/dict_16_192_64_0p5_0p02_0015_0008.uasset" 4517
"../../../Engine/Content/EngineMaterials/Substrate/GLints/dict_16_192_64_0p5_0p02_0015_0007.uasset" 4518
"../../../Engine/Content/EngineMaterials/Substrate/GLints/dict_16_192_64_0p5_0p02_0015_0013.uasset" 4519
"../../../Engine/Content/EngineMaterials/Substrate/GLints/dict_16_192_64_0p5_0p02_0015_0009.uasset" 4520
"/Engine/EngineMaterials/Substrate/GLints/dict_16_192_64_0p5_0p02_0014_0013" 4521
"/Engine/EngineMaterials/Substrate/GLints/dict_16_192_64_0p5_0p02_0015_0012" 4522
"../../../Engine/Content/EngineMaterials/Substrate/GLints/dict_16_192_64_0p5_0p02_0016_0005.uasset" 4523
"../../../Engine/Content/EngineMaterials/Substrate/GLints/dict_16_192_64_0p5_0p02_0016_0004.uasset" 4524
"../../../Engine/Content/EngineMaterials/Substrate/GLints/dict_16_192_64_0p5_0p02_0016_0003.uasset" 4525
"../../../Engine/Content/EngineMaterials/Substrate/GLints/dict_16_192_64_0p5_0p02_0016_0001.uasset" 4526
"/Engine/EngineMaterials/Substrate/GLints/dict_16_192_64_0p5_0p02_0015_0011" 4527
"../../../Engine/Content/EngineMaterials/Substrate/GLints/dict_16_192_64_0p5_0p02_0016_0007.uasset" 4528
"../../../Engine/Content/EngineMaterials/Substrate/GLints/dict_16_192_64_0p5_0p02_0015_0014.uasset" 4529
"../../../Engine/Content/EngineMaterials/Substrate/GLints/dict_16_192_64_0p5_0p02_0015_0015.uasset" 4530
"/Engine/EngineMaterials/Substrate/GLints/dict_16_192_64_0p5_0p02_0015_0010" 4531
"../../../Engine/Content/EngineMaterials/Substrate/GLints/dict_16_192_64_0p5_0p02_0016_0000.uasset" 4532
"../../../Engine/Content/EngineMaterials/Substrate/GLints/dict_16_192_64_0p5_0p02_0016_0002.uasset" 4533
"/Engine/EngineMaterials/Substrate/GLints/dict_16_192_64_0p5_0p02_0015_0009" 4534
"/Engine/EngineMaterials/Substrate/GLints/dict_16_192_64_0p5_0p02_0015_0013" 4535
"/Engine/EngineMaterials/Substrate/GLints/dict_16_192_64_0p5_0p02_0015_0008" 4536
"../../../Engine/Content/EngineMaterials/Substrate/GLints/dict_16_192_64_0p5_0p02_0016_0006.uasset" 4537
"/Engine/EngineMaterials/Substrate/GLints/dict_16_192_64_0p5_0p02_0015_0007" 4538
"/Engine/EngineMaterials/Substrate/GLints/dict_16_192_64_0p5_0p02_0015_0006" 4539
"/Engine/EngineMaterials/Substrate/GLints/dict_16_192_64_0p5_0p02_0016_0007" 4540
"/Engine/EngineMaterials/Substrate/GLints/dict_16_192_64_0p5_0p02_0016_0006" 4541
"/Engine/EngineMaterials/Substrate/GLints/dict_16_192_64_0p5_0p02_0016_0005" 4542
"/Engine/EngineMaterials/Substrate/GLints/dict_16_192_64_0p5_0p02_0016_0004" 4543
"/Engine/EngineMaterials/Substrate/GLints/dict_16_192_64_0p5_0p02_0016_0003" 4544
"/Engine/EngineMaterials/Substrate/GLints/dict_16_192_64_0p5_0p02_0016_0002" 4545
"/Engine/EngineMaterials/Substrate/GLints/dict_16_192_64_0p5_0p02_0016_0001" 4546
"/Engine/EngineMaterials/Substrate/GLints/dict_16_192_64_0p5_0p02_0016_0000" 4547
"/Engine/EngineMaterials/Substrate/GLints/dict_16_192_64_0p5_0p02_0015_0015" 4548
"/Engine/EngineMaterials/Substrate/GLints/dict_16_192_64_0p5_0p02_0015_0014" 4549
"../../../Engine/Content/EngineMaterials/Substrate/GLints/dict_16_192_64_0p5_0p02_0016_0010.uasset" 4550
"../../../Engine/Content/EngineMaterials/Substrate/GLints/dict_16_192_64_0p5_0p02_0016_0009.uasset" 4551
"../../../Engine/Content/EngineMaterials/Substrate/GLints/dict_16_192_64_0p5_0p02_0016_0012.uasset" 4552
"../../../Engine/Content/EngineMaterials/Substrate/GLints/dict_16_192_64_0p5_0p02_0017_0001.uasset" 4553
"../../../Engine/Content/EngineMaterials/Substrate/GLints/dict_16_192_64_0p5_0p02_0016_0008.uasset" 4554
"../../../Engine/Content/EngineMaterials/Substrate/GLints/dict_16_192_64_0p5_0p02_0016_0011.uasset" 4555
"../../../Engine/Content/EngineMaterials/Substrate/GLints/dict_16_192_64_0p5_0p02_0016_0014.uasset" 4556
"../../../Engine/Content/EngineMaterials/Substrate/GLints/dict_16_192_64_0p5_0p02_0016_0013.uasset" 4557
"../../../Engine/Content/EngineMaterials/Substrate/GLints/dict_16_192_64_0p5_0p02_0017_0002.uasset" 4558
"../../../Engine/Content/EngineMaterials/Substrate/GLints/dict_16_192_64_0p5_0p02_0016_0015.uasset" 4559
"/Engine/EngineMaterials/Substrate/GLints/dict_16_192_64_0p5_0p02_0017_0002" 4560
"/Engine/EngineMaterials/Substrate/GLints/dict_16_192_64_0p5_0p02_0017_0001" 4561
"/Engine/EngineMaterials/Substrate/GLints/dict_16_192_64_0p5_0p02_0016_0015" 4562
"/Engine/EngineMaterials/Substrate/GLints/dict_16_192_64_0p5_0p02_0016_0014" 4563
"/Engine/EngineMaterials/Substrate/GLints/dict_16_192_64_0p5_0p02_0016_0011" 4564
"/Engine/EngineMaterials/Substrate/GLints/dict_16_192_64_0p5_0p02_0016_0010" 4565
"../../../Engine/Content/EngineMaterials/Substrate/GLints/dict_16_192_64_0p5_0p02_0017_0000.uasset" 4566
"/Engine/EngineMaterials/Substrate/GLints/dict_16_192_64_0p5_0p02_0016_0009" 4567
"/Engine/EngineMaterials/Substrate/GLints/dict_16_192_64_0p5_0p02_0016_0008" 4568
"/Engine/EngineMaterials/Substrate/GLints/dict_16_192_64_0p5_0p02_0016_0013" 4569
"/Engine/EngineMaterials/Substrate/GLints/dict_16_192_64_0p5_0p02_0016_0012" 4570
"../../../Engine/Content/EngineMaterials/Substrate/GLints/dict_16_192_64_0p5_0p02_0017_0003.uasset" 4571
"/Engine/EngineMaterials/Substrate/GLints/dict_16_192_64_0p5_0p02_0017_0000" 4572
"/Engine/EngineMaterials/Substrate/GLints/dict_16_192_64_0p5_0p02_0017_0003" 4573
"../../../Engine/Content/EngineMaterials/Substrate/GLints/dict_16_192_64_0p5_0p02_0017_0007.uasset" 4574
"../../../Engine/Content/EngineMaterials/Substrate/GLints/dict_16_192_64_0p5_0p02_0017_0004.uasset" 4575
"../../../Engine/Content/EngineMaterials/Substrate/GLints/dict_16_192_64_0p5_0p02_0017_0013.uasset" 4576
"../../../Engine/Content/EngineMaterials/Substrate/GLints/dict_16_192_64_0p5_0p02_0017_0005.uasset" 4577
"../../../Engine/Content/EngineMaterials/Substrate/GLints/dict_16_192_64_0p5_0p02_0017_0008.uasset" 4578
"../../../Engine/Content/EngineMaterials/Substrate/GLints/dict_16_192_64_0p5_0p02_0017_0011.uasset" 4579
"../../../Engine/Content/EngineMaterials/Substrate/GLints/dict_16_192_64_0p5_0p02_0017_0009.uasset" 4580
"../../../Engine/Content/EngineMaterials/Substrate/GLints/dict_16_192_64_0p5_0p02_0017_0010.uasset" 4581
"../../../Engine/Content/EngineMaterials/Substrate/GLints/dict_16_192_64_0p5_0p02_0017_0006.uasset" 4582
"/Engine/EngineMaterials/Substrate/GLints/dict_16_192_64_0p5_0p02_0017_0013" 4583
"/Engine/EngineMaterials/Substrate/GLints/dict_16_192_64_0p5_0p02_0017_0011" 4584
"/Engine/EngineMaterials/Substrate/GLints/dict_16_192_64_0p5_0p02_0017_0010" 4585
"/Engine/EngineMaterials/Substrate/GLints/dict_16_192_64_0p5_0p02_0017_0009" 4586
"../../../Engine/Content/EngineMaterials/Substrate/GLints/dict_16_192_64_0p5_0p02_0017_0014.uasset" 4587
"/Engine/EngineMaterials/Substrate/GLints/dict_16_192_64_0p5_0p02_0017_0008" 4588
"/Engine/EngineMaterials/Substrate/GLints/dict_16_192_64_0p5_0p02_0017_0007" 4589
"/Engine/EngineMaterials/Substrate/GLints/dict_16_192_64_0p5_0p02_0017_0006" 4590
"/Engine/EngineMaterials/Substrate/GLints/dict_16_192_64_0p5_0p02_0017_0005" 4591
"/Engine/EngineMaterials/Substrate/GLints/dict_16_192_64_0p5_0p02_0017_0004" 4592
"/Engine/EngineMaterials/Substrate/GLints/dict_16_192_64_0p5_0p02_0017_0014" 4593
"../../../Engine/Content/EngineMaterials/Substrate/GLints/dict_16_192_64_0p5_0p02_0017_0015.uasset" 4594
"../../../Engine/Content/EngineMaterials/Substrate/GLints/dict_16_192_64_0p5_0p02_0018_0006.uasset" 4595
"../../../Engine/Content/EngineMaterials/Substrate/GLints/dict_16_192_64_0p5_0p02_0018_0004.uasset" 4596
"../../../Engine/Content/EngineMaterials/Substrate/GLints/dict_16_192_64_0p5_0p02_0018_0008.uasset" 4597
"../../../Engine/Content/EngineMaterials/Substrate/GLints/dict_16_192_64_0p5_0p02_0018_0005.uasset" 4598
"/Engine/EngineMaterials/Substrate/GLints/dict_16_192_64_0p5_0p02_0017_0015" 4599
"../../../Engine/Content/EngineMaterials/Substrate/GLints/dict_16_192_64_0p5_0p02_0018_0003.uasset" 4600
"../../../Engine/Content/EngineMaterials/Substrate/GLints/dict_16_192_64_0p5_0p02_0018_0002.uasset" 4601
"/Engine/EngineMaterials/Substrate/GLints/dict_16_192_64_0p5_0p02_0018_0006" 4602
"/Engine/EngineMaterials/Substrate/GLints/dict_16_192_64_0p5_0p02_0018_0005" 4603
"/Engine/EngineMaterials/Substrate/GLints/dict_16_192_64_0p5_0p02_0018_0004" 4604
"/Engine/EngineMaterials/Substrate/GLints/dict_16_192_64_0p5_0p02_0018_0008" 4605
"/Engine/EngineMaterials/Substrate/GLints/dict_16_192_64_0p5_0p02_0018_0003" 4606
"../../../Engine/Content/EngineMaterials/Substrate/GLints/dict_16_192_64_0p5_0p02_0018_0001.uasset" 4607
"/Engine/EngineMaterials/Substrate/GLints/dict_16_192_64_0p5_0p02_0018_0002" 4608
"../../../Engine/Content/EngineMaterials/Substrate/GLints/dict_16_192_64_0p5_0p02_0017_0012.uasset" 4609
"/Engine/EngineMaterials/Substrate/GLints/dict_16_192_64_0p5_0p02_0018_0001" 4610
"/Engine/EngineMaterials/Substrate/GLints/dict_16_192_64_0p5_0p02_0017_0012" 4611
"../../../Engine/Content/EngineMaterials/Substrate/GLints/dict_16_192_64_0p5_0p02_0018_0000.uasset" 4612
"../../../Engine/Content/EngineMaterials/Substrate/GLints/dict_16_192_64_0p5_0p02_0018_0009.uasset" 4613
"../../../Engine/Content/EngineMaterials/Substrate/GLints/dict_16_192_64_0p5_0p02_0018_0007.uasset" 4614
"../../../Engine/Content/EngineMaterials/Substrate/GLints/dict_16_192_64_0p5_0p02_0019_0000.uasset" 4615
"../../../Engine/Content/EngineMaterials/Substrate/GLints/dict_16_192_64_0p5_0p02_0018_0011.uasset" 4616
"../../../Engine/Content/EngineMaterials/Substrate/GLints/dict_16_192_64_0p5_0p02_0019_0002.uasset" 4617
"../../../Engine/Content/EngineMaterials/Substrate/GLints/dict_16_192_64_0p5_0p02_0018_0014.uasset" 4618
"../../../Engine/Content/EngineMaterials/Substrate/GLints/dict_16_192_64_0p5_0p02_0018_0015.uasset" 4619
"../../../Engine/Content/EngineMaterials/Substrate/GLints/dict_16_192_64_0p5_0p02_0019_0001.uasset" 4620
"../../../Engine/Content/EngineMaterials/Substrate/GLints/dict_16_192_64_0p5_0p02_0018_0010.uasset" 4621
"../../../Engine/Content/EngineMaterials/Substrate/GLints/dict_16_192_64_0p5_0p02_0018_0013.uasset" 4622
"../../../Engine/Content/EngineMaterials/Substrate/GLints/dict_16_192_64_0p5_0p02_0018_0012.uasset" 4623
"/Engine/EngineMaterials/Substrate/GLints/dict_16_192_64_0p5_0p02_0019_0000" 4624
"/Engine/EngineMaterials/Substrate/GLints/dict_16_192_64_0p5_0p02_0019_0002" 4625
"../../../Engine/Content/EngineMaterials/Substrate/GLints/dict_16_192_64_0p5_0p02_0019_0003.uasset" 4626
"/Engine/EngineMaterials/Substrate/GLints/dict_16_192_64_0p5_0p02_0018_0015" 4627
"/Engine/EngineMaterials/Substrate/GLints/dict_16_192_64_0p5_0p02_0018_0014" 4628
"/Engine/EngineMaterials/Substrate/GLints/dict_16_192_64_0p5_0p02_0018_0011" 4629
"/Engine/EngineMaterials/Substrate/GLints/dict_16_192_64_0p5_0p02_0018_0007" 4630
"/Engine/EngineMaterials/Substrate/GLints/dict_16_192_64_0p5_0p02_0018_0000" 4631
"/Engine/EngineMaterials/Substrate/GLints/dict_16_192_64_0p5_0p02_0018_0009" 4632
"/Engine/EngineMaterials/Substrate/GLints/dict_16_192_64_0p5_0p02_0019_0003" 4633
"/Engine/EngineMaterials/Substrate/GLints/dict_16_192_64_0p5_0p02_0019_0001" 4634
"/Engine/EngineMaterials/Substrate/GLints/dict_16_192_64_0p5_0p02_0018_0013" 4635
"/Engine/EngineMaterials/Substrate/GLints/dict_16_192_64_0p5_0p02_0018_0012" 4636
"../../../Engine/Content/EngineMaterials/Substrate/GLints/dict_16_192_64_0p5_0p02_0019_0005.uasset" 4637
"/Engine/EngineMaterials/Substrate/GLints/dict_16_192_64_0p5_0p02_0018_0010" 4638
"../../../Engine/Content/EngineMaterials/Substrate/GLints/dict_16_192_64_0p5_0p02_0019_0004.uasset" 4639
"/Engine/EngineMaterials/Substrate/GLints/dict_16_192_64_0p5_0p02_0019_0005" 4640
"/Engine/EngineMaterials/Substrate/GLints/dict_16_192_64_0p5_0p02_0019_0004" 4641
"../../../Engine/Content/EngineMaterials/Substrate/GLints/dict_16_192_64_0p5_0p02_0019_0009.uasset" 4642
"../../../Engine/Content/EngineMaterials/Substrate/GLints/dict_16_192_64_0p5_0p02_0019_0013.uasset" 4643
"../../../Engine/Content/EngineMaterials/Substrate/GLints/dict_16_192_64_0p5_0p02_0019_0015.uasset" 4644
"../../../Engine/Content/EngineMaterials/Substrate/GLints/dict_16_192_64_0p5_0p02_0019_0008.uasset" 4645
"../../../Engine/Content/EngineMaterials/Substrate/GLints/dict_16_192_64_0p5_0p02_0019_0006.uasset" 4646
"../../../Engine/Content/EngineMaterials/Substrate/GLints/dict_16_192_64_0p5_0p02_0019_0010.uasset" 4647
"/Engine/EngineMaterials/Substrate/GLints/dict_16_192_64_0p5_0p02_0019_0013" 4648
"../../../Engine/Content/EngineMaterials/Substrate/GLints/dict_16_192_64_0p5_0p02_0019_0011.uasset" 4649
"../../../Engine/Content/EngineMaterials/Substrate/GLints/dict_16_192_64_0p5_0p02_0019_0012.uasset" 4650
"../../../Engine/Content/EngineMaterials/Substrate/GLints/dict_16_192_64_0p5_0p02_0020_0000.uasset" 4651
"../../../Engine/Content/EngineMaterials/Substrate/GLints/dict_16_192_64_0p5_0p02_0019_0007.uasset" 4652
"/Engine/EngineMaterials/Substrate/GLints/dict_16_192_64_0p5_0p02_0019_0009" 4653
"/Engine/EngineMaterials/Substrate/GLints/dict_16_192_64_0p5_0p02_0019_0008" 4654
"/Engine/EngineMaterials/Substrate/GLints/dict_16_192_64_0p5_0p02_0019_0015" 4655
"/Engine/EngineMaterials/Substrate/GLints/dict_16_192_64_0p5_0p02_0019_0012" 4656
"/Engine/EngineMaterials/Substrate/GLints/dict_16_192_64_0p5_0p02_0020_0000" 4657
"../../../Engine/Content/EngineMaterials/Substrate/GLints/dict_16_192_64_0p5_0p02_0019_0014.uasset" 4658
"/Engine/EngineMaterials/Substrate/GLints/dict_16_192_64_0p5_0p02_0019_0011" 4659
"/Engine/EngineMaterials/Substrate/GLints/dict_16_192_64_0p5_0p02_0019_0010" 4660
"/Engine/EngineMaterials/Substrate/GLints/dict_16_192_64_0p5_0p02_0019_0007" 4661
"/Engine/EngineMaterials/Substrate/GLints/dict_16_192_64_0p5_0p02_0019_0006" 4662
"/Engine/EngineMaterials/Substrate/GLints/dict_16_192_64_0p5_0p02_0019_0014" 4663
"../../../Engine/Content/EngineMaterials/Substrate/GLints/dict_16_192_64_0p5_0p02_0020_0001.uasset" 4664
"../../../Engine/Content/EngineMaterials/Substrate/GLints/dict_16_192_64_0p5_0p02_0020_0010.uasset" 4665
"../../../Engine/Content/EngineMaterials/Substrate/GLints/dict_16_192_64_0p5_0p02_0020_0008.uasset" 4666
"../../../Engine/Content/EngineMaterials/Substrate/GLints/dict_16_192_64_0p5_0p02_0020_0005.uasset" 4667
"../../../Engine/Content/EngineMaterials/Substrate/GLints/dict_16_192_64_0p5_0p02_0020_0011.uasset" 4668
"../../../Engine/Content/EngineMaterials/Substrate/GLints/dict_16_192_64_0p5_0p02_0020_0004.uasset" 4669
"../../../Engine/Content/EngineMaterials/Substrate/GLints/dict_16_192_64_0p5_0p02_0020_0012.uasset" 4670
"../../../Engine/Content/EngineMaterials/Substrate/GLints/dict_16_192_64_0p5_0p02_0020_0009.uasset" 4671
"../../../Engine/Content/EngineMaterials/Substrate/GLints/dict_16_192_64_0p5_0p02_0020_0006.uasset" 4672
"../../../Engine/Content/EngineMaterials/Substrate/GLints/dict_16_192_64_0p5_0p02_0020_0014.uasset" 4673
"../../../Engine/Content/EngineMaterials/Substrate/GLints/dict_16_192_64_0p5_0p02_0020_0003.uasset" 4674
"../../../Engine/Content/EngineMaterials/Substrate/GLints/dict_16_192_64_0p5_0p02_0020_0007.uasset" 4675
"/Engine/EngineMaterials/Substrate/GLints/dict_16_192_64_0p5_0p02_0020_0012" 4676
"/Engine/EngineMaterials/Substrate/GLints/dict_16_192_64_0p5_0p02_0020_0011" 4677
"/Engine/EngineMaterials/Substrate/GLints/dict_16_192_64_0p5_0p02_0020_0010" 4678
"/Engine/EngineMaterials/Substrate/GLints/dict_16_192_64_0p5_0p02_0020_0009" 4679
"/Engine/EngineMaterials/Substrate/GLints/dict_16_192_64_0p5_0p02_0020_0001" 4680
"/Engine/EngineMaterials/Substrate/GLints/dict_16_192_64_0p5_0p02_0020_0004" 4681
"/Engine/EngineMaterials/Substrate/GLints/dict_16_192_64_0p5_0p02_0020_0006" 4682
"/Engine/EngineMaterials/Substrate/GLints/dict_16_192_64_0p5_0p02_0020_0008" 4683
"/Engine/EngineMaterials/Substrate/GLints/dict_16_192_64_0p5_0p02_0020_0005" 4684
"/Engine/EngineMaterials/Substrate/GLints/dict_16_192_64_0p5_0p02_0020_0014" 4685
"/Engine/EngineMaterials/Substrate/GLints/dict_16_192_64_0p5_0p02_0020_0003" 4686
"/Engine/EngineMaterials/Substrate/GLints/dict_16_192_64_0p5_0p02_0020_0007" 4687
"../../../Engine/Content/EngineMaterials/Substrate/GLints/dict_16_192_64_0p5_0p02_0020_0002.uasset" 4688
"../../../Engine/Content/EngineMaterials/Substrate/GLints/dict_16_192_64_0p5_0p02_0020_0013.uasset" 4689
"../../../Engine/Content/EngineMaterials/Substrate/GLints/dict_16_192_64_0p5_0p02_0021_0008.uasset" 4690
"../../../Engine/Content/EngineMaterials/Substrate/GLints/dict_16_192_64_0p5_0p02_0021_0001.uasset" 4691
"../../../Engine/Content/EngineMaterials/Substrate/GLints/dict_16_192_64_0p5_0p02_0021_0007.uasset" 4692
"../../../Engine/Content/EngineMaterials/Substrate/GLints/dict_16_192_64_0p5_0p02_0021_0004.uasset" 4693
"../../../Engine/Content/EngineMaterials/Substrate/GLints/dict_16_192_64_0p5_0p02_0021_0006.uasset" 4694
"../../../Engine/Content/EngineMaterials/Substrate/GLints/dict_16_192_64_0p5_0p02_0021_0000.uasset" 4695
"../../../Engine/Content/EngineMaterials/Substrate/GLints/dict_16_192_64_0p5_0p02_0021_0005.uasset" 4696
"../../../Engine/Content/EngineMaterials/Substrate/GLints/dict_16_192_64_0p5_0p02_0021_0010.uasset" 4697
"../../../Engine/Content/EngineMaterials/Substrate/GLints/dict_16_192_64_0p5_0p02_0021_0003.uasset" 4698
"../../../Engine/Content/EngineMaterials/Substrate/GLints/dict_16_192_64_0p5_0p02_0020_0015.uasset" 4699
"../../../Engine/Content/EngineMaterials/Substrate/GLints/dict_16_192_64_0p5_0p02_0021_0002.uasset" 4700
"../../../Engine/Content/EngineMaterials/Substrate/GLints/dict_16_192_64_0p5_0p02_0021_0009.uasset" 4701
"/Engine/EngineMaterials/Substrate/GLints/dict_16_192_64_0p5_0p02_0021_0003" 4702
"/Engine/EngineMaterials/Substrate/GLints/dict_16_192_64_0p5_0p02_0021_0002" 4703
"/Engine/EngineMaterials/Substrate/GLints/dict_16_192_64_0p5_0p02_0020_0013" 4704
"/Engine/EngineMaterials/Substrate/GLints/dict_16_192_64_0p5_0p02_0021_0001" 4705
"/Engine/EngineMaterials/Substrate/GLints/dict_16_192_64_0p5_0p02_0021_0000" 4706
"/Engine/EngineMaterials/Substrate/GLints/dict_16_192_64_0p5_0p02_0020_0015" 4707
"/Engine/EngineMaterials/Substrate/GLints/dict_16_192_64_0p5_0p02_0020_0002" 4708
"/Engine/EngineMaterials/Substrate/GLints/dict_16_192_64_0p5_0p02_0021_0009" 4709
"/Engine/EngineMaterials/Substrate/GLints/dict_16_192_64_0p5_0p02_0021_0008" 4710
"/Engine/EngineMaterials/Substrate/GLints/dict_16_192_64_0p5_0p02_0021_0007" 4711
"/Engine/EngineMaterials/Substrate/GLints/dict_16_192_64_0p5_0p02_0021_0010" 4712
"../../../Engine/Content/EngineMaterials/Substrate/GLints/dict_16_192_64_0p5_0p02_0021_0013.uasset" 4713
"/Engine/EngineMaterials/Substrate/GLints/dict_16_192_64_0p5_0p02_0021_0005" 4714
"../../../Engine/Content/EngineMaterials/Substrate/GLints/dict_16_192_64_0p5_0p02_0022_0003.uasset" 4715
"../../../Engine/Content/EngineMaterials/Substrate/GLints/dict_16_192_64_0p5_0p02_0022_0001.uasset" 4716
"../../../Engine/Content/EngineMaterials/Substrate/GLints/dict_16_192_64_0p5_0p02_0021_0014.uasset" 4717
"../../../Engine/Content/EngineMaterials/Substrate/GLints/dict_16_192_64_0p5_0p02_0022_0005.uasset" 4718
"/Engine/EngineMaterials/Substrate/GLints/dict_16_192_64_0p5_0p02_0021_0004" 4719
"../../../Engine/Content/EngineMaterials/Substrate/GLints/dict_16_192_64_0p5_0p02_0021_0015.uasset" 4720
"../../../Engine/Content/EngineMaterials/Substrate/GLints/dict_16_192_64_0p5_0p02_0022_0004.uasset" 4721
"../../../Engine/Content/EngineMaterials/Substrate/GLints/dict_16_192_64_0p5_0p02_0021_0012.uasset" 4722
"/Engine/EngineMaterials/Substrate/GLints/dict_16_192_64_0p5_0p02_0021_0006" 4723
"../../../Engine/Content/EngineMaterials/Substrate/GLints/dict_16_192_64_0p5_0p02_0022_0002.uasset" 4724
"../../../Engine/Content/EngineMaterials/Substrate/GLints/dict_16_192_64_0p5_0p02_0022_0000.uasset" 4725
"/Engine/EngineMaterials/Substrate/GLints/dict_16_192_64_0p5_0p02_0021_0015" 4726
"/Engine/EngineMaterials/Substrate/GLints/dict_16_192_64_0p5_0p02_0022_0005" 4727
"/Engine/EngineMaterials/Substrate/GLints/dict_16_192_64_0p5_0p02_0021_0014" 4728
"/Engine/EngineMaterials/Substrate/GLints/dict_16_192_64_0p5_0p02_0022_0004" 4729
"/Engine/EngineMaterials/Substrate/GLints/dict_16_192_64_0p5_0p02_0022_0003" 4730
"/Engine/EngineMaterials/Substrate/GLints/dict_16_192_64_0p5_0p02_0022_0002" 4731
"/Engine/EngineMaterials/Substrate/GLints/dict_16_192_64_0p5_0p02_0022_0001" 4732
"/Engine/EngineMaterials/Substrate/GLints/dict_16_192_64_0p5_0p02_0021_0013" 4733
"/Engine/EngineMaterials/Substrate/GLints/dict_16_192_64_0p5_0p02_0021_0012" 4734
"/Engine/EngineMaterials/Substrate/GLints/dict_16_192_64_0p5_0p02_0022_0000" 4735
"../../../Engine/Content/EngineMaterials/Substrate/GLints/dict_16_192_64_0p5_0p02_0022_0006.uasset" 4736
"../../../Engine/Content/EngineMaterials/Substrate/GLints/dict_16_192_64_0p5_0p02_0022_0008.uasset" 4737
"../../../Engine/Content/EngineMaterials/Substrate/GLints/dict_16_192_64_0p5_0p02_0022_0007.uasset" 4738
"../../../Engine/Content/EngineMaterials/Substrate/GLints/dict_16_192_64_0p5_0p02_0022_0009.uasset" 4739
"../../../Engine/Content/EngineMaterials/Substrate/GLints/dict_16_192_64_0p5_0p02_0022_0012.uasset" 4740
"/Engine/EngineMaterials/Substrate/GLints/dict_16_192_64_0p5_0p02_0022_0008" 4741
"../../../Engine/Content/EngineMaterials/Substrate/GLints/dict_16_192_64_0p5_0p02_0022_0011.uasset" 4742
"../../../Engine/Content/EngineMaterials/Substrate/GLints/dict_16_192_64_0p5_0p02_0022_0013.uasset" 4743
"../../../Engine/Content/EngineMaterials/Substrate/GLints/dict_16_192_64_0p5_0p02_0022_0014.uasset" 4744
"../../../Engine/Content/EngineMaterials/Substrate/GLints/dict_16_192_64_0p5_0p02_0022_0015.uasset" 4745
"/Engine/EngineMaterials/Substrate/GLints/dict_16_192_64_0p5_0p02_0022_0007" 4746
"/Engine/EngineMaterials/Substrate/GLints/dict_16_192_64_0p5_0p02_0022_0006" 4747
"/Engine/EngineMaterials/Substrate/GLints/dict_16_192_64_0p5_0p02_0022_0012" 4748
"/Engine/EngineMaterials/Substrate/GLints/dict_16_192_64_0p5_0p02_0022_0009" 4749
"/Engine/EngineMaterials/Substrate/GLints/dict_16_192_64_0p5_0p02_0022_0011" 4750
"/Engine/EngineMaterials/Substrate/GLints/dict_16_192_64_0p5_0p02_0022_0015" 4751
"/Engine/EngineMaterials/Substrate/GLints/dict_16_192_64_0p5_0p02_0022_0014" 4752
"/Engine/EngineMaterials/Substrate/GLints/dict_16_192_64_0p5_0p02_0022_0013" 4753
"../../../Engine/Content/EngineMaterials/Substrate/GLints/dict_16_192_64_0p5_0p02_0022_0010.uasset" 4754
"../../../Engine/Content/EngineMaterials/Substrate/GLints/dict_16_192_64_0p5_0p02_0023_0001.uasset" 4755
"../../../Engine/Content/EngineMaterials/Substrate/GLints/dict_16_192_64_0p5_0p02_0023_0002.uasset" 4756
"../../../Engine/Content/EngineMaterials/Substrate/GLints/dict_16_192_64_0p5_0p02_0021_0011.uasset" 4757
"../../../Engine/Content/EngineMaterials/Substrate/GLints/dict_16_192_64_0p5_0p02_0023_0004.uasset" 4758
"../../../Engine/Content/EngineMaterials/Substrate/GLints/dict_16_192_64_0p5_0p02_0023_0009.uasset" 4759
"../../../Engine/Content/EngineMaterials/Substrate/GLints/dict_16_192_64_0p5_0p02_0023_0007.uasset" 4760
"../../../Engine/Content/EngineMaterials/Substrate/GLints/dict_16_192_64_0p5_0p02_0023_0005.uasset" 4761
"../../../Engine/Content/EngineMaterials/Substrate/GLints/dict_16_192_64_0p5_0p02_0023_0010.uasset" 4762
"../../../Engine/Content/EngineMaterials/Substrate/GLints/dict_16_192_64_0p5_0p02_0023_0006.uasset" 4763
"/Engine/EngineMaterials/Substrate/GLints/dict_16_192_64_0p5_0p02_0023_0010" 4764
"/Engine/EngineMaterials/Substrate/GLints/dict_16_192_64_0p5_0p02_0023_0009" 4765
"/Engine/EngineMaterials/Substrate/GLints/dict_16_192_64_0p5_0p02_0023_0007" 4766
"/Engine/EngineMaterials/Substrate/GLints/dict_16_192_64_0p5_0p02_0023_0005" 4767
"/Engine/EngineMaterials/Substrate/GLints/dict_16_192_64_0p5_0p02_0023_0004" 4768
"/Engine/EngineMaterials/Substrate/GLints/dict_16_192_64_0p5_0p02_0023_0002" 4769
"../../../Engine/Content/EngineMaterials/Substrate/GLints/dict_16_192_64_0p5_0p02_0023_0011.uasset" 4770
"/Engine/EngineMaterials/Substrate/GLints/dict_16_192_64_0p5_0p02_0023_0001" 4771
"/Engine/EngineMaterials/Substrate/GLints/dict_16_192_64_0p5_0p02_0021_0011" 4772
"/Engine/EngineMaterials/Substrate/GLints/dict_16_192_64_0p5_0p02_0022_0010" 4773
"/Engine/EngineMaterials/Substrate/GLints/dict_16_192_64_0p5_0p02_0023_0006" 4774
"../../../Engine/Content/EngineMaterials/Substrate/GLints/dict_16_192_64_0p5_0p02_0023_0013.uasset" 4775
"../../../Engine/Content/EngineMaterials/Substrate/GLints/dict_16_192_64_0p5_0p02_0023_0008.uasset" 4776
"../../../Engine/Content/EngineMaterials/Substrate/GLints/dict_16_192_64_0p5_0p02_0023_0014.uasset" 4777
"../../../Engine/Content/EngineMaterials/Substrate/GLints/dict_16_192_64_0p5_0p02_0023_0012.uasset" 4778
"../../../Engine/Content/EngineMaterials/Substrate/GLints/dict_16_192_64_0p5_0p02_0023_0000.uasset" 4779
"../../../Engine/Content/EngineMaterials/Substrate/GLints/dict_16_192_64_0p5_0p02_0024_0003.uasset" 4780
"../../../Engine/Content/EngineMaterials/Substrate/GLints/dict_16_192_64_0p5_0p02_0024_0002.uasset" 4781
"../../../Engine/Content/EngineMaterials/Substrate/GLints/dict_16_192_64_0p5_0p02_0024_0004.uasset" 4782
"../../../Engine/Content/EngineMaterials/Substrate/GLints/dict_16_192_64_0p5_0p02_0024_0000.uasset" 4783
"../../../Engine/Content/EngineMaterials/Substrate/GLints/dict_16_192_64_0p5_0p02_0024_0001.uasset" 4784
"/Engine/EngineMaterials/Substrate/GLints/dict_16_192_64_0p5_0p02_0023_0008" 4785
"/Engine/EngineMaterials/Substrate/GLints/dict_16_192_64_0p5_0p02_0024_0003" 4786
"/Engine/EngineMaterials/Substrate/GLints/dict_16_192_64_0p5_0p02_0024_0002" 4787
"/Engine/EngineMaterials/Substrate/GLints/dict_16_192_64_0p5_0p02_0024_0001" 4788
"/Engine/EngineMaterials/Substrate/GLints/dict_16_192_64_0p5_0p02_0024_0000" 4789
"/Engine/EngineMaterials/Substrate/GLints/dict_16_192_64_0p5_0p02_0023_0014" 4790
"/Engine/EngineMaterials/Substrate/GLints/dict_16_192_64_0p5_0p02_0024_0004" 4791
"/Engine/EngineMaterials/Substrate/GLints/dict_16_192_64_0p5_0p02_0023_0013" 4792
"../../../Engine/Content/EngineMaterials/Substrate/GLints/dict_16_192_64_0p5_0p02_0024_0010.uasset" 4793
"../../../Engine/Content/EngineMaterials/Substrate/GLints/dict_16_192_64_0p5_0p02_0024_0005.uasset" 4794
"/Engine/EngineMaterials/Substrate/GLints/dict_16_192_64_0p5_0p02_0023_0012" 4795
"../../../Engine/Content/EngineMaterials/Substrate/GLints/dict_16_192_64_0p5_0p02_0024_0013.uasset" 4796
"/Engine/EngineMaterials/Substrate/GLints/dict_16_192_64_0p5_0p02_0023_0011" 4797
"../../../Engine/Content/EngineMaterials/Substrate/GLints/dict_16_192_64_0p5_0p02_0024_0012.uasset" 4798
"/Engine/EngineMaterials/Substrate/GLints/dict_16_192_64_0p5_0p02_0023_0000" 4799
"../../../Engine/Content/EngineMaterials/Substrate/GLints/dict_16_192_64_0p5_0p02_0024_0006.uasset" 4800
"../../../Engine/Content/EngineMaterials/Substrate/GLints/dict_16_192_64_0p5_0p02_0024_0009.uasset" 4801
"/Engine/EngineMaterials/Substrate/GLints/dict_16_192_64_0p5_0p02_0024_0013" 4802
"/Engine/EngineMaterials/Substrate/GLints/dict_16_192_64_0p5_0p02_0024_0012" 4803
"/Engine/EngineMaterials/Substrate/GLints/dict_16_192_64_0p5_0p02_0024_0006" 4804
"/Engine/EngineMaterials/Substrate/GLints/dict_16_192_64_0p5_0p02_0024_0005" 4805
"../../../Engine/Content/EngineMaterials/Substrate/GLints/dict_16_192_64_0p5_0p02_0024_0007.uasset" 4806
"/Engine/EngineMaterials/Substrate/GLints/dict_16_192_64_0p5_0p02_0024_0010" 4807
"/Engine/EngineMaterials/Substrate/GLints/dict_16_192_64_0p5_0p02_0024_0007" 4808
"/Engine/EngineMaterials/Substrate/GLints/dict_16_192_64_0p5_0p02_0024_0009" 4809
"../../../Engine/Content/EngineMaterials/Substrate/GLints/dict_16_192_64_0p5_0p02_0024_0015.uasset" 4810
"../../../Engine/Content/EngineMaterials/Substrate/GLints/dict_16_192_64_0p5_0p02_0023_0015.uasset" 4811
"../../../Engine/Content/EngineMaterials/Substrate/GLints/dict_16_192_64_0p5_0p02_0024_0008.uasset" 4812
"../../../Engine/Content/EngineMaterials/Substrate/GLints/dict_16_192_64_0p5_0p02_0025_0000.uasset" 4813
"../../../Engine/Content/EngineMaterials/Substrate/GLints/dict_16_192_64_0p5_0p02_0024_0014.uasset" 4814
"../../../Engine/Content/EngineMaterials/Substrate/GLints/dict_16_192_64_0p5_0p02_0025_0002.uasset" 4815
"../../../Engine/Content/EngineMaterials/Substrate/GLints/dict_16_192_64_0p5_0p02_0025_0004.uasset" 4816
"../../../Engine/Content/EngineMaterials/Substrate/GLints/dict_16_192_64_0p5_0p02_0025_0001.uasset" 4817
"../../../Engine/Content/EngineMaterials/Substrate/GLints/dict_16_192_64_0p5_0p02_0025_0003.uasset" 4818
"../../../Engine/Content/EngineMaterials/Substrate/GLints/dict_16_192_64_0p5_0p02_0023_0003.uasset" 4819
"/Engine/EngineMaterials/Substrate/GLints/dict_16_192_64_0p5_0p02_0025_0004" 4820
"../../../Engine/Content/EngineMaterials/Substrate/GLints/dict_16_192_64_0p5_0p02_0025_0007.uasset" 4821
"../../../Engine/Content/EngineMaterials/Substrate/GLints/dict_16_192_64_0p5_0p02_0025_0005.uasset" 4822
"/Engine/EngineMaterials/Substrate/GLints/dict_16_192_64_0p5_0p02_0025_0003" 4823
"/Engine/EngineMaterials/Substrate/GLints/dict_16_192_64_0p5_0p02_0025_0002" 4824
"/Engine/EngineMaterials/Substrate/GLints/dict_16_192_64_0p5_0p02_0023_0015" 4825
"/Engine/EngineMaterials/Substrate/GLints/dict_16_192_64_0p5_0p02_0025_0001" 4826
"/Engine/EngineMaterials/Substrate/GLints/dict_16_192_64_0p5_0p02_0025_0000" 4827
"/Engine/EngineMaterials/Substrate/GLints/dict_16_192_64_0p5_0p02_0024_0015" 4828
"/Engine/EngineMaterials/Substrate/GLints/dict_16_192_64_0p5_0p02_0024_0014" 4829
"/Engine/EngineMaterials/Substrate/GLints/dict_16_192_64_0p5_0p02_0024_0008" 4830
"/Engine/EngineMaterials/Substrate/GLints/dict_16_192_64_0p5_0p02_0025_0005" 4831
"/Engine/EngineMaterials/Substrate/GLints/dict_16_192_64_0p5_0p02_0025_0007" 4832
"/Engine/EngineMaterials/Substrate/GLints/dict_16_192_64_0p5_0p02_0023_0003" 4833
"../../../Engine/Content/EngineMaterials/Substrate/GLints/dict_16_192_64_0p5_0p02_0025_0008.uasset" 4834
"../../../Engine/Content/EngineMaterials/Substrate/GLints/dict_16_192_64_0p5_0p02_0025_0006.uasset" 4835
"../../../Engine/Content/EngineMaterials/Substrate/GLints/dict_16_192_64_0p5_0p02_0025_0012.uasset" 4836
"../../../Engine/Content/EngineMaterials/Substrate/GLints/dict_16_192_64_0p5_0p02_0025_0011.uasset" 4837
"../../../Engine/Content/EngineMaterials/Substrate/GLints/dict_16_192_64_0p5_0p02_0025_0010.uasset" 4838
"../../../Engine/Content/EngineMaterials/Substrate/GLints/dict_16_192_64_0p5_0p02_0025_0009.uasset" 4839
"../../../Engine/Content/EngineMaterials/Substrate/GLints/dict_16_192_64_0p5_0p02_0025_0014.uasset" 4840
"../../../Engine/Content/EngineMaterials/Substrate/GLints/dict_16_192_64_0p5_0p02_0026_0000.uasset" 4841
"../../../Engine/Content/EngineMaterials/Substrate/GLints/dict_16_192_64_0p5_0p02_0025_0015.uasset" 4842
"../../../Engine/Content/EngineMaterials/Substrate/GLints/dict_16_192_64_0p5_0p02_0025_0013.uasset" 4843
"../../../Engine/Content/EngineMaterials/Substrate/GLints/dict_16_192_64_0p5_0p02_0026_0002.uasset" 4844
"../../../Engine/Content/EngineMaterials/Substrate/GLints/dict_16_192_64_0p5_0p02_0026_0003.uasset" 4845
"/Engine/EngineMaterials/Substrate/GLints/dict_16_192_64_0p5_0p02_0025_0006" 4846
"/Engine/EngineMaterials/Substrate/GLints/dict_16_192_64_0p5_0p02_0026_0002" 4847
"../../../Engine/Content/EngineMaterials/Substrate/GLints/dict_16_192_64_0p5_0p02_0026_0001.uasset" 4848
"/Engine/EngineMaterials/Substrate/GLints/dict_16_192_64_0p5_0p02_0026_0000" 4849
"/Engine/EngineMaterials/Substrate/GLints/dict_16_192_64_0p5_0p02_0025_0015" 4850
"/Engine/EngineMaterials/Substrate/GLints/dict_16_192_64_0p5_0p02_0025_0014" 4851
"/Engine/EngineMaterials/Substrate/GLints/dict_16_192_64_0p5_0p02_0025_0013" 4852
"/Engine/EngineMaterials/Substrate/GLints/dict_16_192_64_0p5_0p02_0025_0012" 4853
"/Engine/EngineMaterials/Substrate/GLints/dict_16_192_64_0p5_0p02_0025_0011" 4854
"/Engine/EngineMaterials/Substrate/GLints/dict_16_192_64_0p5_0p02_0025_0010" 4855
"/Engine/EngineMaterials/Substrate/GLints/dict_16_192_64_0p5_0p02_0025_0009" 4856
"/Engine/EngineMaterials/Substrate/GLints/dict_16_192_64_0p5_0p02_0025_0008" 4857
"../../../Engine/Content/EngineMaterials/Substrate/GLints/dict_16_192_64_0p5_0p02_0026_0004.uasset" 4858
"../../../Engine/Content/EngineMaterials/Substrate/GLints/dict_16_192_64_0p5_0p02_0026_0006.uasset" 4859
"/Engine/EngineMaterials/Substrate/GLints/dict_16_192_64_0p5_0p02_0026_0003" 4860
"/Engine/EngineMaterials/Substrate/GLints/dict_16_192_64_0p5_0p02_0026_0006" 4861
"../../../Engine/Content/EngineMaterials/Substrate/GLints/dict_16_192_64_0p5_0p02_0026_0007.uasset" 4862
"../../../Engine/Content/EngineMaterials/Substrate/GLints/dict_16_192_64_0p5_0p02_0026_0005.uasset" 4863
"/Engine/EngineMaterials/Substrate/GLints/dict_16_192_64_0p5_0p02_0026_0004" 4864
"/Engine/EngineMaterials/Substrate/GLints/dict_16_192_64_0p5_0p02_0026_0001" 4865
"../../../Engine/Content/EngineMaterials/Substrate/GLints/dict_16_192_64_0p5_0p02_0026_0008.uasset" 4866
"/Engine/EngineMaterials/Substrate/GLints/dict_16_192_64_0p5_0p02_0026_0007" 4867
"/Engine/EngineMaterials/Substrate/GLints/dict_16_192_64_0p5_0p02_0026_0005" 4868
"/Engine/EngineMaterials/Substrate/GLints/dict_16_192_64_0p5_0p02_0026_0008" 4869
"../../../Engine/Content/EngineMaterials/Substrate/GLints/dict_16_192_64_0p5_0p02_0024_0011.uasset" 4870
"../../../Engine/Content/EngineMaterials/Substrate/GLints/dict_16_192_64_0p5_0p02_0026_0010.uasset" 4871
"../../../Engine/Content/EngineMaterials/Substrate/GLints/dict_16_192_64_0p5_0p02_0026_0012.uasset" 4872
"../../../Engine/Content/EngineMaterials/Substrate/GLints/dict_16_192_64_0p5_0p02_0026_0013.uasset" 4873
"../../../Engine/Content/EngineMaterials/Substrate/GLints/dict_16_192_64_0p5_0p02_0026_0011.uasset" 4874
"../../../Engine/Content/EngineMaterials/Substrate/GLints/dict_16_192_64_0p5_0p02_0026_0015.uasset" 4875
"../../../Engine/Content/EngineMaterials/Substrate/GLints/dict_16_192_64_0p5_0p02_0026_0009.uasset" 4876
"../../../Engine/Content/EngineMaterials/Substrate/GLints/dict_16_192_64_0p5_0p02_0026_0014.uasset" 4877
"../../../Engine/Content/EngineMaterials/Substrate/GLints/dict_16_192_64_0p5_0p02_0027_0002.uasset" 4878
"../../../Engine/Content/EngineMaterials/Substrate/GLints/dict_16_192_64_0p5_0p02_0027_0001.uasset" 4879
"../../../Engine/Content/EngineMaterials/Substrate/GLints/dict_16_192_64_0p5_0p02_0027_0003.uasset" 4880
"/Engine/EngineMaterials/Substrate/GLints/dict_16_192_64_0p5_0p02_0026_0009" 4881
"../../../Engine/Content/EngineMaterials/Substrate/GLints/dict_16_192_64_0p5_0p02_0027_0005.uasset" 4882
"../../../Engine/Content/EngineMaterials/Substrate/GLints/dict_16_192_64_0p5_0p02_0027_0004.uasset" 4883
"/Engine/EngineMaterials/Substrate/GLints/dict_16_192_64_0p5_0p02_0027_0002" 4884
"/Engine/EngineMaterials/Substrate/GLints/dict_16_192_64_0p5_0p02_0027_0001" 4885
"/Engine/EngineMaterials/Substrate/GLints/dict_16_192_64_0p5_0p02_0024_0011" 4886
"/Engine/EngineMaterials/Substrate/GLints/dict_16_192_64_0p5_0p02_0026_0015" 4887
"/Engine/EngineMaterials/Substrate/GLints/dict_16_192_64_0p5_0p02_0027_0003" 4888
"/Engine/EngineMaterials/Substrate/GLints/dict_16_192_64_0p5_0p02_0026_0014" 4889
"../../../Engine/Content/EngineMaterials/Substrate/GLints/dict_16_192_64_0p5_0p02_0027_0008.uasset" 4890
"../../../Engine/Content/EngineMaterials/Substrate/GLints/dict_16_192_64_0p5_0p02_0027_0010.uasset" 4891
"../../../Engine/Content/EngineMaterials/Substrate/GLints/dict_16_192_64_0p5_0p02_0027_0007.uasset" 4892
"/Engine/EngineMaterials/Substrate/GLints/dict_16_192_64_0p5_0p02_0026_0013" 4893
"/Engine/EngineMaterials/Substrate/GLints/dict_16_192_64_0p5_0p02_0026_0012" 4894
"../../../Engine/Content/EngineMaterials/Substrate/GLints/dict_16_192_64_0p5_0p02_0027_0000.uasset" 4895
"/Engine/EngineMaterials/Substrate/GLints/dict_16_192_64_0p5_0p02_0026_0011" 4896
"/Engine/EngineMaterials/Substrate/GLints/dict_16_192_64_0p5_0p02_0026_0010" 4897
"../../../Engine/Content/EngineMaterials/Substrate/GLints/dict_16_192_64_0p5_0p02_0027_0009.uasset" 4898
"/Engine/EngineMaterials/Substrate/GLints/dict_16_192_64_0p5_0p02_0027_0005" 4899
"../../../Engine/Content/EngineMaterials/Substrate/GLints/dict_16_192_64_0p5_0p02_0027_0006.uasset" 4900
"/Engine/EngineMaterials/Substrate/GLints/dict_16_192_64_0p5_0p02_0027_0004" 4901
"/Engine/EngineMaterials/Substrate/GLints/dict_16_192_64_0p5_0p02_0027_0000" 4902
"/Engine/EngineMaterials/Substrate/GLints/dict_16_192_64_0p5_0p02_0027_0010" 4903
"/Engine/EngineMaterials/Substrate/GLints/dict_16_192_64_0p5_0p02_0027_0008" 4904
"/Engine/EngineMaterials/Substrate/GLints/dict_16_192_64_0p5_0p02_0027_0007" 4905
"/Engine/EngineMaterials/Substrate/GLints/dict_16_192_64_0p5_0p02_0027_0009" 4906
"/Engine/EngineMaterials/Substrate/GLints/dict_16_192_64_0p5_0p02_0027_0006" 4907
"../../../Engine/Content/EngineMaterials/Substrate/GLints/dict_16_192_64_0p5_0p02_0027_0011.uasset" 4908
"../../../Engine/Content/EngineMaterials/Substrate/GLints/dict_16_192_64_0p5_0p02_0027_0013.uasset" 4909
"../../../Engine/Content/EngineMaterials/Substrate/GLints/dict_16_192_64_0p5_0p02_0027_0012.uasset" 4910
"../../../Engine/Content/EngineMaterials/Substrate/GLints/dict_16_192_64_0p5_0p02_0027_0014.uasset" 4911
"../../../Engine/Content/EngineMaterials/Substrate/GLints/dict_16_192_64_0p5_0p02_0027_0015.uasset" 4912
"../../../Engine/Content/EngineMaterials/Substrate/GLints/dict_16_192_64_0p5_0p02_0028_0000.uasset" 4913
"../../../Engine/Content/EngineMaterials/Substrate/GLints/dict_16_192_64_0p5_0p02_0028_0003.uasset" 4914
"../../../Engine/Content/EngineMaterials/Substrate/GLints/dict_16_192_64_0p5_0p02_0028_0001.uasset" 4915
"../../../Engine/Content/EngineMaterials/Substrate/GLints/dict_16_192_64_0p5_0p02_0028_0006.uasset" 4916
"../../../Engine/Content/EngineMaterials/Substrate/GLints/dict_16_192_64_0p5_0p02_0028_0004.uasset" 4917
"../../../Engine/Content/EngineMaterials/Substrate/GLints/dict_16_192_64_0p5_0p02_0028_0005.uasset" 4918
"../../../Engine/Content/EngineMaterials/Substrate/GLints/dict_16_192_64_0p5_0p02_0028_0002.uasset" 4919
"../../../Engine/Content/EngineMaterials/Substrate/GLints/dict_16_192_64_0p5_0p02_0028_0007.uasset" 4920
"/Engine/EngineMaterials/Substrate/GLints/dict_16_192_64_0p5_0p02_0028_0001" 4921
"../../../Engine/Content/EngineMaterials/Substrate/GLints/dict_16_192_64_0p5_0p02_0028_0010.uasset" 4922
"/Engine/EngineMaterials/Substrate/GLints/dict_16_192_64_0p5_0p02_0028_0007" 4923
"../../../Engine/Content/EngineMaterials/Substrate/GLints/dict_16_192_64_0p5_0p02_0028_0009.uasset" 4924
"/Engine/EngineMaterials/Substrate/GLints/dict_16_192_64_0p5_0p02_0028_0000" 4925
"/Engine/EngineMaterials/Substrate/GLints/dict_16_192_64_0p5_0p02_0028_0004" 4926
"../../../Engine/Content/EngineMaterials/Substrate/GLints/dict_16_192_64_0p5_0p02_0028_0013.uasset" 4927
"/Engine/EngineMaterials/Substrate/GLints/dict_16_192_64_0p5_0p02_0028_0006" 4928
"/Engine/EngineMaterials/Substrate/GLints/dict_16_192_64_0p5_0p02_0028_0003" 4929
"../../../Engine/Content/EngineMaterials/Substrate/GLints/dict_16_192_64_0p5_0p02_0028_0011.uasset" 4930
"/Engine/EngineMaterials/Substrate/GLints/dict_16_192_64_0p5_0p02_0028_0002" 4931
"../../../Engine/Content/EngineMaterials/Substrate/GLints/dict_16_192_64_0p5_0p02_0028_0012.uasset" 4932
"/Engine/EngineMaterials/Substrate/GLints/dict_16_192_64_0p5_0p02_0027_0015" 4933
"/Engine/EngineMaterials/Substrate/GLints/dict_16_192_64_0p5_0p02_0027_0014" 4934
"/Engine/EngineMaterials/Substrate/GLints/dict_16_192_64_0p5_0p02_0027_0013" 4935
"/Engine/EngineMaterials/Substrate/GLints/dict_16_192_64_0p5_0p02_0027_0012" 4936
"/Engine/EngineMaterials/Substrate/GLints/dict_16_192_64_0p5_0p02_0027_0011" 4937
"/Engine/EngineMaterials/Substrate/GLints/dict_16_192_64_0p5_0p02_0028_0005" 4938
"/Engine/EngineMaterials/Substrate/GLints/dict_16_192_64_0p5_0p02_0028_0013" 4939
"/Engine/EngineMaterials/Substrate/GLints/dict_16_192_64_0p5_0p02_0028_0012" 4940
"../../../Engine/Content/EngineMaterials/Substrate/GLints/dict_16_192_64_0p5_0p02_0029_0002.uasset" 4941
"../../../Engine/Content/EngineMaterials/Substrate/GLints/dict_16_192_64_0p5_0p02_0029_0001.uasset" 4942
"../../../Engine/Content/EngineMaterials/Substrate/GLints/dict_16_192_64_0p5_0p02_0028_0014.uasset" 4943
"../../../Engine/Content/EngineMaterials/Substrate/GLints/dict_16_192_64_0p5_0p02_0028_0015.uasset" 4944
"/Engine/EngineMaterials/Substrate/GLints/dict_16_192_64_0p5_0p02_0028_0011" 4945
"../../../Engine/Content/EngineMaterials/Substrate/GLints/dict_16_192_64_0p5_0p02_0029_0000.uasset" 4946
"/Engine/EngineMaterials/Substrate/GLints/dict_16_192_64_0p5_0p02_0028_0010" 4947
"../../../Engine/Content/EngineMaterials/Substrate/GLints/dict_16_192_64_0p5_0p02_0029_0004.uasset" 4948
"../../../Engine/Content/EngineMaterials/Substrate/GLints/dict_16_192_64_0p5_0p02_0028_0008.uasset" 4949
"../../../Engine/Content/EngineMaterials/Substrate/GLints/dict_16_192_64_0p5_0p02_0029_0005.uasset" 4950
"/Engine/EngineMaterials/Substrate/GLints/dict_16_192_64_0p5_0p02_0028_0009" 4951
"/Engine/EngineMaterials/Substrate/GLints/dict_16_192_64_0p5_0p02_0029_0002" 4952
"/Engine/EngineMaterials/Substrate/GLints/dict_16_192_64_0p5_0p02_0029_0001" 4953
"/Engine/EngineMaterials/Substrate/GLints/dict_16_192_64_0p5_0p02_0029_0000" 4954
"/Engine/EngineMaterials/Substrate/GLints/dict_16_192_64_0p5_0p02_0028_0015" 4955
"/Engine/EngineMaterials/Substrate/GLints/dict_16_192_64_0p5_0p02_0028_0014" 4956
"/Engine/EngineMaterials/Substrate/GLints/dict_16_192_64_0p5_0p02_0029_0005" 4957
"/Engine/EngineMaterials/Substrate/GLints/dict_16_192_64_0p5_0p02_0029_0004" 4958
"/Engine/EngineMaterials/Substrate/GLints/dict_16_192_64_0p5_0p02_0028_0008" 4959
"../../../Engine/Content/EngineMaterials/Substrate/GLints/dict_16_192_64_0p5_0p02_0029_0006.uasset" 4960
"../../../Engine/Content/EngineMaterials/Substrate/GLints/dict_16_192_64_0p5_0p02_0029_0007.uasset" 4961
"../../../Engine/Content/EngineMaterials/Substrate/GLints/dict_16_192_64_0p5_0p02_0029_0010.uasset" 4962
"../../../Engine/Content/EngineMaterials/Substrate/GLints/dict_16_192_64_0p5_0p02_0029_0008.uasset" 4963
"../../../Engine/Content/EngineMaterials/Substrate/GLints/dict_16_192_64_0p5_0p02_0029_0003.uasset" 4964
"../../../Engine/Content/EngineMaterials/Substrate/GLints/dict_16_192_64_0p5_0p02_0029_0012.uasset" 4965
"../../../Engine/Content/EngineMaterials/Substrate/GLints/dict_16_192_64_0p5_0p02_0029_0013.uasset" 4966
"../../../Engine/Content/EngineMaterials/Substrate/GLints/dict_16_192_64_0p5_0p02_0029_0011.uasset" 4967
"../../../Engine/Content/EngineMaterials/Substrate/GLints/dict_16_192_64_0p5_0p02_0029_0014.uasset" 4968
"../../../Engine/Content/EngineMaterials/Substrate/GLints/dict_16_192_64_0p5_0p02_0029_0015.uasset" 4969
"../../../Engine/Content/EngineMaterials/Substrate/GLints/dict_16_192_64_0p5_0p02_0029_0009.uasset" 4970
"/Engine/EngineMaterials/Substrate/GLints/dict_16_192_64_0p5_0p02_0029_0008" 4971
"/Engine/EngineMaterials/Substrate/GLints/dict_16_192_64_0p5_0p02_0029_0007" 4972
"/Engine/EngineMaterials/Substrate/GLints/dict_16_192_64_0p5_0p02_0029_0006" 4973
"/Engine/EngineMaterials/Substrate/GLints/dict_16_192_64_0p5_0p02_0029_0015" 4974
"/Engine/EngineMaterials/Substrate/GLints/dict_16_192_64_0p5_0p02_0029_0014" 4975
"/Engine/EngineMaterials/Substrate/GLints/dict_16_192_64_0p5_0p02_0029_0013" 4976
"/Engine/EngineMaterials/Substrate/GLints/dict_16_192_64_0p5_0p02_0029_0012" 4977
"/Engine/EngineMaterials/Substrate/GLints/dict_16_192_64_0p5_0p02_0029_0010" 4978
"../../../Engine/Content/EngineMaterials/Substrate/GLints/dict_16_192_64_0p5_0p02_0030_0002.uasset" 4979
"../../../Engine/Content/EngineMaterials/Substrate/GLints/dict_16_192_64_0p5_0p02_0030_0000.uasset" 4980
"/Engine/EngineMaterials/Substrate/GLints/dict_16_192_64_0p5_0p02_0029_0003" 4981
"../../../Engine/Content/EngineMaterials/Substrate/GLints/dict_16_192_64_0p5_0p02_0030_0006.uasset" 4982
"/Engine/EngineMaterials/Substrate/GLints/dict_16_192_64_0p5_0p02_0029_0009" 4983
"../../../Engine/Content/EngineMaterials/Substrate/GLints/dict_16_192_64_0p5_0p02_0030_0005.uasset" 4984
"/Engine/EngineMaterials/Substrate/GLints/dict_16_192_64_0p5_0p02_0029_0011" 4985
"../../../Engine/Content/EngineMaterials/Substrate/GLints/dict_16_192_64_0p5_0p02_0030_0004.uasset" 4986
"../../../Engine/Content/EngineMaterials/Substrate/GLints/dict_16_192_64_0p5_0p02_0030_0001.uasset" 4987
"../../../Engine/Content/EngineMaterials/Substrate/GLints/dict_16_192_64_0p5_0p02_0030_0003.uasset" 4988
"/Engine/EngineMaterials/Substrate/GLints/dict_16_192_64_0p5_0p02_0030_0006" 4989
"/Engine/EngineMaterials/Substrate/GLints/dict_16_192_64_0p5_0p02_0030_0005" 4990
"/Engine/EngineMaterials/Substrate/GLints/dict_16_192_64_0p5_0p02_0030_0004" 4991
"/Engine/EngineMaterials/Substrate/GLints/dict_16_192_64_0p5_0p02_0030_0003" 4992
"/Engine/EngineMaterials/Substrate/GLints/dict_16_192_64_0p5_0p02_0030_0002" 4993
"/Engine/EngineMaterials/Substrate/GLints/dict_16_192_64_0p5_0p02_0030_0001" 4994
"/Engine/EngineMaterials/Substrate/GLints/dict_16_192_64_0p5_0p02_0030_0000" 4995
"../../../Engine/Content/EngineMaterials/Substrate/GLints/dict_16_192_64_0p5_0p02_0030_0008.uasset" 4996
"../../../Engine/Content/EngineMaterials/Substrate/GLints/dict_16_192_64_0p5_0p02_0030_0009.uasset" 4997
"../../../Engine/Content/EngineMaterials/Substrate/GLints/dict_16_192_64_0p5_0p02_0030_0011.uasset" 4998
"../../../Engine/Content/EngineMaterials/Substrate/GLints/dict_16_192_64_0p5_0p02_0030_0010.uasset" 4999
"../../../Engine/Content/EngineMaterials/Substrate/GLints/dict_16_192_64_0p5_0p02_0030_0013.uasset" 5000
"../../../Engine/Content/EngineMaterials/Substrate/GLints/dict_16_192_64_0p5_0p02_0030_0012.uasset" 5001
"../../../Engine/Content/EngineMaterials/Substrate/GLints/dict_16_192_64_0p5_0p02_0030_0007.uasset" 5002
"../../../Engine/Content/EngineMaterials/Substrate/GLints/dict_16_192_64_0p5_0p02_0030_0014.uasset" 5003
"../../../Engine/Content/EngineMaterials/Substrate/GLints/dict_16_192_64_0p5_0p02_0031_0002.uasset" 5004
"../../../Engine/Content/EngineMaterials/Substrate/GLints/dict_16_192_64_0p5_0p02_0031_0000.uasset" 5005
"../../../Engine/Content/EngineMaterials/Substrate/GLints/dict_16_192_64_0p5_0p02_0031_0004.uasset" 5006
"/Engine/EngineMaterials/Substrate/GLints/dict_16_192_64_0p5_0p02_0030_0007" 5007
"/Engine/EngineMaterials/Substrate/GLints/dict_16_192_64_0p5_0p02_0031_0002" 5008
"/Engine/EngineMaterials/Substrate/GLints/dict_16_192_64_0p5_0p02_0030_0012" 5009
"/Engine/EngineMaterials/Substrate/GLints/dict_16_192_64_0p5_0p02_0030_0014" 5010
"/Engine/EngineMaterials/Substrate/GLints/dict_16_192_64_0p5_0p02_0030_0011" 5011
"/Engine/EngineMaterials/Substrate/GLints/dict_16_192_64_0p5_0p02_0030_0010" 5012
"/Engine/EngineMaterials/Substrate/GLints/dict_16_192_64_0p5_0p02_0030_0009" 5013
"/Engine/EngineMaterials/Substrate/GLints/dict_16_192_64_0p5_0p02_0030_0008" 5014
"/Engine/EngineMaterials/Substrate/GLints/dict_16_192_64_0p5_0p02_0030_0013" 5015
"/Engine/EngineMaterials/Substrate/GLints/dict_16_192_64_0p5_0p02_0031_0004" 5016
"../../../Engine/Content/EngineMaterials/Substrate/GLints/dict_16_192_64_0p5_0p02_0031_0001.uasset" 5017
"/Engine/EngineMaterials/Substrate/GLints/dict_16_192_64_0p5_0p02_0031_0000" 5018
"../../../Engine/Content/EngineMaterials/Substrate/GLints/dict_16_192_64_0p5_0p02_0031_0008.uasset" 5019
"../../../Engine/Content/EngineMaterials/Substrate/GLints/dict_16_192_64_0p5_0p02_0031_0006.uasset" 5020
"../../../Engine/Content/EngineMaterials/Substrate/GLints/dict_16_192_64_0p5_0p02_0031_0005.uasset" 5021
"../../../Engine/Content/EngineMaterials/Substrate/GLints/dict_16_192_64_0p5_0p02_0031_0007.uasset" 5022
"/Engine/EngineMaterials/Substrate/GLints/dict_16_192_64_0p5_0p02_0031_0001" 5023
"/Engine/EngineMaterials/Substrate/GLints/dict_16_192_64_0p5_0p02_0031_0008" 5024
"/Engine/EngineMaterials/Substrate/GLints/dict_16_192_64_0p5_0p02_0031_0007" 5025
"../../../Engine/Content/EngineMaterials/Substrate/GLints/dict_16_192_64_0p5_0p02_0031_0003.uasset" 5026
"/Engine/EngineMaterials/Substrate/GLints/dict_16_192_64_0p5_0p02_0031_0006" 5027
"/Engine/EngineMaterials/Substrate/GLints/dict_16_192_64_0p5_0p02_0031_0005" 5028
"../../../Engine/Content/EngineMaterials/Substrate/GLints/dict_16_192_64_0p5_0p02_0031_0009.uasset" 5029
"../../../Engine/Content/EngineMaterials/Substrate/GLints/dict_16_192_64_0p5_0p02_0030_0015.uasset" 5030
"../../../Engine/Content/EngineMaterials/Substrate/GLints/dict_16_192_64_0p5_0p02_0031_0010.uasset" 5031
"../../../Engine/Content/EngineMaterials/Substrate/GLints/dict_16_192_64_0p5_0p02_0031_0012.uasset" 5032
"../../../Engine/Content/EngineMaterials/Substrate/GLints/dict_16_192_64_0p5_0p02_0031_0015.uasset" 5033
"../../../Engine/Content/EngineMaterials/Substrate/GLints/dict_16_192_64_0p5_0p02_0031_0014.uasset" 5034
"/Engine/EngineMaterials/Substrate/GLints/dict_16_192_64_0p5_0p02_0031_0015" 5035
"/Engine/EngineMaterials/Substrate/GLints/dict_16_192_64_0p5_0p02_0031_0003" 5036
"/Engine/EngineMaterials/Substrate/GLints/dict_16_192_64_0p5_0p02_0031_0014" 5037
"/Engine/EngineMaterials/Substrate/GLints/dict_16_192_64_0p5_0p02_0031_0012" 5038
"/Engine/EngineMaterials/Substrate/GLints/dict_16_192_64_0p5_0p02_0031_0010" 5039
"/Engine/EngineMaterials/Substrate/GLints/dict_16_192_64_0p5_0p02_0031_0009" 5040
"/Engine/EngineMaterials/Substrate/GLints/dict_16_192_64_0p5_0p02_0030_0015" 5041
"../../../Engine/Content/EngineMaterials/Substrate/GLints/dict_16_192_64_0p5_0p02_0031_0013.uasset" 5042
"../../../Engine/Content/EngineMaterials/Substrate/GLints/dict_16_192_64_0p5_0p02_0032_0001.uasset" 5043
"../../../Engine/Content/EngineMaterials/Substrate/GLints/dict_16_192_64_0p5_0p02_0032_0000.uasset" 5044
"../../../Engine/Content/EngineMaterials/Substrate/GLints/dict_16_192_64_0p5_0p02_0032_0002.uasset" 5045
"../../../Engine/Content/EngineMaterials/Substrate/GLints/dict_16_192_64_0p5_0p02_0032_0003.uasset" 5046
"../../../Engine/Content/EngineMaterials/Substrate/GLints/dict_16_192_64_0p5_0p02_0032_0004.uasset" 5047
"../../../Engine/Content/EngineMaterials/Substrate/GLints/dict_16_192_64_0p5_0p02_0031_0011.uasset" 5048
"../../../Engine/Content/EngineMaterials/Substrate/GLints/dict_16_192_64_0p5_0p02_0032_0008.uasset" 5049
"../../../Engine/Content/EngineMaterials/Substrate/GLints/dict_16_192_64_0p5_0p02_0032_0006.uasset" 5050
"../../../Engine/Content/EngineMaterials/Substrate/GLints/dict_16_192_64_0p5_0p02_0032_0010.uasset" 5051
"../../../Engine/Content/EngineMaterials/Substrate/GLints/dict_16_192_64_0p5_0p02_0032_0011.uasset" 5052
"/Engine/EngineMaterials/Substrate/GLints/dict_16_192_64_0p5_0p02_0032_0006" 5053
"/Engine/EngineMaterials/Substrate/GLints/dict_16_192_64_0p5_0p02_0032_0004" 5054
"/Engine/EngineMaterials/Substrate/GLints/dict_16_192_64_0p5_0p02_0032_0003" 5055
"/Engine/EngineMaterials/Substrate/GLints/dict_16_192_64_0p5_0p02_0032_0002" 5056
"../../../Engine/Content/EngineMaterials/Substrate/GLints/dict_16_192_64_0p5_0p02_0032_0009.uasset" 5057
"../../../Engine/Content/EngineMaterials/Substrate/GLints/dict_16_192_64_0p5_0p02_0032_0013.uasset" 5058
"../../../Engine/Content/EngineMaterials/Substrate/GLints/dict_16_192_64_0p5_0p02_0033_0000.uasset" 5059
"../../../Engine/Content/EngineMaterials/Substrate/GLints/dict_16_192_64_0p5_0p02_0032_0014.uasset" 5060
"/Engine/EngineMaterials/Substrate/GLints/dict_16_192_64_0p5_0p02_0032_0001" 5061
"../../../Engine/Content/EngineMaterials/Substrate/GLints/dict_16_192_64_0p5_0p02_0033_0001.uasset" 5062
"../../../Engine/Content/EngineMaterials/Substrate/GLints/dict_16_192_64_0p5_0p02_0032_0015.uasset" 5063
"/Engine/EngineMaterials/Substrate/GLints/dict_16_192_64_0p5_0p02_0031_0013" 5064
"/Engine/EngineMaterials/Substrate/GLints/dict_16_192_64_0p5_0p02_0032_0000" 5065
"/Engine/EngineMaterials/Substrate/GLints/dict_16_192_64_0p5_0p02_0031_0011" 5066
"../../../Engine/Content/EngineMaterials/Substrate/GLints/dict_16_192_64_0p5_0p02_0032_0012.uasset" 5067
"/Engine/EngineMaterials/Substrate/GLints/dict_16_192_64_0p5_0p02_0032_0011" 5068
"../../../Engine/Content/EngineMaterials/Substrate/GLints/dict_16_192_64_0p5_0p02_0033_0002.uasset" 5069
"../../../Engine/Content/EngineMaterials/Substrate/GLints/dict_16_192_64_0p5_0p02_0032_0007.uasset" 5070
"/Engine/EngineMaterials/Substrate/GLints/dict_16_192_64_0p5_0p02_0032_0010" 5071
"/Engine/EngineMaterials/Substrate/GLints/dict_16_192_64_0p5_0p02_0032_0008" 5072
"/Engine/EngineMaterials/Substrate/GLints/dict_16_192_64_0p5_0p02_0032_0015" 5073
"/Engine/EngineMaterials/Substrate/GLints/dict_16_192_64_0p5_0p02_0033_0001" 5074
"/Engine/EngineMaterials/Substrate/GLints/dict_16_192_64_0p5_0p02_0032_0014" 5075
"/Engine/EngineMaterials/Substrate/GLints/dict_16_192_64_0p5_0p02_0033_0000" 5076
"/Engine/EngineMaterials/Substrate/GLints/dict_16_192_64_0p5_0p02_0032_0013" 5077
"/Engine/EngineMaterials/Substrate/GLints/dict_16_192_64_0p5_0p02_0032_0012" 5078
"/Engine/EngineMaterials/Substrate/GLints/dict_16_192_64_0p5_0p02_0032_0009" 5079
"/Engine/EngineMaterials/Substrate/GLints/dict_16_192_64_0p5_0p02_0033_0002" 5080
"/Engine/EngineMaterials/Substrate/GLints/dict_16_192_64_0p5_0p02_0032_0007" 5081
"../../../Engine/Content/EngineMaterials/Substrate/GLints/dict_16_192_64_0p5_0p02_0033_0003.uasset" 5082
"../../../Engine/Content/EngineMaterials/Substrate/GLints/dict_16_192_64_0p5_0p02_0033_0005.uasset" 5083
"../../../Engine/Content/EngineMaterials/Substrate/GLints/dict_16_192_64_0p5_0p02_0032_0005.uasset" 5084
"../../../Engine/Content/EngineMaterials/Substrate/GLints/dict_16_192_64_0p5_0p02_0033_0006.uasset" 5085
"../../../Engine/Content/EngineMaterials/Substrate/GLints/dict_16_192_64_0p5_0p02_0033_0004.uasset" 5086
"../../../Engine/Content/EngineMaterials/Substrate/GLints/dict_16_192_64_0p5_0p02_0033_0012.uasset" 5087
"../../../Engine/Content/EngineMaterials/Substrate/GLints/dict_16_192_64_0p5_0p02_0033_0011.uasset" 5088
"../../../Engine/Content/EngineMaterials/Substrate/GLints/dict_16_192_64_0p5_0p02_0033_0008.uasset" 5089
"../../../Engine/Content/EngineMaterials/Substrate/GLints/dict_16_192_64_0p5_0p02_0033_0010.uasset" 5090
"../../../Engine/Content/EngineMaterials/Substrate/GLints/dict_16_192_64_0p5_0p02_0033_0009.uasset" 5091
"../../../Engine/Content/EngineMaterials/Substrate/GLints/dict_16_192_64_0p5_0p02_0033_0007.uasset" 5092
"../../../Engine/Content/EngineMaterials/Substrate/GLints/dict_16_192_64_0p5_0p02_0033_0014.uasset" 5093
"../../../Engine/Content/EngineMaterials/Substrate/GLints/dict_16_192_64_0p5_0p02_0034_0001.uasset" 5094
"../../../Engine/Content/EngineMaterials/Substrate/GLints/dict_16_192_64_0p5_0p02_0034_0000.uasset" 5095
"/Engine/EngineMaterials/Substrate/GLints/dict_16_192_64_0p5_0p02_0032_0005" 5096
"../../../Engine/Content/EngineMaterials/Substrate/GLints/dict_16_192_64_0p5_0p02_0034_0003.uasset" 5097
"../../../Engine/Content/EngineMaterials/Substrate/GLints/dict_16_192_64_0p5_0p02_0033_0015.uasset" 5098
"/Engine/EngineMaterials/Substrate/GLints/dict_16_192_64_0p5_0p02_0033_0012" 5099
"../../../Engine/Content/EngineMaterials/Substrate/GLints/dict_16_192_64_0p5_0p02_0033_0013.uasset" 5100
"/Engine/EngineMaterials/Substrate/GLints/dict_16_192_64_0p5_0p02_0033_0011" 5101
"../../../Engine/Content/EngineMaterials/Substrate/GLints/dict_16_192_64_0p5_0p02_0034_0002.uasset" 5102
"/Engine/EngineMaterials/Substrate/GLints/dict_16_192_64_0p5_0p02_0033_0010" 5103
"/Engine/EngineMaterials/Substrate/GLints/dict_16_192_64_0p5_0p02_0033_0006" 5104
"/Engine/EngineMaterials/Substrate/GLints/dict_16_192_64_0p5_0p02_0033_0009" 5105
"/Engine/EngineMaterials/Substrate/GLints/dict_16_192_64_0p5_0p02_0033_0008" 5106
"/Engine/EngineMaterials/Substrate/GLints/dict_16_192_64_0p5_0p02_0033_0007" 5107
"/Engine/EngineMaterials/Substrate/GLints/dict_16_192_64_0p5_0p02_0033_0005" 5108
"/Engine/EngineMaterials/Substrate/GLints/dict_16_192_64_0p5_0p02_0033_0004" 5109
"/Engine/EngineMaterials/Substrate/GLints/dict_16_192_64_0p5_0p02_0033_0003" 5110
"/Engine/EngineMaterials/Substrate/GLints/dict_16_192_64_0p5_0p02_0033_0014" 5111
"../../../Engine/Content/EngineMaterials/Substrate/GLints/dict_16_192_64_0p5_0p02_0034_0009.uasset" 5112
"../../../Engine/Content/EngineMaterials/Substrate/GLints/dict_16_192_64_0p5_0p02_0034_0006.uasset" 5113
"../../../Engine/Content/EngineMaterials/Substrate/GLints/dict_16_192_64_0p5_0p02_0034_0005.uasset" 5114
"/Engine/EngineMaterials/Substrate/GLints/dict_16_192_64_0p5_0p02_0033_0013" 5115
"../../../Engine/Content/EngineMaterials/Substrate/GLints/dict_16_192_64_0p5_0p02_0034_0007.uasset" 5116
"/Engine/EngineMaterials/Substrate/GLints/dict_16_192_64_0p5_0p02_0034_0003" 5117
"/Engine/EngineMaterials/Substrate/GLints/dict_16_192_64_0p5_0p02_0034_0002" 5118
"/Engine/EngineMaterials/Substrate/GLints/dict_16_192_64_0p5_0p02_0034_0001" 5119
"/Engine/EngineMaterials/Substrate/GLints/dict_16_192_64_0p5_0p02_0034_0000" 5120
"/Engine/EngineMaterials/Substrate/GLints/dict_16_192_64_0p5_0p02_0033_0015" 5121
"/Engine/EngineMaterials/Substrate/GLints/dict_16_192_64_0p5_0p02_0034_0007" 5122
"/Engine/EngineMaterials/Substrate/GLints/dict_16_192_64_0p5_0p02_0034_0006" 5123
"/Engine/EngineMaterials/Substrate/GLints/dict_16_192_64_0p5_0p02_0034_0005" 5124
"/Engine/EngineMaterials/Substrate/GLints/dict_16_192_64_0p5_0p02_0034_0009" 5125
"../../../Engine/Content/EngineMaterials/Substrate/GLints/dict_16_192_64_0p5_0p02_0034_0008.uasset" 5126
"../../../Engine/Content/EngineMaterials/Substrate/GLints/dict_16_192_64_0p5_0p02_0034_0004.uasset" 5127
"../../../Engine/Content/EngineMaterials/Substrate/GLints/dict_16_192_64_0p5_0p02_0034_0010.uasset" 5128
"../../../Engine/Content/EngineMaterials/Substrate/GLints/dict_16_192_64_0p5_0p02_0034_0012.uasset" 5129
"../../../Engine/Content/EngineMaterials/Substrate/GLints/dict_16_192_64_0p5_0p02_0034_0013.uasset" 5130
"../../../Engine/Content/EngineMaterials/Substrate/GLints/dict_16_192_64_0p5_0p02_0034_0015.uasset" 5131
"../../../Engine/Content/EngineMaterials/Substrate/GLints/dict_16_192_64_0p5_0p02_0034_0011.uasset" 5132
"../../../Engine/Content/EngineMaterials/Substrate/GLints/dict_16_192_64_0p5_0p02_0035_0005.uasset" 5133
"../../../Engine/Content/EngineMaterials/Substrate/GLints/dict_16_192_64_0p5_0p02_0035_0002.uasset" 5134
"../../../Engine/Content/EngineMaterials/Substrate/GLints/dict_16_192_64_0p5_0p02_0035_0004.uasset" 5135
"../../../Engine/Content/EngineMaterials/Substrate/GLints/dict_16_192_64_0p5_0p02_0034_0014.uasset" 5136
"../../../Engine/Content/EngineMaterials/Substrate/GLints/dict_16_192_64_0p5_0p02_0035_0003.uasset" 5137
"../../../Engine/Content/EngineMaterials/Substrate/GLints/dict_16_192_64_0p5_0p02_0035_0001.uasset" 5138
"/Engine/EngineMaterials/Substrate/GLints/dict_16_192_64_0p5_0p02_0035_0001" 5139
"/Engine/EngineMaterials/Substrate/GLints/dict_16_192_64_0p5_0p02_0034_0008" 5140
"/Engine/EngineMaterials/Substrate/GLints/dict_16_192_64_0p5_0p02_0034_0015" 5141
"/Engine/EngineMaterials/Substrate/GLints/dict_16_192_64_0p5_0p02_0034_0004" 5142
"/Engine/EngineMaterials/Substrate/GLints/dict_16_192_64_0p5_0p02_0034_0014" 5143
"/Engine/EngineMaterials/Substrate/GLints/dict_16_192_64_0p5_0p02_0034_0013" 5144
"/Engine/EngineMaterials/Substrate/GLints/dict_16_192_64_0p5_0p02_0035_0005" 5145
"/Engine/EngineMaterials/Substrate/GLints/dict_16_192_64_0p5_0p02_0034_0012" 5146
"/Engine/EngineMaterials/Substrate/GLints/dict_16_192_64_0p5_0p02_0034_0011" 5147
"/Engine/EngineMaterials/Substrate/GLints/dict_16_192_64_0p5_0p02_0035_0004" 5148
"/Engine/EngineMaterials/Substrate/GLints/dict_16_192_64_0p5_0p02_0035_0003" 5149
"/Engine/EngineMaterials/Substrate/GLints/dict_16_192_64_0p5_0p02_0034_0010" 5150
"/Engine/EngineMaterials/Substrate/GLints/dict_16_192_64_0p5_0p02_0035_0002" 5151
"../../../Engine/Content/EngineMaterials/Substrate/GLints/dict_16_192_64_0p5_0p02_0035_0008.uasset" 5152
"../../../Engine/Content/EngineMaterials/Substrate/GLints/dict_16_192_64_0p5_0p02_0035_0009.uasset" 5153
"../../../Engine/Content/EngineMaterials/Substrate/GLints/dict_16_192_64_0p5_0p02_0035_0011.uasset" 5154
"../../../Engine/Content/EngineMaterials/Substrate/GLints/dict_16_192_64_0p5_0p02_0035_0007.uasset" 5155
"../../../Engine/Content/EngineMaterials/Substrate/GLints/dict_16_192_64_0p5_0p02_0035_0012.uasset" 5156
"../../../Engine/Content/EngineMaterials/Substrate/GLints/dict_16_192_64_0p5_0p02_0035_0010.uasset" 5157
"../../../Engine/Content/EngineMaterials/Substrate/GLints/dict_16_192_64_0p5_0p02_0035_0000.uasset" 5158
"../../../Engine/Content/EngineMaterials/Substrate/GLints/dict_16_192_64_0p5_0p02_0035_0014.uasset" 5159
"../../../Engine/Content/EngineMaterials/Substrate/GLints/dict_16_192_64_0p5_0p02_0036_0000.uasset" 5160
"../../../Engine/Content/EngineMaterials/Substrate/GLints/dict_16_192_64_0p5_0p02_0036_0002.uasset" 5161
"../../../Engine/Content/EngineMaterials/Substrate/GLints/dict_16_192_64_0p5_0p02_0036_0001.uasset" 5162
"../../../Engine/Content/EngineMaterials/Substrate/GLints/dict_16_192_64_0p5_0p02_0035_0015.uasset" 5163
"/Engine/EngineMaterials/Substrate/GLints/dict_16_192_64_0p5_0p02_0035_0000" 5164
"/Engine/EngineMaterials/Substrate/GLints/dict_16_192_64_0p5_0p02_0035_0012" 5165
"/Engine/EngineMaterials/Substrate/GLints/dict_16_192_64_0p5_0p02_0035_0011" 5166
"/Engine/EngineMaterials/Substrate/GLints/dict_16_192_64_0p5_0p02_0036_0002" 5167
"/Engine/EngineMaterials/Substrate/GLints/dict_16_192_64_0p5_0p02_0036_0001" 5168
"/Engine/EngineMaterials/Substrate/GLints/dict_16_192_64_0p5_0p02_0035_0010" 5169
"/Engine/EngineMaterials/Substrate/GLints/dict_16_192_64_0p5_0p02_0036_0000" 5170
"/Engine/EngineMaterials/Substrate/GLints/dict_16_192_64_0p5_0p02_0035_0009" 5171
"/Engine/EngineMaterials/Substrate/GLints/dict_16_192_64_0p5_0p02_0035_0008" 5172
"/Engine/EngineMaterials/Substrate/GLints/dict_16_192_64_0p5_0p02_0035_0007" 5173
"/Engine/EngineMaterials/Substrate/GLints/dict_16_192_64_0p5_0p02_0035_0015" 5174
"/Engine/EngineMaterials/Substrate/GLints/dict_16_192_64_0p5_0p02_0035_0014" 5175
"../../../Engine/Content/EngineMaterials/Substrate/GLints/dict_16_192_64_0p5_0p02_0035_0006.uasset" 5176
"../../../Engine/Content/EngineMaterials/Substrate/GLints/dict_16_192_64_0p5_0p02_0036_0003.uasset" 5177
"../../../Engine/Content/EngineMaterials/Substrate/GLints/dict_16_192_64_0p5_0p02_0036_0004.uasset" 5178
"../../../Engine/Content/EngineMaterials/Substrate/GLints/dict_16_192_64_0p5_0p02_0036_0006.uasset" 5179
"../../../Engine/Content/EngineMaterials/Substrate/GLints/dict_16_192_64_0p5_0p02_0036_0005.uasset" 5180
"../../../Engine/Content/EngineMaterials/Substrate/GLints/dict_16_192_64_0p5_0p02_0035_0013.uasset" 5181
"../../../Engine/Content/EngineMaterials/Substrate/GLints/dict_16_192_64_0p5_0p02_0036_0014.uasset" 5182
"../../../Engine/Content/EngineMaterials/Substrate/GLints/dict_16_192_64_0p5_0p02_0036_0013.uasset" 5183
"../../../Engine/Content/EngineMaterials/Substrate/GLints/dict_16_192_64_0p5_0p02_0036_0010.uasset" 5184
"../../../Engine/Content/EngineMaterials/Substrate/GLints/dict_16_192_64_0p5_0p02_0036_0011.uasset" 5185
"../../../Engine/Content/EngineMaterials/Substrate/GLints/dict_16_192_64_0p5_0p02_0036_0007.uasset" 5186
"../../../Engine/Content/EngineMaterials/Substrate/GLints/dict_16_192_64_0p5_0p02_0036_0008.uasset" 5187
"../../../Engine/Content/EngineMaterials/Substrate/GLints/dict_16_192_64_0p5_0p02_0036_0012.uasset" 5188
"../../../Engine/Content/EngineMaterials/Substrate/GLints/dict_16_192_64_0p5_0p02_0036_0009.uasset" 5189
"/Engine/EngineMaterials/Substrate/GLints/dict_16_192_64_0p5_0p02_0036_0003" 5190
"/Engine/EngineMaterials/Substrate/GLints/dict_16_192_64_0p5_0p02_0035_0013" 5191
"/Engine/EngineMaterials/Substrate/GLints/dict_16_192_64_0p5_0p02_0036_0007" 5192
"/Engine/EngineMaterials/Substrate/GLints/dict_16_192_64_0p5_0p02_0036_0006" 5193
"/Engine/EngineMaterials/Substrate/GLints/dict_16_192_64_0p5_0p02_0036_0005" 5194
"/Engine/EngineMaterials/Substrate/GLints/dict_16_192_64_0p5_0p02_0035_0006" 5195
"../../../Engine/Content/EngineMaterials/Substrate/GLints/dict_16_192_64_0p5_0p02_0037_0003.uasset" 5196
"../../../Engine/Content/EngineMaterials/Substrate/GLints/dict_16_192_64_0p5_0p02_0037_0004.uasset" 5197
"/Engine/EngineMaterials/Substrate/GLints/dict_16_192_64_0p5_0p02_0036_0014" 5198
"../../../Engine/Content/EngineMaterials/Substrate/GLints/dict_16_192_64_0p5_0p02_0037_0006.uasset" 5199
"../../../Engine/Content/EngineMaterials/Substrate/GLints/dict_16_192_64_0p5_0p02_0037_0007.uasset" 5200
"/Engine/EngineMaterials/Substrate/GLints/dict_16_192_64_0p5_0p02_0036_0013" 5201
"/Engine/EngineMaterials/Substrate/GLints/dict_16_192_64_0p5_0p02_0036_0012" 5202
"/Engine/EngineMaterials/Substrate/GLints/dict_16_192_64_0p5_0p02_0036_0011" 5203
"/Engine/EngineMaterials/Substrate/GLints/dict_16_192_64_0p5_0p02_0036_0010" 5204
"../../../Engine/Content/EngineMaterials/Substrate/GLints/dict_16_192_64_0p5_0p02_0037_0005.uasset" 5205
"/Engine/EngineMaterials/Substrate/GLints/dict_16_192_64_0p5_0p02_0036_0009" 5206
"../../../Engine/Content/EngineMaterials/Substrate/GLints/dict_16_192_64_0p5_0p02_0037_0001.uasset" 5207
"../../../Engine/Content/EngineMaterials/Substrate/GLints/dict_16_192_64_0p5_0p02_0037_0002.uasset" 5208
"../../../Engine/Content/EngineMaterials/Substrate/GLints/dict_16_192_64_0p5_0p02_0037_0000.uasset" 5209
"/Engine/EngineMaterials/Substrate/GLints/dict_16_192_64_0p5_0p02_0036_0008" 5210
"/Engine/EngineMaterials/Substrate/GLints/dict_16_192_64_0p5_0p02_0036_0004" 5211
"/Engine/EngineMaterials/Substrate/GLints/dict_16_192_64_0p5_0p02_0037_0004" 5212
"/Engine/EngineMaterials/Substrate/GLints/dict_16_192_64_0p5_0p02_0037_0003" 5213
"/Engine/EngineMaterials/Substrate/GLints/dict_16_192_64_0p5_0p02_0037_0002" 5214
"/Engine/EngineMaterials/Substrate/GLints/dict_16_192_64_0p5_0p02_0037_0001" 5215
"/Engine/EngineMaterials/Substrate/GLints/dict_16_192_64_0p5_0p02_0037_0000" 5216
"/Engine/EngineMaterials/Substrate/GLints/dict_16_192_64_0p5_0p02_0037_0007" 5217
"../../../Engine/Content/EngineMaterials/Substrate/GLints/dict_16_192_64_0p5_0p02_0037_0009.uasset" 5218
"../../../Engine/Content/EngineMaterials/Substrate/GLints/dict_16_192_64_0p5_0p02_0037_0010.uasset" 5219
"/Engine/EngineMaterials/Substrate/GLints/dict_16_192_64_0p5_0p02_0037_0006" 5220
"../../../Engine/Content/EngineMaterials/Substrate/GLints/dict_16_192_64_0p5_0p02_0037_0011.uasset" 5221
"/Engine/EngineMaterials/Substrate/GLints/dict_16_192_64_0p5_0p02_0037_0005" 5222
"../../../Engine/Content/EngineMaterials/Substrate/GLints/dict_16_192_64_0p5_0p02_0037_0008.uasset" 5223
"/Engine/EngineMaterials/Substrate/GLints/dict_16_192_64_0p5_0p02_0037_0011" 5224
"/Engine/EngineMaterials/Substrate/GLints/dict_16_192_64_0p5_0p02_0037_0010" 5225
"/Engine/EngineMaterials/Substrate/GLints/dict_16_192_64_0p5_0p02_0037_0009" 5226
"/Engine/EngineMaterials/Substrate/GLints/dict_16_192_64_0p5_0p02_0037_0008" 5227
"../../../Engine/Content/EngineMaterials/Substrate/GLints/dict_16_192_64_0p5_0p02_0036_0015.uasset" 5228
"../../../Engine/Content/EngineMaterials/Substrate/GLints/dict_16_192_64_0p5_0p02_0038_0000.uasset" 5229
"../../../Engine/Content/EngineMaterials/Substrate/GLints/dict_16_192_64_0p5_0p02_0037_0015.uasset" 5230
"../../../Engine/Content/EngineMaterials/Substrate/GLints/dict_16_192_64_0p5_0p02_0037_0013.uasset" 5231
"../../../Engine/Content/EngineMaterials/Substrate/GLints/dict_16_192_64_0p5_0p02_0037_0012.uasset" 5232
"../../../Engine/Content/EngineMaterials/Substrate/GLints/dict_16_192_64_0p5_0p02_0037_0014.uasset" 5233
"../../../Engine/Content/EngineMaterials/Substrate/GLints/dict_16_192_64_0p5_0p02_0038_0003.uasset" 5234
"/Engine/EngineMaterials/Substrate/GLints/dict_16_192_64_0p5_0p02_0038_0000" 5235
"/Engine/EngineMaterials/Substrate/GLints/dict_16_192_64_0p5_0p02_0037_0015" 5236
"/Engine/EngineMaterials/Substrate/GLints/dict_16_192_64_0p5_0p02_0037_0014" 5237
"../../../Engine/Content/EngineMaterials/Substrate/GLints/dict_16_192_64_0p5_0p02_0038_0001.uasset" 5238
"/Engine/EngineMaterials/Substrate/GLints/dict_16_192_64_0p5_0p02_0037_0013" 5239
"/Engine/EngineMaterials/Substrate/GLints/dict_16_192_64_0p5_0p02_0037_0012" 5240
"/Engine/EngineMaterials/Substrate/GLints/dict_16_192_64_0p5_0p02_0036_0015" 5241
"/Engine/EngineMaterials/Substrate/GLints/dict_16_192_64_0p5_0p02_0038_0003" 5242
"../../../Engine/Content/EngineMaterials/Substrate/GLints/dict_16_192_64_0p5_0p02_0038_0004.uasset" 5243
"/Engine/EngineMaterials/Substrate/GLints/dict_16_192_64_0p5_0p02_0038_0001" 5244
"/Engine/EngineMaterials/Substrate/GLints/dict_16_192_64_0p5_0p02_0038_0004" 5245
"../../../Engine/Content/EngineMaterials/Substrate/GLints/dict_16_192_64_0p5_0p02_0038_0002.uasset" 5246
"../../../Engine/Content/EngineMaterials/Substrate/GLints/dict_16_192_64_0p5_0p02_0038_0009.uasset" 5247
"../../../Engine/Content/EngineMaterials/Substrate/GLints/dict_16_192_64_0p5_0p02_0038_0008.uasset" 5248
"../../../Engine/Content/EngineMaterials/Substrate/GLints/dict_16_192_64_0p5_0p02_0038_0005.uasset" 5249
"../../../Engine/Content/EngineMaterials/Substrate/GLints/dict_16_192_64_0p5_0p02_0038_0006.uasset" 5250
"../../../Engine/Content/EngineMaterials/Substrate/GLints/dict_16_192_64_0p5_0p02_0038_0011.uasset" 5251
"../../../Engine/Content/EngineMaterials/Substrate/GLints/dict_16_192_64_0p5_0p02_0038_0012.uasset" 5252
"../../../Engine/Content/EngineMaterials/Substrate/GLints/dict_16_192_64_0p5_0p02_0038_0010.uasset" 5253
"../../../Engine/Content/EngineMaterials/Substrate/GLints/dict_16_192_64_0p5_0p02_0038_0013.uasset" 5254
"/Engine/EngineMaterials/Substrate/GLints/dict_16_192_64_0p5_0p02_0038_0013" 5255
"/Engine/EngineMaterials/Substrate/GLints/dict_16_192_64_0p5_0p02_0038_0012" 5256
"../../../Engine/Content/EngineMaterials/Substrate/GLints/dict_16_192_64_0p5_0p02_0039_0003.uasset" 5257
"/Engine/EngineMaterials/Substrate/GLints/dict_16_192_64_0p5_0p02_0038_0011" 5258
"../../../Engine/Content/EngineMaterials/Substrate/GLints/dict_16_192_64_0p5_0p02_0038_0007.uasset" 5259
"../../../Engine/Content/EngineMaterials/Substrate/GLints/dict_16_192_64_0p5_0p02_0039_0002.uasset" 5260
"../../../Engine/Content/EngineMaterials/Substrate/GLints/dict_16_192_64_0p5_0p02_0038_0014.uasset" 5261
"/Engine/EngineMaterials/Substrate/GLints/dict_16_192_64_0p5_0p02_0038_0010" 5262
"../../../Engine/Content/EngineMaterials/Substrate/GLints/dict_16_192_64_0p5_0p02_0039_0000.uasset" 5263
"/Engine/EngineMaterials/Substrate/GLints/dict_16_192_64_0p5_0p02_0038_0009" 5264
"/Engine/EngineMaterials/Substrate/GLints/dict_16_192_64_0p5_0p02_0038_0008" 5265
"/Engine/EngineMaterials/Substrate/GLints/dict_16_192_64_0p5_0p02_0038_0006" 5266
"/Engine/EngineMaterials/Substrate/GLints/dict_16_192_64_0p5_0p02_0038_0005" 5267
"/Engine/EngineMaterials/Substrate/GLints/dict_16_192_64_0p5_0p02_0038_0002" 5268
"/Engine/EngineMaterials/Substrate/GLints/dict_16_192_64_0p5_0p02_0038_0014" 5269
"/Engine/EngineMaterials/Substrate/GLints/dict_16_192_64_0p5_0p02_0039_0003" 5270
"/Engine/EngineMaterials/Substrate/GLints/dict_16_192_64_0p5_0p02_0039_0002" 5271
"/Engine/EngineMaterials/Substrate/GLints/dict_16_192_64_0p5_0p02_0038_0007" 5272
"/Engine/EngineMaterials/Substrate/GLints/dict_16_192_64_0p5_0p02_0039_0000" 5273
"../../../Engine/Content/EngineMaterials/Substrate/GLints/dict_16_192_64_0p5_0p02_0039_0005.uasset" 5274
"../../../Engine/Content/EngineMaterials/Substrate/GLints/dict_16_192_64_0p5_0p02_0039_0007.uasset" 5275
"../../../Engine/Content/EngineMaterials/Substrate/GLints/dict_16_192_64_0p5_0p02_0038_0015.uasset" 5276
"../../../Engine/Content/EngineMaterials/Substrate/GLints/dict_16_192_64_0p5_0p02_0039_0008.uasset" 5277
"../../../Engine/Content/EngineMaterials/Substrate/GLints/dict_16_192_64_0p5_0p02_0039_0006.uasset" 5278
"../../../Engine/Content/EngineMaterials/Substrate/GLints/dict_16_192_64_0p5_0p02_0039_0009.uasset" 5279
"../../../Engine/Content/EngineMaterials/Substrate/GLints/dict_16_192_64_0p5_0p02_0039_0011.uasset" 5280
"../../../Engine/Content/EngineMaterials/Substrate/GLints/dict_16_192_64_0p5_0p02_0039_0012.uasset" 5281
"../../../Engine/Content/EngineMaterials/Substrate/GLints/dict_16_192_64_0p5_0p02_0039_0014.uasset" 5282
"../../../Engine/Content/EngineMaterials/Substrate/GLints/dict_16_192_64_0p5_0p02_0039_0004.uasset" 5283
"../../../Engine/Content/EngineMaterials/Substrate/GLints/dict_16_192_64_0p5_0p02_0039_0001.uasset" 5284
"../../../Engine/Content/EngineMaterials/Substrate/GLints/dict_16_192_64_0p5_0p02_0039_0010.uasset" 5285
"../../../Engine/Content/EngineMaterials/Substrate/GLints/dict_16_192_64_0p5_0p02_0039_0015.uasset" 5286
"/Engine/EngineMaterials/Substrate/GLints/dict_16_192_64_0p5_0p02_0039_0006" 5287
"/Engine/EngineMaterials/Substrate/GLints/dict_16_192_64_0p5_0p02_0039_0005" 5288
"/Engine/EngineMaterials/Substrate/GLints/dict_16_192_64_0p5_0p02_0039_0015" 5289
"/Engine/EngineMaterials/Substrate/GLints/dict_16_192_64_0p5_0p02_0039_0004" 5290
"/Engine/EngineMaterials/Substrate/GLints/dict_16_192_64_0p5_0p02_0039_0014" 5291
"/Engine/EngineMaterials/Substrate/GLints/dict_16_192_64_0p5_0p02_0039_0010" 5292
"/Engine/EngineMaterials/Substrate/GLints/dict_16_192_64_0p5_0p02_0039_0009" 5293
"/Engine/EngineMaterials/Substrate/GLints/dict_16_192_64_0p5_0p02_0039_0008" 5294
"/Engine/EngineMaterials/Substrate/GLints/dict_16_192_64_0p5_0p02_0039_0007" 5295
"../../../Engine/Content/EngineMaterials/Substrate/GLints/dict_16_192_64_0p5_0p02_0040_0002.uasset" 5296
"../../../Engine/Content/EngineMaterials/Substrate/GLints/dict_16_192_64_0p5_0p02_0040_0000.uasset" 5297
"/Engine/EngineMaterials/Substrate/GLints/dict_16_192_64_0p5_0p02_0039_0001" 5298
"../../../Engine/Content/EngineMaterials/Substrate/GLints/dict_16_192_64_0p5_0p02_0040_0001.uasset" 5299
"/Engine/EngineMaterials/Substrate/GLints/dict_16_192_64_0p5_0p02_0039_0012" 5300
"../../../Engine/Content/EngineMaterials/Substrate/GLints/dict_16_192_64_0p5_0p02_0040_0003.uasset" 5301
"/Engine/EngineMaterials/Substrate/GLints/dict_16_192_64_0p5_0p02_0038_0015" 5302
"/Engine/EngineMaterials/Substrate/GLints/dict_16_192_64_0p5_0p02_0039_0011" 5303
"/Engine/EngineMaterials/Substrate/GLints/dict_16_192_64_0p5_0p02_0040_0001" 5304
"/Engine/EngineMaterials/Substrate/GLints/dict_16_192_64_0p5_0p02_0040_0000" 5305
"/Engine/EngineMaterials/Substrate/GLints/dict_16_192_64_0p5_0p02_0040_0003" 5306
"/Engine/EngineMaterials/Substrate/GLints/dict_16_192_64_0p5_0p02_0040_0002" 5307
"../../../Engine/Content/EngineMaterials/Substrate/GLints/dict_16_192_64_0p5_0p02_0040_0007.uasset" 5308
"../../../Engine/Content/EngineMaterials/Substrate/GLints/dict_16_192_64_0p5_0p02_0040_0008.uasset" 5309
"../../../Engine/Content/EngineMaterials/Substrate/GLints/dict_16_192_64_0p5_0p02_0040_0006.uasset" 5310
"../../../Engine/Content/EngineMaterials/Substrate/GLints/dict_16_192_64_0p5_0p02_0040_0009.uasset" 5311
"../../../Engine/Content/EngineMaterials/Substrate/GLints/dict_16_192_64_0p5_0p02_0040_0004.uasset" 5312
"../../../Engine/Content/EngineMaterials/Substrate/GLints/dict_16_192_64_0p5_0p02_0040_0011.uasset" 5313
"../../../Engine/Content/EngineMaterials/Substrate/GLints/dict_16_192_64_0p5_0p02_0040_0012.uasset" 5314
"../../../Engine/Content/EngineMaterials/Substrate/GLints/dict_16_192_64_0p5_0p02_0040_0005.uasset" 5315
"/Engine/EngineMaterials/Substrate/GLints/dict_16_192_64_0p5_0p02_0040_0012" 5316
"../../../Engine/Content/EngineMaterials/Substrate/GLints/dict_16_192_64_0p5_0p02_0040_0014.uasset" 5317
"../../../Engine/Content/EngineMaterials/Substrate/GLints/dict_16_192_64_0p5_0p02_0040_0013.uasset" 5318
"../../../Engine/Content/EngineMaterials/Substrate/GLints/dict_16_192_64_0p5_0p02_0041_0002.uasset" 5319
"../../../Engine/Content/EngineMaterials/Substrate/GLints/dict_16_192_64_0p5_0p02_0040_0015.uasset" 5320
"/Engine/EngineMaterials/Substrate/GLints/dict_16_192_64_0p5_0p02_0040_0011" 5321
"../../../Engine/Content/EngineMaterials/Substrate/GLints/dict_16_192_64_0p5_0p02_0041_0000.uasset" 5322
"../../../Engine/Content/EngineMaterials/Substrate/GLints/dict_16_192_64_0p5_0p02_0041_0001.uasset" 5323
"../../../Engine/Content/EngineMaterials/Substrate/GLints/dict_16_192_64_0p5_0p02_0041_0004.uasset" 5324
"../../../Engine/Content/EngineMaterials/Substrate/GLints/dict_16_192_64_0p5_0p02_0040_0010.uasset" 5325
"/Engine/EngineMaterials/Substrate/GLints/dict_16_192_64_0p5_0p02_0040_0009" 5326
"/Engine/EngineMaterials/Substrate/GLints/dict_16_192_64_0p5_0p02_0040_0008" 5327
"/Engine/EngineMaterials/Substrate/GLints/dict_16_192_64_0p5_0p02_0040_0007" 5328
"/Engine/EngineMaterials/Substrate/GLints/dict_16_192_64_0p5_0p02_0040_0006" 5329
"/Engine/EngineMaterials/Substrate/GLints/dict_16_192_64_0p5_0p02_0040_0005" 5330
"/Engine/EngineMaterials/Substrate/GLints/dict_16_192_64_0p5_0p02_0040_0004" 5331
"/Engine/EngineMaterials/Substrate/GLints/dict_16_192_64_0p5_0p02_0041_0001" 5332
"/Engine/EngineMaterials/Substrate/GLints/dict_16_192_64_0p5_0p02_0040_0010" 5333
"/Engine/EngineMaterials/Substrate/GLints/dict_16_192_64_0p5_0p02_0041_0000" 5334
"/Engine/EngineMaterials/Substrate/GLints/dict_16_192_64_0p5_0p02_0040_0015" 5335
"/Engine/EngineMaterials/Substrate/GLints/dict_16_192_64_0p5_0p02_0041_0004" 5336
"/Engine/EngineMaterials/Substrate/GLints/dict_16_192_64_0p5_0p02_0040_0014" 5337
"/Engine/EngineMaterials/Substrate/GLints/dict_16_192_64_0p5_0p02_0040_0013" 5338
"/Engine/EngineMaterials/Substrate/GLints/dict_16_192_64_0p5_0p02_0041_0002" 5339
"../../../Engine/Content/EngineMaterials/Substrate/GLints/dict_16_192_64_0p5_0p02_0039_0013.uasset" 5340
"../../../Engine/Content/EngineMaterials/Substrate/GLints/dict_16_192_64_0p5_0p02_0041_0006.uasset" 5341
"../../../Engine/Content/EngineMaterials/Substrate/GLints/dict_16_192_64_0p5_0p02_0041_0007.uasset" 5342
"../../../Engine/Content/EngineMaterials/Substrate/GLints/dict_16_192_64_0p5_0p02_0041_0008.uasset" 5343
"../../../Engine/Content/EngineMaterials/Substrate/GLints/dict_16_192_64_0p5_0p02_0041_0003.uasset" 5344
"../../../Engine/Content/EngineMaterials/Substrate/GLints/dict_16_192_64_0p5_0p02_0041_0005.uasset" 5345
"../../../Engine/Content/EngineMaterials/Substrate/GLints/dict_16_192_64_0p5_0p02_0041_0013.uasset" 5346
"../../../Engine/Content/EngineMaterials/Substrate/GLints/dict_16_192_64_0p5_0p02_0041_0014.uasset" 5347
"../../../Engine/Content/EngineMaterials/Substrate/GLints/dict_16_192_64_0p5_0p02_0041_0011.uasset" 5348
"../../../Engine/Content/EngineMaterials/Substrate/GLints/dict_16_192_64_0p5_0p02_0041_0009.uasset" 5349
"../../../Engine/Content/EngineMaterials/Substrate/GLints/dict_16_192_64_0p5_0p02_0041_0012.uasset" 5350
"../../../Engine/Content/EngineMaterials/Substrate/GLints/dict_16_192_64_0p5_0p02_0041_0015.uasset" 5351
"../../../Engine/Content/EngineMaterials/Substrate/GLints/dict_16_192_64_0p5_0p02_0041_0010.uasset" 5352
"/Engine/EngineMaterials/Substrate/GLints/dict_16_192_64_0p5_0p02_0041_0014" 5353
"/Engine/EngineMaterials/Substrate/GLints/dict_16_192_64_0p5_0p02_0041_0013" 5354
"/Engine/EngineMaterials/Substrate/GLints/dict_16_192_64_0p5_0p02_0041_0012" 5355
"/Engine/EngineMaterials/Substrate/GLints/dict_16_192_64_0p5_0p02_0041_0011" 5356
"/Engine/EngineMaterials/Substrate/GLints/dict_16_192_64_0p5_0p02_0041_0010" 5357
"/Engine/EngineMaterials/Substrate/GLints/dict_16_192_64_0p5_0p02_0039_0013" 5358
"/Engine/EngineMaterials/Substrate/GLints/dict_16_192_64_0p5_0p02_0041_0009" 5359
"/Engine/EngineMaterials/Substrate/GLints/dict_16_192_64_0p5_0p02_0041_0008" 5360
"/Engine/EngineMaterials/Substrate/GLints/dict_16_192_64_0p5_0p02_0041_0007" 5361
"/Engine/EngineMaterials/Substrate/GLints/dict_16_192_64_0p5_0p02_0041_0006" 5362
"/Engine/EngineMaterials/Substrate/GLints/dict_16_192_64_0p5_0p02_0041_0005" 5363
"/Engine/EngineMaterials/Substrate/GLints/dict_16_192_64_0p5_0p02_0041_0003" 5364
"/Engine/EngineMaterials/Substrate/GLints/dict_16_192_64_0p5_0p02_0041_0015" 5365
"../../../Engine/Content/EngineMaterials/Substrate/GLints/dict_16_192_64_0p5_0p02_0042_0002.uasset" 5366
"../../../Engine/Content/EngineMaterials/Substrate/GLints/dict_16_192_64_0p5_0p02_0042_0003.uasset" 5367
"../../../Engine/Content/EngineMaterials/Substrate/GLints/dict_16_192_64_0p5_0p02_0042_0004.uasset" 5368
"../../../Engine/Content/EngineMaterials/Substrate/GLints/dict_16_192_64_0p5_0p02_0042_0005.uasset" 5369
"../../../Engine/Content/EngineMaterials/Substrate/GLints/dict_16_192_64_0p5_0p02_0042_0000.uasset" 5370
"../../../Engine/Content/EngineMaterials/Substrate/GLints/dict_16_192_64_0p5_0p02_0042_0010.uasset" 5371
"../../../Engine/Content/EngineMaterials/Substrate/GLints/dict_16_192_64_0p5_0p02_0042_0008.uasset" 5372
"../../../Engine/Content/EngineMaterials/Substrate/GLints/dict_16_192_64_0p5_0p02_0042_0012.uasset" 5373
"../../../Engine/Content/EngineMaterials/Substrate/GLints/dict_16_192_64_0p5_0p02_0042_0009.uasset" 5374
"../../../Engine/Content/EngineMaterials/Substrate/GLints/dict_16_192_64_0p5_0p02_0042_0011.uasset" 5375
"../../../Engine/Content/EngineMaterials/Substrate/GLints/dict_16_192_64_0p5_0p02_0042_0006.uasset" 5376
"../../../Engine/Content/EngineMaterials/Substrate/GLints/dict_16_192_64_0p5_0p02_0042_0001.uasset" 5377
"../../../Engine/Content/EngineMaterials/Substrate/GLints/dict_16_192_64_0p5_0p02_0042_0007.uasset" 5378
"/Engine/EngineMaterials/Substrate/GLints/dict_16_192_64_0p5_0p02_0042_0010" 5379
"/Engine/EngineMaterials/Substrate/GLints/dict_16_192_64_0p5_0p02_0042_0009" 5380
"/Engine/EngineMaterials/Substrate/GLints/dict_16_192_64_0p5_0p02_0042_0002" 5381
"/Engine/EngineMaterials/Substrate/GLints/dict_16_192_64_0p5_0p02_0042_0001" 5382
"/Engine/EngineMaterials/Substrate/GLints/dict_16_192_64_0p5_0p02_0042_0008" 5383
"/Engine/EngineMaterials/Substrate/GLints/dict_16_192_64_0p5_0p02_0042_0007" 5384
"/Engine/EngineMaterials/Substrate/GLints/dict_16_192_64_0p5_0p02_0042_0006" 5385
"/Engine/EngineMaterials/Substrate/GLints/dict_16_192_64_0p5_0p02_0042_0012" 5386
"/Engine/EngineMaterials/Substrate/GLints/dict_16_192_64_0p5_0p02_0042_0005" 5387
"../../../Engine/Content/EngineMaterials/Substrate/GLints/dict_16_192_64_0p5_0p02_0042_0015.uasset" 5388
"/Engine/EngineMaterials/Substrate/GLints/dict_16_192_64_0p5_0p02_0042_0004" 5389
"/Engine/EngineMaterials/Substrate/GLints/dict_16_192_64_0p5_0p02_0042_0000" 5390
"../../../Engine/Content/EngineMaterials/Substrate/GLints/dict_16_192_64_0p5_0p02_0042_0014.uasset" 5391
"/Engine/EngineMaterials/Substrate/GLints/dict_16_192_64_0p5_0p02_0042_0011" 5392
"/Engine/EngineMaterials/Substrate/GLints/dict_16_192_64_0p5_0p02_0042_0003" 5393
"../../../Engine/Content/EngineMaterials/Substrate/GLints/dict_16_192_64_0p5_0p02_0043_0002.uasset" 5394
"/Engine/EngineMaterials/Substrate/GLints/dict_16_192_64_0p5_0p02_0043_0002" 5395
"../../../Engine/Content/EngineMaterials/Substrate/GLints/dict_16_192_64_0p5_0p02_0043_0000.uasset" 5396
"/Engine/EngineMaterials/Substrate/GLints/dict_16_192_64_0p5_0p02_0042_0015" 5397
"/Engine/EngineMaterials/Substrate/GLints/dict_16_192_64_0p5_0p02_0042_0014" 5398
"../../../Engine/Content/EngineMaterials/Substrate/GLints/dict_16_192_64_0p5_0p02_0042_0013.uasset" 5399
"/Engine/EngineMaterials/Substrate/GLints/dict_16_192_64_0p5_0p02_0043_0000" 5400
"/Engine/EngineMaterials/Substrate/GLints/dict_16_192_64_0p5_0p02_0042_0013" 5401
"../../../Engine/Content/EngineMaterials/Substrate/GLints/dict_16_192_64_0p5_0p02_0043_0001.uasset" 5402
"../../../Engine/Content/EngineMaterials/Substrate/GLints/dict_16_192_64_0p5_0p02_0043_0005.uasset" 5403
"../../../Engine/Content/EngineMaterials/Substrate/GLints/dict_16_192_64_0p5_0p02_0043_0007.uasset" 5404
"../../../Engine/Content/EngineMaterials/Substrate/GLints/dict_16_192_64_0p5_0p02_0043_0003.uasset" 5405
"../../../Engine/Content/EngineMaterials/Substrate/GLints/dict_16_192_64_0p5_0p02_0043_0004.uasset" 5406
"../../../Engine/Content/EngineMaterials/Substrate/GLints/dict_16_192_64_0p5_0p02_0043_0006.uasset" 5407
"../../../Engine/Content/EngineMaterials/Substrate/GLints/dict_16_192_64_0p5_0p02_0043_0008.uasset" 5408
"../../../Engine/Content/EngineMaterials/Substrate/GLints/dict_16_192_64_0p5_0p02_0043_0010.uasset" 5409
"../../../Engine/Content/EngineMaterials/Substrate/GLints/dict_16_192_64_0p5_0p02_0043_0009.uasset" 5410
"../../../Engine/Content/EngineMaterials/Substrate/GLints/dict_16_192_64_0p5_0p02_0043_0011.uasset" 5411
"/Engine/EngineMaterials/Substrate/GLints/dict_16_192_64_0p5_0p02_0043_0001" 5412
"../../../Engine/Content/EngineMaterials/Substrate/GLints/dict_16_192_64_0p5_0p02_0043_0012.uasset" 5413
"../../../Engine/Content/EngineMaterials/Substrate/GLints/dict_16_192_64_0p5_0p02_0043_0013.uasset" 5414
"../../../Engine/Content/EngineMaterials/Substrate/GLints/dict_16_192_64_0p5_0p02_0043_0014.uasset" 5415
"/Engine/EngineMaterials/Substrate/GLints/dict_16_192_64_0p5_0p02_0043_0010" 5416
"/Engine/EngineMaterials/Substrate/GLints/dict_16_192_64_0p5_0p02_0043_0009" 5417
"/Engine/EngineMaterials/Substrate/GLints/dict_16_192_64_0p5_0p02_0043_0008" 5418
"/Engine/EngineMaterials/Substrate/GLints/dict_16_192_64_0p5_0p02_0043_0007" 5419
"/Engine/EngineMaterials/Substrate/GLints/dict_16_192_64_0p5_0p02_0043_0006" 5420
"../../../Engine/Content/EngineMaterials/Substrate/GLints/dict_16_192_64_0p5_0p02_0044_0004.uasset" 5421
"../../../Engine/Content/EngineMaterials/Substrate/GLints/dict_16_192_64_0p5_0p02_0044_0001.uasset" 5422
"/Engine/EngineMaterials/Substrate/GLints/dict_16_192_64_0p5_0p02_0043_0005" 5423
"../../../Engine/Content/EngineMaterials/Substrate/GLints/dict_16_192_64_0p5_0p02_0044_0006.uasset" 5424
"/Engine/EngineMaterials/Substrate/GLints/dict_16_192_64_0p5_0p02_0043_0004" 5425
"/Engine/EngineMaterials/Substrate/GLints/dict_16_192_64_0p5_0p02_0043_0003" 5426
"/Engine/EngineMaterials/Substrate/GLints/dict_16_192_64_0p5_0p02_0043_0014" 5427
"../../../Engine/Content/EngineMaterials/Substrate/GLints/dict_16_192_64_0p5_0p02_0043_0015.uasset" 5428
"../../../Engine/Content/EngineMaterials/Substrate/GLints/dict_16_192_64_0p5_0p02_0044_0000.uasset" 5429
"/Engine/EngineMaterials/Substrate/GLints/dict_16_192_64_0p5_0p02_0043_0013" 5430
"/Engine/EngineMaterials/Substrate/GLints/dict_16_192_64_0p5_0p02_0043_0012" 5431
"../../../Engine/Content/EngineMaterials/Substrate/GLints/dict_16_192_64_0p5_0p02_0044_0003.uasset" 5432
"/Engine/EngineMaterials/Substrate/GLints/dict_16_192_64_0p5_0p02_0043_0011" 5433
"/Engine/EngineMaterials/Substrate/GLints/dict_16_192_64_0p5_0p02_0044_0006" 5434
"/Engine/EngineMaterials/Substrate/GLints/dict_16_192_64_0p5_0p02_0044_0004" 5435
"/Engine/EngineMaterials/Substrate/GLints/dict_16_192_64_0p5_0p02_0044_0001" 5436
"/Engine/EngineMaterials/Substrate/GLints/dict_16_192_64_0p5_0p02_0043_0015" 5437
"/Engine/EngineMaterials/Substrate/GLints/dict_16_192_64_0p5_0p02_0044_0003" 5438
"/Engine/EngineMaterials/Substrate/GLints/dict_16_192_64_0p5_0p02_0044_0000" 5439
"../../../Engine/Content/EngineMaterials/Substrate/GLints/dict_16_192_64_0p5_0p02_0044_0002.uasset" 5440
"../../../Engine/Content/EngineMaterials/Substrate/GLints/dict_16_192_64_0p5_0p02_0044_0005.uasset" 5441
"../../../Engine/Content/EngineMaterials/Substrate/GLints/dict_16_192_64_0p5_0p02_0044_0008.uasset" 5442
"../../../Engine/Content/EngineMaterials/Substrate/GLints/dict_16_192_64_0p5_0p02_0044_0007.uasset" 5443
"../../../Engine/Content/EngineMaterials/Substrate/GLints/dict_16_192_64_0p5_0p02_0044_0010.uasset" 5444
"../../../Engine/Content/EngineMaterials/Substrate/GLints/dict_16_192_64_0p5_0p02_0044_0011.uasset" 5445
"../../../Engine/Content/EngineMaterials/Substrate/GLints/dict_16_192_64_0p5_0p02_0044_0009.uasset" 5446
"../../../Engine/Content/EngineMaterials/Substrate/GLints/dict_16_192_64_0p5_0p02_0044_0014.uasset" 5447
"../../../Engine/Content/EngineMaterials/Substrate/GLints/dict_16_192_64_0p5_0p02_0044_0013.uasset" 5448
"../../../Engine/Content/EngineMaterials/Substrate/GLints/dict_16_192_64_0p5_0p02_0044_0012.uasset" 5449
"../../../Engine/Content/EngineMaterials/Substrate/GLints/dict_16_192_64_0p5_0p02_0044_0015.uasset" 5450
"../../../Engine/Content/EngineMaterials/Substrate/GLints/dict_16_192_64_0p5_0p02_0045_0004.uasset" 5451
"../../../Engine/Content/EngineMaterials/Substrate/GLints/dict_16_192_64_0p5_0p02_0045_0003.uasset" 5452
"/Engine/EngineMaterials/Substrate/GLints/dict_16_192_64_0p5_0p02_0044_0015" 5453
"/Engine/EngineMaterials/Substrate/GLints/dict_16_192_64_0p5_0p02_0044_0012" 5454
"../../../Engine/Content/EngineMaterials/Substrate/GLints/dict_16_192_64_0p5_0p02_0045_0002.uasset" 5455
"/Engine/EngineMaterials/Substrate/GLints/dict_16_192_64_0p5_0p02_0044_0011" 5456
"/Engine/EngineMaterials/Substrate/GLints/dict_16_192_64_0p5_0p02_0044_0010" 5457
"/Engine/EngineMaterials/Substrate/GLints/dict_16_192_64_0p5_0p02_0044_0009" 5458
"../../../Engine/Content/EngineMaterials/Substrate/GLints/dict_16_192_64_0p5_0p02_0045_0009.uasset" 5459
"/Engine/EngineMaterials/Substrate/GLints/dict_16_192_64_0p5_0p02_0044_0008" 5460
"../../../Engine/Content/EngineMaterials/Substrate/GLints/dict_16_192_64_0p5_0p02_0045_0006.uasset" 5461
"../../../Engine/Content/EngineMaterials/Substrate/GLints/dict_16_192_64_0p5_0p02_0045_0008.uasset" 5462
"../../../Engine/Content/EngineMaterials/Substrate/GLints/dict_16_192_64_0p5_0p02_0045_0005.uasset" 5463
"/Engine/EngineMaterials/Substrate/GLints/dict_16_192_64_0p5_0p02_0044_0014" 5464
"../../../Engine/Content/EngineMaterials/Substrate/GLints/dict_16_192_64_0p5_0p02_0045_0011.uasset" 5465
"../../../Engine/Content/EngineMaterials/Substrate/GLints/dict_16_192_64_0p5_0p02_0045_0010.uasset" 5466
"../../../Engine/Content/EngineMaterials/Substrate/GLints/dict_16_192_64_0p5_0p02_0045_0012.uasset" 5467
"../../../Engine/Content/EngineMaterials/Substrate/GLints/dict_16_192_64_0p5_0p02_0045_0001.uasset" 5468
"/Engine/EngineMaterials/Substrate/GLints/dict_16_192_64_0p5_0p02_0044_0013" 5469
"/Engine/EngineMaterials/Substrate/GLints/dict_16_192_64_0p5_0p02_0044_0007" 5470
"../../../Engine/Content/EngineMaterials/Substrate/GLints/dict_16_192_64_0p5_0p02_0045_0000.uasset" 5471
"/Engine/EngineMaterials/Substrate/GLints/dict_16_192_64_0p5_0p02_0044_0005" 5472
"/Engine/EngineMaterials/Substrate/GLints/dict_16_192_64_0p5_0p02_0044_0002" 5473
"/Engine/EngineMaterials/Substrate/GLints/dict_16_192_64_0p5_0p02_0045_0010" 5474
"/Engine/EngineMaterials/Substrate/GLints/dict_16_192_64_0p5_0p02_0045_0000" 5475
"/Engine/EngineMaterials/Substrate/GLints/dict_16_192_64_0p5_0p02_0045_0009" 5476
"/Engine/EngineMaterials/Substrate/GLints/dict_16_192_64_0p5_0p02_0045_0008" 5477
"/Engine/EngineMaterials/Substrate/GLints/dict_16_192_64_0p5_0p02_0045_0006" 5478
"/Engine/EngineMaterials/Substrate/GLints/dict_16_192_64_0p5_0p02_0045_0005" 5479
"/Engine/EngineMaterials/Substrate/GLints/dict_16_192_64_0p5_0p02_0045_0004" 5480
"/Engine/EngineMaterials/Substrate/GLints/dict_16_192_64_0p5_0p02_0045_0001" 5481
"/Engine/EngineMaterials/Substrate/GLints/dict_16_192_64_0p5_0p02_0045_0003" 5482
"/Engine/EngineMaterials/Substrate/GLints/dict_16_192_64_0p5_0p02_0045_0012" 5483
"/Engine/EngineMaterials/Substrate/GLints/dict_16_192_64_0p5_0p02_0045_0011" 5484
"/Engine/EngineMaterials/Substrate/GLints/dict_16_192_64_0p5_0p02_0045_0002" 5485
"../../../Engine/Content/EngineMaterials/Substrate/GLints/dict_16_192_64_0p5_0p02_0045_0007.uasset" 5486
"../../../Engine/Content/EngineMaterials/Substrate/GLints/dict_16_192_64_0p5_0p02_0045_0013.uasset" 5487
"../../../Engine/Content/EngineMaterials/Substrate/GLints/dict_16_192_64_0p5_0p02_0046_0001.uasset" 5488
"../../../Engine/Content/EngineMaterials/Substrate/GLints/dict_16_192_64_0p5_0p02_0046_0004.uasset" 5489
"../../../Engine/Content/EngineMaterials/Substrate/GLints/dict_16_192_64_0p5_0p02_0046_0006.uasset" 5490
"../../../Engine/Content/EngineMaterials/Substrate/GLints/dict_16_192_64_0p5_0p02_0046_0000.uasset" 5491
"../../../Engine/Content/EngineMaterials/Substrate/GLints/dict_16_192_64_0p5_0p02_0045_0015.uasset" 5492
"../../../Engine/Content/EngineMaterials/Substrate/GLints/dict_16_192_64_0p5_0p02_0045_0014.uasset" 5493
"../../../Engine/Content/EngineMaterials/Substrate/GLints/dict_16_192_64_0p5_0p02_0046_0003.uasset" 5494
"../../../Engine/Content/EngineMaterials/Substrate/GLints/dict_16_192_64_0p5_0p02_0046_0002.uasset" 5495
"../../../Engine/Content/EngineMaterials/Substrate/GLints/dict_16_192_64_0p5_0p02_0046_0005.uasset" 5496
"../../../Engine/Content/EngineMaterials/Substrate/GLints/dict_16_192_64_0p5_0p02_0046_0008.uasset" 5497
"/Engine/EngineMaterials/Substrate/GLints/dict_16_192_64_0p5_0p02_0046_0004" 5498
"../../../Engine/Content/EngineMaterials/Substrate/GLints/dict_16_192_64_0p5_0p02_0046_0007.uasset" 5499
"/Engine/EngineMaterials/Substrate/GLints/dict_16_192_64_0p5_0p02_0046_0001" 5500
"/Engine/EngineMaterials/Substrate/GLints/dict_16_192_64_0p5_0p02_0046_0000" 5501
"/Engine/EngineMaterials/Substrate/GLints/dict_16_192_64_0p5_0p02_0045_0015" 5502
"/Engine/EngineMaterials/Substrate/GLints/dict_16_192_64_0p5_0p02_0045_0014" 5503
"/Engine/EngineMaterials/Substrate/GLints/dict_16_192_64_0p5_0p02_0045_0007" 5504
"/Engine/EngineMaterials/Substrate/GLints/dict_16_192_64_0p5_0p02_0045_0013" 5505
"/Engine/EngineMaterials/Substrate/GLints/dict_16_192_64_0p5_0p02_0046_0006" 5506
"/Engine/EngineMaterials/Substrate/GLints/dict_16_192_64_0p5_0p02_0046_0003" 5507
"/Engine/EngineMaterials/Substrate/GLints/dict_16_192_64_0p5_0p02_0046_0002" 5508
"../../../Engine/Content/EngineMaterials/Substrate/GLints/dict_16_192_64_0p5_0p02_0047_0003.uasset" 5509
"/Engine/EngineMaterials/Substrate/GLints/dict_16_192_64_0p5_0p02_0046_0008" 5510
"../../../Engine/Content/EngineMaterials/Substrate/GLints/dict_16_192_64_0p5_0p02_0046_0010.uasset" 5511
"../../../Engine/Content/EngineMaterials/Substrate/GLints/dict_16_192_64_0p5_0p02_0047_0002.uasset" 5512
"../../../Engine/Content/EngineMaterials/Substrate/GLints/dict_16_192_64_0p5_0p02_0046_0009.uasset" 5513
"/Engine/EngineMaterials/Substrate/GLints/dict_16_192_64_0p5_0p02_0046_0007" 5514
"../../../Engine/Content/EngineMaterials/Substrate/GLints/dict_16_192_64_0p5_0p02_0046_0014.uasset" 5515
"../../../Engine/Content/EngineMaterials/Substrate/GLints/dict_16_192_64_0p5_0p02_0047_0000.uasset" 5516
"/Engine/EngineMaterials/Substrate/GLints/dict_16_192_64_0p5_0p02_0047_0003" 5517
"/Engine/EngineMaterials/Substrate/GLints/dict_16_192_64_0p5_0p02_0046_0005" 5518
"/Engine/EngineMaterials/Substrate/GLints/dict_16_192_64_0p5_0p02_0046_0014" 5519
"/Engine/EngineMaterials/Substrate/GLints/dict_16_192_64_0p5_0p02_0046_0010" 5520
"../../../Engine/Content/EngineMaterials/Substrate/GLints/dict_16_192_64_0p5_0p02_0047_0001.uasset" 5521
"/Engine/EngineMaterials/Substrate/GLints/dict_16_192_64_0p5_0p02_0046_0009" 5522
"/Engine/EngineMaterials/Substrate/GLints/dict_16_192_64_0p5_0p02_0047_0002" 5523
"../../../Engine/Content/EngineMaterials/Substrate/GLints/dict_16_192_64_0p5_0p02_0046_0015.uasset" 5524
"/Engine/EngineMaterials/Substrate/GLints/dict_16_192_64_0p5_0p02_0047_0000" 5525
"/Engine/EngineMaterials/Substrate/GLints/dict_16_192_64_0p5_0p02_0046_0015" 5526
"/Engine/EngineMaterials/Substrate/GLints/dict_16_192_64_0p5_0p02_0047_0001" 5527
"../../../Engine/Content/EngineMaterials/Substrate/GLints/dict_16_192_64_0p5_0p02_0046_0011.uasset" 5528
"../../../Engine/Content/EngineMaterials/Substrate/GLints/dict_16_192_64_0p5_0p02_0047_0006.uasset" 5529
"../../../Engine/Content/EngineMaterials/Substrate/GLints/dict_16_192_64_0p5_0p02_0047_0005.uasset" 5530
"../../../Engine/Content/EngineMaterials/Substrate/GLints/dict_16_192_64_0p5_0p02_0046_0012.uasset" 5531
"../../../Engine/Content/EngineMaterials/Substrate/GLints/dict_16_192_64_0p5_0p02_0047_0004.uasset" 5532
"../../../Engine/Content/EngineMaterials/Substrate/GLints/dict_16_192_64_0p5_0p02_0047_0007.uasset" 5533
"../../../Engine/Content/EngineMaterials/Substrate/GLints/dict_16_192_64_0p5_0p02_0047_0008.uasset" 5534
"/Engine/EngineMaterials/Substrate/GLints/dict_16_192_64_0p5_0p02_0046_0012" 5535
"/Engine/EngineMaterials/Substrate/GLints/dict_16_192_64_0p5_0p02_0046_0011" 5536
"../../../Engine/Content/EngineMaterials/Substrate/GLints/dict_16_192_64_0p5_0p02_0047_0012.uasset" 5537
"../../../Engine/Content/EngineMaterials/Substrate/GLints/dict_16_192_64_0p5_0p02_0047_0009.uasset" 5538
"/Engine/EngineMaterials/Substrate/GLints/dict_16_192_64_0p5_0p02_0047_0008" 5539
"/Engine/EngineMaterials/Substrate/GLints/dict_16_192_64_0p5_0p02_0047_0007" 5540
"/Engine/EngineMaterials/Substrate/GLints/dict_16_192_64_0p5_0p02_0047_0006" 5541
"../../../Engine/Content/EngineMaterials/Substrate/GLints/dict_16_192_64_0p5_0p02_0048_0002.uasset" 5542
"/Engine/EngineMaterials/Substrate/GLints/dict_16_192_64_0p5_0p02_0047_0005" 5543
"/Engine/EngineMaterials/Substrate/GLints/dict_16_192_64_0p5_0p02_0047_0004" 5544
"/Engine/EngineMaterials/Substrate/GLints/dict_16_192_64_0p5_0p02_0048_0002" 5545
"/Engine/EngineMaterials/Substrate/GLints/dict_16_192_64_0p5_0p02_0047_0009" 5546
"../../../Engine/Content/EngineMaterials/Substrate/GLints/dict_16_192_64_0p5_0p02_0047_0010.uasset" 5547
"/Engine/EngineMaterials/Substrate/GLints/dict_16_192_64_0p5_0p02_0047_0012" 5548
"../../../Engine/Content/EngineMaterials/Substrate/GLints/dict_16_192_64_0p5_0p02_0047_0011.uasset" 5549
"/Engine/EngineMaterials/Substrate/GLints/dict_16_192_64_0p5_0p02_0047_0011" 5550
"/Engine/EngineMaterials/Substrate/GLints/dict_16_192_64_0p5_0p02_0047_0010" 5551
"../../../Engine/Content/EngineMaterials/Substrate/GLints/dict_16_192_64_0p5_0p02_0047_0014.uasset" 5552
"../../../Engine/Content/EngineMaterials/Substrate/GLints/dict_16_192_64_0p5_0p02_0048_0003.uasset" 5553
"../../../Engine/Content/EngineMaterials/Substrate/GLints/dict_16_192_64_0p5_0p02_0048_0000.uasset" 5554
"../../../Engine/Content/EngineMaterials/Substrate/GLints/dict_16_192_64_0p5_0p02_0047_0015.uasset" 5555
"../../../Engine/Content/EngineMaterials/Substrate/GLints/dict_16_192_64_0p5_0p02_0048_0001.uasset" 5556
"../../../Engine/Content/EngineMaterials/Substrate/GLints/dict_16_192_64_0p5_0p02_0048_0005.uasset" 5557
"../../../Engine/Content/EngineMaterials/Substrate/GLints/dict_16_192_64_0p5_0p02_0047_0013.uasset" 5558
"../../../Engine/Content/EngineMaterials/Substrate/GLints/dict_16_192_64_0p5_0p02_0046_0013.uasset" 5559
"../../../Engine/Content/EngineMaterials/Substrate/GLints/dict_16_192_64_0p5_0p02_0048_0007.uasset" 5560
"/Engine/EngineMaterials/Substrate/GLints/dict_16_192_64_0p5_0p02_0048_0005" 5561
"../../../Engine/Content/EngineMaterials/Substrate/GLints/dict_16_192_64_0p5_0p02_0048_0010.uasset" 5562
"../../../Engine/Content/EngineMaterials/Substrate/GLints/dict_16_192_64_0p5_0p02_0048_0008.uasset" 5563
"/Engine/EngineMaterials/Substrate/GLints/dict_16_192_64_0p5_0p02_0046_0013" 5564
"/Engine/EngineMaterials/Substrate/GLints/dict_16_192_64_0p5_0p02_0048_0003" 5565
"/Engine/EngineMaterials/Substrate/GLints/dict_16_192_64_0p5_0p02_0048_0001" 5566
"../../../Engine/Content/EngineMaterials/Substrate/GLints/dict_16_192_64_0p5_0p02_0048_0004.uasset" 5567
"/Engine/EngineMaterials/Substrate/GLints/dict_16_192_64_0p5_0p02_0048_0000" 5568
"/Engine/EngineMaterials/Substrate/GLints/dict_16_192_64_0p5_0p02_0047_0015" 5569
"/Engine/EngineMaterials/Substrate/GLints/dict_16_192_64_0p5_0p02_0047_0014" 5570
"/Engine/EngineMaterials/Substrate/GLints/dict_16_192_64_0p5_0p02_0048_0007" 5571
"../../../Engine/Content/EngineMaterials/Substrate/GLints/dict_16_192_64_0p5_0p02_0048_0006.uasset" 5572
"/Engine/EngineMaterials/Substrate/GLints/dict_16_192_64_0p5_0p02_0047_0013" 5573
"/Engine/EngineMaterials/Substrate/GLints/dict_16_192_64_0p5_0p02_0048_0004" 5574
"/Engine/EngineMaterials/Substrate/GLints/dict_16_192_64_0p5_0p02_0048_0008" 5575
"../../../Engine/Content/EngineMaterials/Substrate/GLints/dict_16_192_64_0p5_0p02_0048_0014.uasset" 5576
"/Engine/EngineMaterials/Substrate/GLints/dict_16_192_64_0p5_0p02_0048_0006" 5577
"/Engine/EngineMaterials/Substrate/GLints/dict_16_192_64_0p5_0p02_0048_0010" 5578
"../../../Engine/Content/EngineMaterials/Substrate/GLints/dict_16_192_64_0p5_0p02_0048_0013.uasset" 5579
"../../../Engine/Content/EngineMaterials/Substrate/GLints/dict_16_192_64_0p5_0p02_0048_0011.uasset" 5580
"/Engine/EngineMaterials/Substrate/GLints/dict_16_192_64_0p5_0p02_0048_0014" 5581
"/Engine/EngineMaterials/Substrate/GLints/dict_16_192_64_0p5_0p02_0048_0013" 5582
"/Engine/EngineMaterials/Substrate/GLints/dict_16_192_64_0p5_0p02_0048_0011" 5583
"../../../Engine/Content/EngineMaterials/Substrate/GLints/dict_16_192_64_0p5_0p02_0048_0009.uasset" 5584
"../../../Engine/Content/EngineMaterials/Substrate/GLints/dict_16_192_64_0p5_0p02_0048_0012.uasset" 5585
"../../../Engine/Content/EngineMaterials/Substrate/GLints/dict_16_192_64_0p5_0p02_0049_0000.uasset" 5586
"../../../Engine/Content/EngineMaterials/Substrate/GLints/dict_16_192_64_0p5_0p02_0048_0015.uasset" 5587
"../../../Engine/Content/EngineMaterials/Substrate/GLints/dict_16_192_64_0p5_0p02_0049_0001.uasset" 5588
"../../../Engine/Content/EngineMaterials/Substrate/GLints/dict_16_192_64_0p5_0p02_0049_0003.uasset" 5589
"/Engine/EngineMaterials/Substrate/GLints/dict_16_192_64_0p5_0p02_0049_0000" 5590
"../../../Engine/Content/EngineMaterials/Substrate/GLints/dict_16_192_64_0p5_0p02_0049_0004.uasset" 5591
"../../../Engine/Content/EngineMaterials/Substrate/GLints/dict_16_192_64_0p5_0p02_0049_0008.uasset" 5592
"../../../Engine/Content/EngineMaterials/Substrate/GLints/dict_16_192_64_0p5_0p02_0049_0010.uasset" 5593
"/Engine/EngineMaterials/Substrate/GLints/dict_16_192_64_0p5_0p02_0048_0012" 5594
"../../../Engine/Content/EngineMaterials/Substrate/GLints/dict_16_192_64_0p5_0p02_0049_0009.uasset" 5595
"../../../Engine/Content/EngineMaterials/Substrate/GLints/dict_16_192_64_0p5_0p02_0049_0002.uasset" 5596
"/Engine/EngineMaterials/Substrate/GLints/dict_16_192_64_0p5_0p02_0049_0003" 5597
"/Engine/EngineMaterials/Substrate/GLints/dict_16_192_64_0p5_0p02_0048_0009" 5598
"/Engine/EngineMaterials/Substrate/GLints/dict_16_192_64_0p5_0p02_0049_0001" 5599
"/Engine/EngineMaterials/Substrate/GLints/dict_16_192_64_0p5_0p02_0048_0015" 5600
"/Engine/EngineMaterials/Substrate/GLints/dict_16_192_64_0p5_0p02_0049_0010" 5601
"../../../Engine/Content/EngineMaterials/Substrate/GLints/dict_16_192_64_0p5_0p02_0049_0013.uasset" 5602
"../../../Engine/Content/EngineMaterials/Substrate/GLints/dict_16_192_64_0p5_0p02_0049_0011.uasset" 5603
"/Engine/EngineMaterials/Substrate/GLints/dict_16_192_64_0p5_0p02_0049_0009" 5604
"/Engine/EngineMaterials/Substrate/GLints/dict_16_192_64_0p5_0p02_0049_0004" 5605
"../../../Engine/Content/EngineMaterials/Substrate/GLints/dict_16_192_64_0p5_0p02_0049_0007.uasset" 5606
"../../../Engine/Content/EngineMaterials/Substrate/GLints/dict_16_192_64_0p5_0p02_0049_0012.uasset" 5607
"../../../Engine/Content/EngineMaterials/Substrate/GLints/dict_16_192_64_0p5_0p02_0049_0005.uasset" 5608
"../../../Engine/Content/EngineMaterials/Substrate/GLints/dict_16_192_64_0p5_0p02_0049_0006.uasset" 5609
"/Engine/EngineMaterials/Substrate/GLints/dict_16_192_64_0p5_0p02_0049_0002" 5610
"/Engine/EngineMaterials/Substrate/GLints/dict_16_192_64_0p5_0p02_0049_0008" 5611
"/Engine/EngineMaterials/Substrate/GLints/dict_16_192_64_0p5_0p02_0049_0007" 5612
"/Engine/EngineMaterials/Substrate/GLints/dict_16_192_64_0p5_0p02_0049_0006" 5613
"/Engine/EngineMaterials/Substrate/GLints/dict_16_192_64_0p5_0p02_0049_0012" 5614
"/Engine/EngineMaterials/Substrate/GLints/dict_16_192_64_0p5_0p02_0049_0011" 5615
"/Engine/EngineMaterials/Substrate/GLints/dict_16_192_64_0p5_0p02_0049_0005" 5616
"/Engine/EngineMaterials/Substrate/GLints/dict_16_192_64_0p5_0p02_0049_0013" 5617
"../../../Engine/Content/EngineMaterials/Substrate/GLints/dict_16_192_64_0p5_0p02_0050_0000.uasset" 5618
"../../../Engine/Content/EngineMaterials/Substrate/GLints/dict_16_192_64_0p5_0p02_0049_0015.uasset" 5619
"../../../Engine/Content/EngineMaterials/Substrate/GLints/dict_16_192_64_0p5_0p02_0049_0014.uasset" 5620
"../../../Engine/Content/EngineMaterials/Substrate/GLints/dict_16_192_64_0p5_0p02_0050_0001.uasset" 5621
"../../../Engine/Content/EngineMaterials/Substrate/GLints/dict_16_192_64_0p5_0p02_0050_0002.uasset" 5622
"../../../Engine/Content/EngineMaterials/Substrate/GLints/dict_16_192_64_0p5_0p02_0050_0006.uasset" 5623
"../../../Engine/Content/EngineMaterials/Substrate/GLints/dict_16_192_64_0p5_0p02_0050_0007.uasset" 5624
"../../../Engine/Content/EngineMaterials/Substrate/GLints/dict_16_192_64_0p5_0p02_0050_0011.uasset" 5625
"../../../Engine/Content/EngineMaterials/Substrate/GLints/dict_16_192_64_0p5_0p02_0050_0010.uasset" 5626
"../../../Engine/Content/EngineMaterials/Substrate/GLints/dict_16_192_64_0p5_0p02_0050_0008.uasset" 5627
"../../../Engine/Content/EngineMaterials/Substrate/GLints/dict_16_192_64_0p5_0p02_0050_0009.uasset" 5628
"/Engine/EngineMaterials/Substrate/GLints/dict_16_192_64_0p5_0p02_0050_0009" 5629
"/Engine/EngineMaterials/Substrate/GLints/dict_16_192_64_0p5_0p02_0050_0010" 5630
"/Engine/EngineMaterials/Substrate/GLints/dict_16_192_64_0p5_0p02_0050_0002" 5631
"/Engine/EngineMaterials/Substrate/GLints/dict_16_192_64_0p5_0p02_0050_0001" 5632
"/Engine/EngineMaterials/Substrate/GLints/dict_16_192_64_0p5_0p02_0050_0008" 5633
"/Engine/EngineMaterials/Substrate/GLints/dict_16_192_64_0p5_0p02_0050_0000" 5634
"/Engine/EngineMaterials/Substrate/GLints/dict_16_192_64_0p5_0p02_0049_0015" 5635
"/Engine/EngineMaterials/Substrate/GLints/dict_16_192_64_0p5_0p02_0049_0014" 5636
"../../../Engine/Content/EngineMaterials/Substrate/GLints/dict_16_192_64_0p5_0p02_0050_0003.uasset" 5637
"/Engine/EngineMaterials/Substrate/GLints/dict_16_192_64_0p5_0p02_0050_0011" 5638
"/Engine/EngineMaterials/Substrate/GLints/dict_16_192_64_0p5_0p02_0050_0007" 5639
"../../../Engine/Content/EngineMaterials/Substrate/GLints/dict_16_192_64_0p5_0p02_0050_0012.uasset" 5640
"/Engine/EngineMaterials/Substrate/GLints/dict_16_192_64_0p5_0p02_0050_0006" 5641
"../../../Engine/Content/EngineMaterials/Substrate/GLints/dict_16_192_64_0p5_0p02_0050_0013.uasset" 5642
"/Engine/EngineMaterials/Substrate/GLints/dict_16_192_64_0p5_0p02_0050_0003" 5643
"/Engine/EngineMaterials/Substrate/GLints/dict_16_192_64_0p5_0p02_0050_0012" 5644
"/Engine/EngineMaterials/Substrate/GLints/dict_16_192_64_0p5_0p02_0050_0013" 5645
"../../../Engine/Content/EngineMaterials/Substrate/GLints/dict_16_192_64_0p5_0p02_0050_0004.uasset" 5646
"../../../Engine/Content/EngineMaterials/Substrate/GLints/dict_16_192_64_0p5_0p02_0051_0000.uasset" 5647
"../../../Engine/Content/EngineMaterials/Substrate/GLints/dict_16_192_64_0p5_0p02_0051_0001.uasset" 5648
"../../../Engine/Content/EngineMaterials/Substrate/GLints/dict_16_192_64_0p5_0p02_0050_0014.uasset" 5649
"../../../Engine/Content/EngineMaterials/Substrate/GLints/dict_16_192_64_0p5_0p02_0051_0003.uasset" 5650
"../../../Engine/Content/EngineMaterials/Substrate/GLints/dict_16_192_64_0p5_0p02_0051_0002.uasset" 5651
"../../../Engine/Content/EngineMaterials/Substrate/GLints/dict_16_192_64_0p5_0p02_0051_0004.uasset" 5652
"../../../Engine/Content/EngineMaterials/Substrate/GLints/dict_16_192_64_0p5_0p02_0051_0005.uasset" 5653
"../../../Engine/Content/EngineMaterials/Substrate/GLints/dict_16_192_64_0p5_0p02_0051_0006.uasset" 5654
"../../../Engine/Content/EngineMaterials/Substrate/GLints/dict_16_192_64_0p5_0p02_0050_0015.uasset" 5655
"/Engine/EngineMaterials/Substrate/GLints/dict_16_192_64_0p5_0p02_0051_0002" 5656
"../../../Engine/Content/EngineMaterials/Substrate/GLints/dict_16_192_64_0p5_0p02_0051_0009.uasset" 5657
"/Engine/EngineMaterials/Substrate/GLints/dict_16_192_64_0p5_0p02_0050_0004" 5658
"../../../Engine/Content/EngineMaterials/Substrate/GLints/dict_16_192_64_0p5_0p02_0051_0007.uasset" 5659
"../../../Engine/Content/EngineMaterials/Substrate/GLints/dict_16_192_64_0p5_0p02_0051_0008.uasset" 5660
"/Engine/EngineMaterials/Substrate/GLints/dict_16_192_64_0p5_0p02_0051_0006" 5661
"/Engine/EngineMaterials/Substrate/GLints/dict_16_192_64_0p5_0p02_0051_0005" 5662
"/Engine/EngineMaterials/Substrate/GLints/dict_16_192_64_0p5_0p02_0051_0001" 5663
"/Engine/EngineMaterials/Substrate/GLints/dict_16_192_64_0p5_0p02_0051_0000" 5664
"/Engine/EngineMaterials/Substrate/GLints/dict_16_192_64_0p5_0p02_0051_0004" 5665
"/Engine/EngineMaterials/Substrate/GLints/dict_16_192_64_0p5_0p02_0050_0015" 5666
"/Engine/EngineMaterials/Substrate/GLints/dict_16_192_64_0p5_0p02_0050_0014" 5667
"../../../Engine/Content/EngineMaterials/Substrate/GLints/dict_16_192_64_0p5_0p02_0051_0014.uasset" 5668
"../../../Engine/Content/EngineMaterials/Substrate/GLints/dict_16_192_64_0p5_0p02_0051_0010.uasset" 5669
"../../../Engine/Content/EngineMaterials/Substrate/GLints/dict_16_192_64_0p5_0p02_0051_0011.uasset" 5670
"../../../Engine/Content/EngineMaterials/Substrate/GLints/dict_16_192_64_0p5_0p02_0051_0013.uasset" 5671
"/Engine/EngineMaterials/Substrate/GLints/dict_16_192_64_0p5_0p02_0051_0003" 5672
"/Engine/EngineMaterials/Substrate/GLints/dict_16_192_64_0p5_0p02_0051_0013" 5673
"/Engine/EngineMaterials/Substrate/GLints/dict_16_192_64_0p5_0p02_0051_0011" 5674
"/Engine/EngineMaterials/Substrate/GLints/dict_16_192_64_0p5_0p02_0051_0007" 5675
"/Engine/EngineMaterials/Substrate/GLints/dict_16_192_64_0p5_0p02_0051_0010" 5676
"/Engine/EngineMaterials/Substrate/GLints/dict_16_192_64_0p5_0p02_0051_0009" 5677
"../../../Engine/Content/EngineMaterials/Substrate/GLints/dict_16_192_64_0p5_0p02_0051_0012.uasset" 5678
"../../../Engine/Content/EngineMaterials/Substrate/GLints/dict_16_192_64_0p5_0p02_0051_0015.uasset" 5679
"/Engine/EngineMaterials/Substrate/GLints/dict_16_192_64_0p5_0p02_0051_0008" 5680
"/Engine/EngineMaterials/Substrate/GLints/dict_16_192_64_0p5_0p02_0051_0014" 5681
"/Engine/EngineMaterials/Substrate/GLints/dict_16_192_64_0p5_0p02_0051_0012" 5682
"../../../Engine/Content/EngineMaterials/Substrate/GLints/dict_16_192_64_0p5_0p02_0050_0005.uasset" 5683
"/Engine/EngineMaterials/Substrate/GLints/dict_16_192_64_0p5_0p02_0051_0015" 5684
"/Engine/EngineMaterials/Substrate/GLints/dict_16_192_64_0p5_0p02_0050_0005" 5685
"../../../Engine/Content/EngineMaterials/Substrate/GLints/dict_16_192_64_0p5_0p02_0052_0000.uasset" 5686
"../../../Engine/Content/EngineMaterials/Substrate/GLints/dict_16_192_64_0p5_0p02_0052_0001.uasset" 5687
"../../../Engine/Content/EngineMaterials/Substrate/GLints/dict_16_192_64_0p5_0p02_0052_0004.uasset" 5688
"../../../Engine/Content/EngineMaterials/Substrate/GLints/dict_16_192_64_0p5_0p02_0052_0010.uasset" 5689
"../../../Engine/Content/EngineMaterials/Substrate/GLints/dict_16_192_64_0p5_0p02_0052_0008.uasset" 5690
"../../../Engine/Content/EngineMaterials/Substrate/GLints/dict_16_192_64_0p5_0p02_0052_0003.uasset" 5691
"../../../Engine/Content/EngineMaterials/Substrate/GLints/dict_16_192_64_0p5_0p02_0052_0006.uasset" 5692
"../../../Engine/Content/EngineMaterials/Substrate/GLints/dict_16_192_64_0p5_0p02_0052_0002.uasset" 5693
"../../../Engine/Content/EngineMaterials/Substrate/GLints/dict_16_192_64_0p5_0p02_0052_0005.uasset" 5694
"/Engine/EngineMaterials/Substrate/GLints/dict_16_192_64_0p5_0p02_0052_0008" 5695
"/Engine/EngineMaterials/Substrate/GLints/dict_16_192_64_0p5_0p02_0052_0010" 5696
"/Engine/EngineMaterials/Substrate/GLints/dict_16_192_64_0p5_0p02_0052_0006" 5697
"/Engine/EngineMaterials/Substrate/GLints/dict_16_192_64_0p5_0p02_0052_0005" 5698
"../../../Engine/Content/EngineMaterials/Substrate/GLints/dict_16_192_64_0p5_0p02_0052_0007.uasset" 5699
"../../../Engine/Content/EngineMaterials/Substrate/GLints/dict_16_192_64_0p5_0p02_0052_0011.uasset" 5700
"../../../Engine/Content/EngineMaterials/Substrate/GLints/dict_16_192_64_0p5_0p02_0052_0009.uasset" 5701
"/Engine/EngineMaterials/Substrate/GLints/dict_16_192_64_0p5_0p02_0052_0004" 5702
"/Engine/EngineMaterials/Substrate/GLints/dict_16_192_64_0p5_0p02_0052_0003" 5703
"/Engine/EngineMaterials/Substrate/GLints/dict_16_192_64_0p5_0p02_0052_0002" 5704
"/Engine/EngineMaterials/Substrate/GLints/dict_16_192_64_0p5_0p02_0052_0001" 5705
"/Engine/EngineMaterials/Substrate/GLints/dict_16_192_64_0p5_0p02_0052_0000" 5706
"/Engine/EngineMaterials/Substrate/GLints/dict_16_192_64_0p5_0p02_0052_0007" 5707
"/Engine/EngineMaterials/Substrate/GLints/dict_16_192_64_0p5_0p02_0052_0011" 5708
"/Engine/EngineMaterials/Substrate/GLints/dict_16_192_64_0p5_0p02_0052_0009" 5709
"../../../Engine/Content/EngineMaterials/Substrate/GLints/dict_16_192_64_0p5_0p02_0052_0014.uasset" 5710
"/Engine/EngineMaterials/Substrate/GLints/dict_16_192_64_0p5_0p02_0052_0014" 5711
"../../../Engine/Content/EngineMaterials/Substrate/GLints/dict_16_192_64_0p5_0p02_0052_0012.uasset" 5712
"../../../Engine/Content/EngineMaterials/Substrate/GLints/dict_16_192_64_0p5_0p02_0052_0015.uasset" 5713
"../../../Engine/Content/EngineMaterials/Substrate/GLints/dict_16_192_64_0p5_0p02_0053_0001.uasset" 5714
"../../../Engine/Content/EngineMaterials/Substrate/GLints/dict_16_192_64_0p5_0p02_0053_0004.uasset" 5715
"../../../Engine/Content/EngineMaterials/Substrate/GLints/dict_16_192_64_0p5_0p02_0053_0006.uasset" 5716
"../../../Engine/Content/EngineMaterials/Substrate/GLints/dict_16_192_64_0p5_0p02_0053_0005.uasset" 5717
"../../../Engine/Content/EngineMaterials/Substrate/GLints/dict_16_192_64_0p5_0p02_0053_0002.uasset" 5718
"../../../Engine/Content/EngineMaterials/Substrate/GLints/dict_16_192_64_0p5_0p02_0053_0003.uasset" 5719
"../../../Engine/Content/EngineMaterials/Substrate/GLints/dict_16_192_64_0p5_0p02_0053_0000.uasset" 5720
"../../../Engine/Content/EngineMaterials/Substrate/GLints/dict_16_192_64_0p5_0p02_0052_0013.uasset" 5721
"/Engine/EngineMaterials/Substrate/GLints/dict_16_192_64_0p5_0p02_0053_0005" 5722
"/Engine/EngineMaterials/Substrate/GLints/dict_16_192_64_0p5_0p02_0053_0004" 5723
"/Engine/EngineMaterials/Substrate/GLints/dict_16_192_64_0p5_0p02_0053_0003" 5724
"/Engine/EngineMaterials/Substrate/GLints/dict_16_192_64_0p5_0p02_0053_0002" 5725
"/Engine/EngineMaterials/Substrate/GLints/dict_16_192_64_0p5_0p02_0053_0001" 5726
"/Engine/EngineMaterials/Substrate/GLints/dict_16_192_64_0p5_0p02_0053_0000" 5727
"/Engine/EngineMaterials/Substrate/GLints/dict_16_192_64_0p5_0p02_0052_0015" 5728
"/Engine/EngineMaterials/Substrate/GLints/dict_16_192_64_0p5_0p02_0052_0013" 5729
"/Engine/EngineMaterials/Substrate/GLints/dict_16_192_64_0p5_0p02_0052_0012" 5730
"../../../Engine/Content/EngineMaterials/Substrate/GLints/dict_16_192_64_0p5_0p02_0053_0010.uasset" 5731
"/Engine/EngineMaterials/Substrate/GLints/dict_16_192_64_0p5_0p02_0053_0006" 5732
"../../../Engine/Content/EngineMaterials/Substrate/GLints/dict_16_192_64_0p5_0p02_0053_0009.uasset" 5733
"../../../Engine/Content/EngineMaterials/Substrate/GLints/dict_16_192_64_0p5_0p02_0053_0007.uasset" 5734
"/Engine/EngineMaterials/Substrate/GLints/dict_16_192_64_0p5_0p02_0053_0010" 5735
"../../../Engine/Content/EngineMaterials/Substrate/GLints/dict_16_192_64_0p5_0p02_0053_0011.uasset" 5736
"/Engine/EngineMaterials/Substrate/GLints/dict_16_192_64_0p5_0p02_0053_0009" 5737
"/Engine/EngineMaterials/Substrate/GLints/dict_16_192_64_0p5_0p02_0053_0007" 5738
"/Engine/EngineMaterials/Substrate/GLints/dict_16_192_64_0p5_0p02_0053_0011" 5739
"../../../Engine/Content/EngineMaterials/Substrate/GLints/dict_16_192_64_0p5_0p02_0054_0001.uasset" 5740
"../../../Engine/Content/EngineMaterials/Substrate/GLints/dict_16_192_64_0p5_0p02_0053_0014.uasset" 5741
"../../../Engine/Content/EngineMaterials/Substrate/GLints/dict_16_192_64_0p5_0p02_0053_0015.uasset" 5742
"../../../Engine/Content/EngineMaterials/Substrate/GLints/dict_16_192_64_0p5_0p02_0053_0012.uasset" 5743
"../../../Engine/Content/EngineMaterials/Substrate/GLints/dict_16_192_64_0p5_0p02_0053_0013.uasset" 5744
"/Engine/EngineMaterials/Substrate/GLints/dict_16_192_64_0p5_0p02_0053_0014" 5745
"../../../Engine/Content/EngineMaterials/Substrate/GLints/dict_16_192_64_0p5_0p02_0054_0000.uasset" 5746
"../../../Engine/Content/EngineMaterials/Substrate/GLints/dict_16_192_64_0p5_0p02_0054_0003.uasset" 5747
"/Engine/EngineMaterials/Substrate/GLints/dict_16_192_64_0p5_0p02_0054_0001" 5748
"../../../Engine/Content/EngineMaterials/Substrate/GLints/dict_16_192_64_0p5_0p02_0053_0008.uasset" 5749
"/Engine/EngineMaterials/Substrate/GLints/dict_16_192_64_0p5_0p02_0053_0015" 5750
"/Engine/EngineMaterials/Substrate/GLints/dict_16_192_64_0p5_0p02_0053_0012" 5751
"/Engine/EngineMaterials/Substrate/GLints/dict_16_192_64_0p5_0p02_0053_0008" 5752
"/Engine/EngineMaterials/Substrate/GLints/dict_16_192_64_0p5_0p02_0054_0003" 5753
"/Engine/EngineMaterials/Substrate/GLints/dict_16_192_64_0p5_0p02_0054_0000" 5754
"/Engine/EngineMaterials/Substrate/GLints/dict_16_192_64_0p5_0p02_0053_0013" 5755
"../../../Engine/Content/EngineMaterials/Substrate/GLints/dict_16_192_64_0p5_0p02_0054_0002.uasset" 5756
"../../../Engine/Content/EngineMaterials/Substrate/GLints/dict_16_192_64_0p5_0p02_0054_0009.uasset" 5757
"../../../Engine/Content/EngineMaterials/Substrate/GLints/dict_16_192_64_0p5_0p02_0054_0004.uasset" 5758
"../../../Engine/Content/EngineMaterials/Substrate/GLints/dict_16_192_64_0p5_0p02_0054_0008.uasset" 5759
"../../../Engine/Content/EngineMaterials/Substrate/GLints/dict_16_192_64_0p5_0p02_0054_0011.uasset" 5760
"../../../Engine/Content/EngineMaterials/Substrate/GLints/dict_16_192_64_0p5_0p02_0054_0006.uasset" 5761
"../../../Engine/Content/EngineMaterials/Substrate/GLints/dict_16_192_64_0p5_0p02_0054_0013.uasset" 5762
"../../../Engine/Content/EngineMaterials/Substrate/GLints/dict_16_192_64_0p5_0p02_0054_0014.uasset" 5763
"../../../Engine/Content/EngineMaterials/Substrate/GLints/dict_16_192_64_0p5_0p02_0054_0015.uasset" 5764
"../../../Engine/Content/EngineMaterials/Substrate/GLints/dict_16_192_64_0p5_0p02_0054_0007.uasset" 5765
"../../../Engine/Content/EngineMaterials/Substrate/GLints/dict_16_192_64_0p5_0p02_0054_0010.uasset" 5766
"../../../Engine/Content/EngineMaterials/Substrate/GLints/dict_16_192_64_0p5_0p02_0054_0005.uasset" 5767
"/Engine/EngineMaterials/Substrate/GLints/dict_16_192_64_0p5_0p02_0054_0008" 5768
"/Engine/EngineMaterials/Substrate/GLints/dict_16_192_64_0p5_0p02_0054_0011" 5769
"/Engine/EngineMaterials/Substrate/GLints/dict_16_192_64_0p5_0p02_0054_0010" 5770
"/Engine/EngineMaterials/Substrate/GLints/dict_16_192_64_0p5_0p02_0054_0007" 5771
"../../../Engine/Content/EngineMaterials/Substrate/GLints/dict_16_192_64_0p5_0p02_0054_0012.uasset" 5772
"/Engine/EngineMaterials/Substrate/GLints/dict_16_192_64_0p5_0p02_0054_0006" 5773
"/Engine/EngineMaterials/Substrate/GLints/dict_16_192_64_0p5_0p02_0054_0005" 5774
"/Engine/EngineMaterials/Substrate/GLints/dict_16_192_64_0p5_0p02_0054_0004" 5775
"/Engine/EngineMaterials/Substrate/GLints/dict_16_192_64_0p5_0p02_0054_0015" 5776
"/Engine/EngineMaterials/Substrate/GLints/dict_16_192_64_0p5_0p02_0054_0002" 5777
"/Engine/EngineMaterials/Substrate/GLints/dict_16_192_64_0p5_0p02_0054_0009" 5778
"/Engine/EngineMaterials/Substrate/GLints/dict_16_192_64_0p5_0p02_0054_0014" 5779
"/Engine/EngineMaterials/Substrate/GLints/dict_16_192_64_0p5_0p02_0054_0013" 5780
"../../../Engine/Content/EngineMaterials/Substrate/GLints/dict_16_192_64_0p5_0p02_0055_0001.uasset" 5781
"/Engine/EngineMaterials/Substrate/GLints/dict_16_192_64_0p5_0p02_0055_0001" 5782
"/Engine/EngineMaterials/Substrate/GLints/dict_16_192_64_0p5_0p02_0054_0012" 5783
"../../../Engine/Content/EngineMaterials/Substrate/GLints/dict_16_192_64_0p5_0p02_0055_0000.uasset" 5784
"../../../Engine/Content/EngineMaterials/Substrate/GLints/dict_16_192_64_0p5_0p02_0055_0006.uasset" 5785
"../../../Engine/Content/EngineMaterials/Substrate/GLints/dict_16_192_64_0p5_0p02_0055_0010.uasset" 5786
"../../../Engine/Content/EngineMaterials/Substrate/GLints/dict_16_192_64_0p5_0p02_0055_0005.uasset" 5787
"../../../Engine/Content/EngineMaterials/Substrate/GLints/dict_16_192_64_0p5_0p02_0055_0002.uasset" 5788
"../../../Engine/Content/EngineMaterials/Substrate/GLints/dict_16_192_64_0p5_0p02_0055_0011.uasset" 5789
"../../../Engine/Content/EngineMaterials/Substrate/GLints/dict_16_192_64_0p5_0p02_0055_0004.uasset" 5790
"../../../Engine/Content/EngineMaterials/Substrate/GLints/dict_16_192_64_0p5_0p02_0055_0012.uasset" 5791
"../../../Engine/Content/EngineMaterials/Substrate/GLints/dict_16_192_64_0p5_0p02_0055_0009.uasset" 5792
"../../../Engine/Content/EngineMaterials/Substrate/GLints/dict_16_192_64_0p5_0p02_0055_0008.uasset" 5793
"../../../Engine/Content/EngineMaterials/Substrate/GLints/dict_16_192_64_0p5_0p02_0055_0007.uasset" 5794
"../../../Engine/Content/EngineMaterials/Substrate/GLints/dict_16_192_64_0p5_0p02_0055_0003.uasset" 5795
"/Engine/EngineMaterials/Substrate/GLints/dict_16_192_64_0p5_0p02_0055_0006" 5796
"/Engine/EngineMaterials/Substrate/GLints/dict_16_192_64_0p5_0p02_0055_0005" 5797
"../../../Engine/Content/EngineMaterials/Substrate/GLints/dict_16_192_64_0p5_0p02_0055_0013.uasset" 5798
"/Engine/EngineMaterials/Substrate/GLints/dict_16_192_64_0p5_0p02_0055_0012" 5799
"../../../Engine/Content/EngineMaterials/Substrate/GLints/dict_16_192_64_0p5_0p02_0056_0002.uasset" 5800
"../../../Engine/Content/EngineMaterials/Substrate/GLints/dict_16_192_64_0p5_0p02_0056_0000.uasset" 5801
"../../../Engine/Content/EngineMaterials/Substrate/GLints/dict_16_192_64_0p5_0p02_0056_0008.uasset" 5802
"../../../Engine/Content/EngineMaterials/Substrate/GLints/dict_16_192_64_0p5_0p02_0056_0007.uasset" 5803
"../../../Engine/Content/EngineMaterials/Substrate/GLints/dict_16_192_64_0p5_0p02_0056_0003.uasset" 5804
"../../../Engine/Content/EngineMaterials/Substrate/GLints/dict_16_192_64_0p5_0p02_0056_0001.uasset" 5805
"../../../Engine/Content/EngineMaterials/Substrate/GLints/dict_16_192_64_0p5_0p02_0056_0006.uasset" 5806
"../../../Engine/Content/EngineMaterials/Substrate/GLints/dict_16_192_64_0p5_0p02_0056_0005.uasset" 5807
"../../../Engine/Content/EngineMaterials/Substrate/GLints/dict_16_192_64_0p5_0p02_0056_0004.uasset" 5808
"/Engine/EngineMaterials/Substrate/GLints/dict_16_192_64_0p5_0p02_0055_0010" 5809
"../../../Engine/Content/EngineMaterials/Substrate/GLints/dict_16_192_64_0p5_0p02_0056_0009.uasset" 5810
"/Engine/EngineMaterials/Substrate/GLints/dict_16_192_64_0p5_0p02_0055_0009" 5811
"../../../Engine/Content/EngineMaterials/Substrate/GLints/dict_16_192_64_0p5_0p02_0055_0014.uasset" 5812
"/Engine/EngineMaterials/Substrate/GLints/dict_16_192_64_0p5_0p02_0055_0008" 5813
"/Engine/EngineMaterials/Substrate/GLints/dict_16_192_64_0p5_0p02_0055_0004" 5814
"/Engine/EngineMaterials/Substrate/GLints/dict_16_192_64_0p5_0p02_0055_0003" 5815
"/Engine/EngineMaterials/Substrate/GLints/dict_16_192_64_0p5_0p02_0055_0002" 5816
"/Engine/EngineMaterials/Substrate/GLints/dict_16_192_64_0p5_0p02_0055_0000" 5817
"/Engine/EngineMaterials/Substrate/GLints/dict_16_192_64_0p5_0p02_0055_0011" 5818
"../../../Engine/Content/EngineMaterials/Substrate/GLints/dict_16_192_64_0p5_0p02_0055_0015.uasset" 5819
"/Engine/EngineMaterials/Substrate/GLints/dict_16_192_64_0p5_0p02_0055_0007" 5820
"/Engine/EngineMaterials/Substrate/GLints/dict_16_192_64_0p5_0p02_0056_0002" 5821
"/Engine/EngineMaterials/Substrate/GLints/dict_16_192_64_0p5_0p02_0056_0001" 5822
"/Engine/EngineMaterials/Substrate/GLints/dict_16_192_64_0p5_0p02_0056_0000" 5823
"/Engine/EngineMaterials/Substrate/GLints/dict_16_192_64_0p5_0p02_0056_0009" 5824
"/Engine/EngineMaterials/Substrate/GLints/dict_16_192_64_0p5_0p02_0056_0008" 5825
"/Engine/EngineMaterials/Substrate/GLints/dict_16_192_64_0p5_0p02_0055_0015" 5826
"/Engine/EngineMaterials/Substrate/GLints/dict_16_192_64_0p5_0p02_0056_0007" 5827
"/Engine/EngineMaterials/Substrate/GLints/dict_16_192_64_0p5_0p02_0056_0006" 5828
"/Engine/EngineMaterials/Substrate/GLints/dict_16_192_64_0p5_0p02_0055_0014" 5829
"/Engine/EngineMaterials/Substrate/GLints/dict_16_192_64_0p5_0p02_0055_0013" 5830
"/Engine/EngineMaterials/Substrate/GLints/dict_16_192_64_0p5_0p02_0056_0005" 5831
"/Engine/EngineMaterials/Substrate/GLints/dict_16_192_64_0p5_0p02_0056_0004" 5832
"/Engine/EngineMaterials/Substrate/GLints/dict_16_192_64_0p5_0p02_0056_0003" 5833
"../../../Engine/Content/EngineMaterials/Substrate/GLints/dict_16_192_64_0p5_0p02_0056_0011.uasset" 5834
"../../../Engine/Content/EngineMaterials/Substrate/GLints/dict_16_192_64_0p5_0p02_0056_0015.uasset" 5835
"../../../Engine/Content/EngineMaterials/Substrate/GLints/dict_16_192_64_0p5_0p02_0057_0000.uasset" 5836
"../../../Engine/Content/EngineMaterials/Substrate/GLints/dict_16_192_64_0p5_0p02_0056_0013.uasset" 5837
"../../../Engine/Content/EngineMaterials/Substrate/GLints/dict_16_192_64_0p5_0p02_0056_0012.uasset" 5838
"../../../Engine/Content/EngineMaterials/Substrate/GLints/dict_16_192_64_0p5_0p02_0056_0014.uasset" 5839
"../../../Engine/Content/EngineMaterials/Substrate/GLints/dict_16_192_64_0p5_0p02_0056_0010.uasset" 5840
"../../../Engine/Content/EngineMaterials/Substrate/GLints/dict_16_192_64_0p5_0p02_0057_0001.uasset" 5841
"/Engine/EngineMaterials/Substrate/GLints/dict_16_192_64_0p5_0p02_0056_0014" 5842
"../../../Engine/Content/EngineMaterials/Substrate/GLints/dict_16_192_64_0p5_0p02_0057_0003.uasset" 5843
"../../../Engine/Content/EngineMaterials/Substrate/GLints/dict_16_192_64_0p5_0p02_0057_0002.uasset" 5844
"/Engine/EngineMaterials/Substrate/GLints/dict_16_192_64_0p5_0p02_0056_0013" 5845
"../../../Engine/Content/EngineMaterials/Substrate/GLints/dict_16_192_64_0p5_0p02_0057_0007.uasset" 5846
"../../../Engine/Content/EngineMaterials/Substrate/GLints/dict_16_192_64_0p5_0p02_0057_0006.uasset" 5847
"../../../Engine/Content/EngineMaterials/Substrate/GLints/dict_16_192_64_0p5_0p02_0057_0004.uasset" 5848
"/Engine/EngineMaterials/Substrate/GLints/dict_16_192_64_0p5_0p02_0056_0012" 5849
"../../../Engine/Content/EngineMaterials/Substrate/GLints/dict_16_192_64_0p5_0p02_0057_0005.uasset" 5850
"/Engine/EngineMaterials/Substrate/GLints/dict_16_192_64_0p5_0p02_0056_0011" 5851
"../../../Engine/Content/EngineMaterials/Substrate/GLints/dict_16_192_64_0p5_0p02_0057_0009.uasset" 5852
"/Engine/EngineMaterials/Substrate/GLints/dict_16_192_64_0p5_0p02_0056_0010" 5853
"/Engine/EngineMaterials/Substrate/GLints/dict_16_192_64_0p5_0p02_0057_0000" 5854
"/Engine/EngineMaterials/Substrate/GLints/dict_16_192_64_0p5_0p02_0056_0015" 5855
"/Engine/EngineMaterials/Substrate/GLints/dict_16_192_64_0p5_0p02_0057_0001" 5856
"/Engine/EngineMaterials/Substrate/GLints/dict_16_192_64_0p5_0p02_0057_0009" 5857
"/Engine/EngineMaterials/Substrate/GLints/dict_16_192_64_0p5_0p02_0057_0007" 5858
"/Engine/EngineMaterials/Substrate/GLints/dict_16_192_64_0p5_0p02_0057_0006" 5859
"/Engine/EngineMaterials/Substrate/GLints/dict_16_192_64_0p5_0p02_0057_0005" 5860
"/Engine/EngineMaterials/Substrate/GLints/dict_16_192_64_0p5_0p02_0057_0004" 5861
"/Engine/EngineMaterials/Substrate/GLints/dict_16_192_64_0p5_0p02_0057_0003" 5862
"/Engine/EngineMaterials/Substrate/GLints/dict_16_192_64_0p5_0p02_0057_0002" 5863
"../../../Engine/Content/EngineMaterials/Substrate/GLints/dict_16_192_64_0p5_0p02_0057_0011.uasset" 5864
"../../../Engine/Content/EngineMaterials/Substrate/GLints/dict_16_192_64_0p5_0p02_0058_0002.uasset" 5865
"../../../Engine/Content/EngineMaterials/Substrate/GLints/dict_16_192_64_0p5_0p02_0057_0014.uasset" 5866
"../../../Engine/Content/EngineMaterials/Substrate/GLints/dict_16_192_64_0p5_0p02_0057_0015.uasset" 5867
"../../../Engine/Content/EngineMaterials/Substrate/GLints/dict_16_192_64_0p5_0p02_0057_0013.uasset" 5868
"../../../Engine/Content/EngineMaterials/Substrate/GLints/dict_16_192_64_0p5_0p02_0057_0012.uasset" 5869
"../../../Engine/Content/EngineMaterials/Substrate/GLints/dict_16_192_64_0p5_0p02_0058_0000.uasset" 5870
"../../../Engine/Content/EngineMaterials/Substrate/GLints/dict_16_192_64_0p5_0p02_0057_0008.uasset" 5871
"/Engine/EngineMaterials/Substrate/GLints/dict_16_192_64_0p5_0p02_0057_0012" 5872
"../../../Engine/Content/EngineMaterials/Substrate/GLints/dict_16_192_64_0p5_0p02_0057_0010.uasset" 5873
"/Engine/EngineMaterials/Substrate/GLints/dict_16_192_64_0p5_0p02_0057_0011" 5874
"/Engine/EngineMaterials/Substrate/GLints/dict_16_192_64_0p5_0p02_0057_0008" 5875
"/Engine/EngineMaterials/Substrate/GLints/dict_16_192_64_0p5_0p02_0058_0002" 5876
"/Engine/EngineMaterials/Substrate/GLints/dict_16_192_64_0p5_0p02_0058_0000" 5877
"/Engine/EngineMaterials/Substrate/GLints/dict_16_192_64_0p5_0p02_0057_0015" 5878
"/Engine/EngineMaterials/Substrate/GLints/dict_16_192_64_0p5_0p02_0057_0014" 5879
"/Engine/EngineMaterials/Substrate/GLints/dict_16_192_64_0p5_0p02_0057_0013" 5880
"/Engine/EngineMaterials/Substrate/GLints/dict_16_192_64_0p5_0p02_0057_0010" 5881
"../../../Engine/Content/EngineMaterials/Substrate/GLints/dict_16_192_64_0p5_0p02_0058_0001.uasset" 5882
"/Engine/EngineMaterials/Substrate/GLints/dict_16_192_64_0p5_0p02_0058_0001" 5883
"../../../Engine/Content/EngineMaterials/Substrate/GLints/dict_16_192_64_0p5_0p02_0058_0003.uasset" 5884
"../../../Engine/Content/EngineMaterials/Substrate/GLints/dict_16_192_64_0p5_0p02_0058_0007.uasset" 5885
"../../../Engine/Content/EngineMaterials/Substrate/GLints/dict_16_192_64_0p5_0p02_0058_0006.uasset" 5886
"../../../Engine/Content/EngineMaterials/Substrate/GLints/dict_16_192_64_0p5_0p02_0058_0004.uasset" 5887
"../../../Engine/Content/EngineMaterials/Substrate/GLints/dict_16_192_64_0p5_0p02_0058_0005.uasset" 5888
"../../../Engine/Content/EngineMaterials/Substrate/GLints/dict_16_192_64_0p5_0p02_0058_0010.uasset" 5889
"../../../Engine/Content/EngineMaterials/Substrate/GLints/dict_16_192_64_0p5_0p02_0058_0008.uasset" 5890
"../../../Engine/Content/EngineMaterials/Substrate/GLints/dict_16_192_64_0p5_0p02_0058_0011.uasset" 5891
"../../../Engine/Content/EngineMaterials/Substrate/GLints/dict_16_192_64_0p5_0p02_0058_0009.uasset" 5892
"../../../Engine/Content/EngineMaterials/Substrate/GLints/dict_16_192_64_0p5_0p02_0058_0013.uasset" 5893
"../../../Engine/Content/EngineMaterials/Substrate/GLints/dict_16_192_64_0p5_0p02_0059_0002.uasset" 5894
"../../../Engine/Content/EngineMaterials/Substrate/GLints/dict_16_192_64_0p5_0p02_0059_0001.uasset" 5895
"../../../Engine/Content/EngineMaterials/Substrate/GLints/dict_16_192_64_0p5_0p02_0059_0004.uasset" 5896
"../../../Engine/Content/EngineMaterials/Substrate/GLints/dict_16_192_64_0p5_0p02_0059_0003.uasset" 5897
"/Engine/EngineMaterials/Substrate/GLints/dict_16_192_64_0p5_0p02_0058_0009" 5898
"../../../Engine/Content/EngineMaterials/Substrate/GLints/dict_16_192_64_0p5_0p02_0058_0014.uasset" 5899
"../../../Engine/Content/EngineMaterials/Substrate/GLints/dict_16_192_64_0p5_0p02_0059_0000.uasset" 5900
"/Engine/EngineMaterials/Substrate/GLints/dict_16_192_64_0p5_0p02_0059_0001" 5901
"/Engine/EngineMaterials/Substrate/GLints/dict_16_192_64_0p5_0p02_0058_0008" 5902
"/Engine/EngineMaterials/Substrate/GLints/dict_16_192_64_0p5_0p02_0058_0013" 5903
"/Engine/EngineMaterials/Substrate/GLints/dict_16_192_64_0p5_0p02_0058_0007" 5904
"/Engine/EngineMaterials/Substrate/GLints/dict_16_192_64_0p5_0p02_0058_0006" 5905
"/Engine/EngineMaterials/Substrate/GLints/dict_16_192_64_0p5_0p02_0059_0004" 5906
"/Engine/EngineMaterials/Substrate/GLints/dict_16_192_64_0p5_0p02_0058_0011" 5907
"/Engine/EngineMaterials/Substrate/GLints/dict_16_192_64_0p5_0p02_0058_0005" 5908
"/Engine/EngineMaterials/Substrate/GLints/dict_16_192_64_0p5_0p02_0058_0004" 5909
"../../../Engine/Content/EngineMaterials/Substrate/GLints/dict_16_192_64_0p5_0p02_0059_0006.uasset" 5910
"/Engine/EngineMaterials/Substrate/GLints/dict_16_192_64_0p5_0p02_0058_0003" 5911
"/Engine/EngineMaterials/Substrate/GLints/dict_16_192_64_0p5_0p02_0059_0002" 5912
"../../../Engine/Content/EngineMaterials/Substrate/GLints/dict_16_192_64_0p5_0p02_0059_0007.uasset" 5913
"/Engine/EngineMaterials/Substrate/GLints/dict_16_192_64_0p5_0p02_0058_0010" 5914
"/Engine/EngineMaterials/Substrate/GLints/dict_16_192_64_0p5_0p02_0059_0000" 5915
"../../../Engine/Content/EngineMaterials/Substrate/GLints/dict_16_192_64_0p5_0p02_0059_0010.uasset" 5916
"/Engine/EngineMaterials/Substrate/GLints/dict_16_192_64_0p5_0p02_0058_0014" 5917
"/Engine/EngineMaterials/Substrate/GLints/dict_16_192_64_0p5_0p02_0059_0007" 5918
"/Engine/EngineMaterials/Substrate/GLints/dict_16_192_64_0p5_0p02_0059_0006" 5919
"/Engine/EngineMaterials/Substrate/GLints/dict_16_192_64_0p5_0p02_0059_0003" 5920
"/Engine/EngineMaterials/Substrate/GLints/dict_16_192_64_0p5_0p02_0059_0010" 5921
"../../../Engine/Content/EngineMaterials/Substrate/GLints/dict_16_192_64_0p5_0p02_0059_0009.uasset" 5922
"../../../Engine/Content/EngineMaterials/Substrate/GLints/dict_16_192_64_0p5_0p02_0058_0015.uasset" 5923
"../../../Engine/Content/EngineMaterials/Substrate/GLints/dict_16_192_64_0p5_0p02_0059_0011.uasset" 5924
"../../../Engine/Content/EngineMaterials/Substrate/GLints/dict_16_192_64_0p5_0p02_0059_0012.uasset" 5925
"../../../Engine/Content/EngineMaterials/Substrate/GLints/dict_16_192_64_0p5_0p02_0059_0014.uasset" 5926
"../../../Engine/Content/EngineMaterials/Substrate/GLints/dict_16_192_64_0p5_0p02_0058_0012.uasset" 5927
"../../../Engine/Content/EngineMaterials/Substrate/GLints/dict_16_192_64_0p5_0p02_0059_0005.uasset" 5928
"../../../Engine/Content/EngineMaterials/Substrate/GLints/dict_16_192_64_0p5_0p02_0060_0003.uasset" 5929
"../../../Engine/Content/EngineMaterials/Substrate/GLints/dict_16_192_64_0p5_0p02_0059_0008.uasset" 5930
"../../../Engine/Content/EngineMaterials/Substrate/GLints/dict_16_192_64_0p5_0p02_0059_0015.uasset" 5931
"../../../Engine/Content/EngineMaterials/Substrate/GLints/dict_16_192_64_0p5_0p02_0060_0000.uasset" 5932
"../../../Engine/Content/EngineMaterials/Substrate/GLints/dict_16_192_64_0p5_0p02_0060_0001.uasset" 5933
"/Engine/EngineMaterials/Substrate/GLints/dict_16_192_64_0p5_0p02_0060_0000" 5934
"/Engine/EngineMaterials/Substrate/GLints/dict_16_192_64_0p5_0p02_0059_0015" 5935
"/Engine/EngineMaterials/Substrate/GLints/dict_16_192_64_0p5_0p02_0060_0001" 5936
"/Engine/EngineMaterials/Substrate/GLints/dict_16_192_64_0p5_0p02_0058_0015" 5937
"/Engine/EngineMaterials/Substrate/GLints/dict_16_192_64_0p5_0p02_0059_0008" 5938
"/Engine/EngineMaterials/Substrate/GLints/dict_16_192_64_0p5_0p02_0059_0014" 5939
"/Engine/EngineMaterials/Substrate/GLints/dict_16_192_64_0p5_0p02_0059_0005" 5940
"/Engine/EngineMaterials/Substrate/GLints/dict_16_192_64_0p5_0p02_0058_0012" 5941
"/Engine/EngineMaterials/Substrate/GLints/dict_16_192_64_0p5_0p02_0060_0003" 5942
"/Engine/EngineMaterials/Substrate/GLints/dict_16_192_64_0p5_0p02_0059_0012" 5943
"../../../Engine/Content/EngineMaterials/Substrate/GLints/dict_16_192_64_0p5_0p02_0060_0002.uasset" 5944
"/Engine/EngineMaterials/Substrate/GLints/dict_16_192_64_0p5_0p02_0059_0011" 5945
"/Engine/EngineMaterials/Substrate/GLints/dict_16_192_64_0p5_0p02_0059_0009" 5946
"/Engine/EngineMaterials/Substrate/GLints/dict_16_192_64_0p5_0p02_0060_0002" 5947
"../../../Engine/Content/EngineMaterials/Substrate/GLints/dict_16_192_64_0p5_0p02_0060_0004.uasset" 5948
"../../../Engine/Content/EngineMaterials/Substrate/GLints/dict_16_192_64_0p5_0p02_0060_0006.uasset" 5949
"../../../Engine/Content/EngineMaterials/Substrate/GLints/dict_16_192_64_0p5_0p02_0060_0010.uasset" 5950
"../../../Engine/Content/EngineMaterials/Substrate/GLints/dict_16_192_64_0p5_0p02_0059_0013.uasset" 5951
"../../../Engine/Content/EngineMaterials/Substrate/GLints/dict_16_192_64_0p5_0p02_0060_0007.uasset" 5952
"../../../Engine/Content/EngineMaterials/Substrate/GLints/dict_16_192_64_0p5_0p02_0060_0009.uasset" 5953
"../../../Engine/Content/EngineMaterials/Substrate/GLints/dict_16_192_64_0p5_0p02_0060_0011.uasset" 5954
"../../../Engine/Content/EngineMaterials/Substrate/GLints/dict_16_192_64_0p5_0p02_0060_0008.uasset" 5955
"../../../Engine/Content/EngineMaterials/Substrate/GLints/dict_16_192_64_0p5_0p02_0060_0013.uasset" 5956
"../../../Engine/Content/EngineMaterials/Substrate/GLints/dict_16_192_64_0p5_0p02_0060_0012.uasset" 5957
"/Engine/EngineMaterials/Substrate/GLints/dict_16_192_64_0p5_0p02_0060_0013" 5958
"/Engine/EngineMaterials/Substrate/GLints/dict_16_192_64_0p5_0p02_0060_0012" 5959
"../../../Engine/Content/EngineMaterials/Substrate/GLints/dict_16_192_64_0p5_0p02_0060_0014.uasset" 5960
"../../../Engine/Content/EngineMaterials/Substrate/GLints/dict_16_192_64_0p5_0p02_0061_0000.uasset" 5961
"../../../Engine/Content/EngineMaterials/Substrate/GLints/dict_16_192_64_0p5_0p02_0060_0015.uasset" 5962
"../../../Engine/Content/EngineMaterials/Substrate/GLints/dict_16_192_64_0p5_0p02_0061_0002.uasset" 5963
"../../../Engine/Content/EngineMaterials/Substrate/GLints/dict_16_192_64_0p5_0p02_0061_0001.uasset" 5964
"../../../Engine/Content/EngineMaterials/Substrate/GLints/dict_16_192_64_0p5_0p02_0060_0005.uasset" 5965
"/Engine/EngineMaterials/Substrate/GLints/dict_16_192_64_0p5_0p02_0060_0011" 5966
"/Engine/EngineMaterials/Substrate/GLints/dict_16_192_64_0p5_0p02_0060_0010" 5967
"/Engine/EngineMaterials/Substrate/GLints/dict_16_192_64_0p5_0p02_0060_0009" 5968
"/Engine/EngineMaterials/Substrate/GLints/dict_16_192_64_0p5_0p02_0060_0008" 5969
"/Engine/EngineMaterials/Substrate/GLints/dict_16_192_64_0p5_0p02_0060_0007" 5970
"/Engine/EngineMaterials/Substrate/GLints/dict_16_192_64_0p5_0p02_0060_0006" 5971
"../../../Engine/Content/EngineMaterials/Substrate/GLints/dict_16_192_64_0p5_0p02_0061_0005.uasset" 5972
"/Engine/EngineMaterials/Substrate/GLints/dict_16_192_64_0p5_0p02_0059_0013" 5973
"/Engine/EngineMaterials/Substrate/GLints/dict_16_192_64_0p5_0p02_0060_0004" 5974
"/Engine/EngineMaterials/Substrate/GLints/dict_16_192_64_0p5_0p02_0060_0015" 5975
"/Engine/EngineMaterials/Substrate/GLints/dict_16_192_64_0p5_0p02_0060_0014" 5976
"/Engine/EngineMaterials/Substrate/GLints/dict_16_192_64_0p5_0p02_0061_0002" 5977
"/Engine/EngineMaterials/Substrate/GLints/dict_16_192_64_0p5_0p02_0061_0001" 5978
"/Engine/EngineMaterials/Substrate/GLints/dict_16_192_64_0p5_0p02_0061_0000" 5979
"/Engine/EngineMaterials/Substrate/GLints/dict_16_192_64_0p5_0p02_0060_0005" 5980
"/Engine/EngineMaterials/Substrate/GLints/dict_16_192_64_0p5_0p02_0061_0005" 5981
"../../../Engine/Content/EngineMaterials/Substrate/GLints/dict_16_192_64_0p5_0p02_0061_0003.uasset" 5982
"/Engine/EngineMaterials/Substrate/GLints/dict_16_192_64_0p5_0p02_0061_0003" 5983
"../../../Engine/Content/EngineMaterials/Substrate/GLints/dict_16_192_64_0p5_0p02_0061_0010.uasset" 5984
"../../../Engine/Content/EngineMaterials/Substrate/GLints/dict_16_192_64_0p5_0p02_0061_0008.uasset" 5985
"../../../Engine/Content/EngineMaterials/Substrate/GLints/dict_16_192_64_0p5_0p02_0061_0007.uasset" 5986
"/Engine/EngineMaterials/Substrate/GLints/dict_16_192_64_0p5_0p02_0061_0010" 5987
"../../../Engine/Content/EngineMaterials/Substrate/GLints/dict_16_192_64_0p5_0p02_0061_0006.uasset" 5988
"../../../Engine/Content/EngineMaterials/Substrate/GLints/dict_16_192_64_0p5_0p02_0061_0004.uasset" 5989
"/Engine/EngineMaterials/Substrate/GLints/dict_16_192_64_0p5_0p02_0061_0008" 5990
"/Engine/EngineMaterials/Substrate/GLints/dict_16_192_64_0p5_0p02_0061_0004" 5991
"/Engine/EngineMaterials/Substrate/GLints/dict_16_192_64_0p5_0p02_0061_0007" 5992
"/Engine/EngineMaterials/Substrate/GLints/dict_16_192_64_0p5_0p02_0061_0006" 5993
"../../../Engine/Content/EngineMaterials/Substrate/GLints/dict_16_192_64_0p5_0p02_0061_0011.uasset" 5994
"../../../Engine/Content/EngineMaterials/Substrate/GLints/dict_16_192_64_0p5_0p02_0061_0015.uasset" 5995
"../../../Engine/Content/EngineMaterials/Substrate/GLints/dict_16_192_64_0p5_0p02_0061_0014.uasset" 5996
"../../../Engine/Content/EngineMaterials/Substrate/GLints/dict_16_192_64_0p5_0p02_0061_0009.uasset" 5997
"../../../Engine/Content/EngineMaterials/Substrate/GLints/dict_16_192_64_0p5_0p02_0062_0000.uasset" 5998
"../../../Engine/Content/EngineMaterials/Substrate/GLints/dict_16_192_64_0p5_0p02_0061_0012.uasset" 5999
"../../../Engine/Content/EngineMaterials/Substrate/GLints/dict_16_192_64_0p5_0p02_0062_0001.uasset" 6000
"../../../Engine/Content/EngineMaterials/Substrate/GLints/dict_16_192_64_0p5_0p02_0061_0013.uasset" 6001
"/Engine/EngineMaterials/Substrate/GLints/dict_16_192_64_0p5_0p02_0062_0001" 6002
"/Engine/EngineMaterials/Substrate/GLints/dict_16_192_64_0p5_0p02_0062_0000" 6003
"/Engine/EngineMaterials/Substrate/GLints/dict_16_192_64_0p5_0p02_0061_0015" 6004
"/Engine/EngineMaterials/Substrate/GLints/dict_16_192_64_0p5_0p02_0061_0014" 6005
"../../../Engine/Content/EngineMaterials/Substrate/GLints/dict_16_192_64_0p5_0p02_0062_0007.uasset" 6006
"/Engine/EngineMaterials/Substrate/GLints/dict_16_192_64_0p5_0p02_0061_0013" 6007
"../../../Engine/Content/EngineMaterials/Substrate/GLints/dict_16_192_64_0p5_0p02_0062_0002.uasset" 6008
"/Engine/EngineMaterials/Substrate/GLints/dict_16_192_64_0p5_0p02_0061_0012" 6009
"/Engine/EngineMaterials/Substrate/GLints/dict_16_192_64_0p5_0p02_0061_0011" 6010
"../../../Engine/Content/EngineMaterials/Substrate/GLints/dict_16_192_64_0p5_0p02_0062_0005.uasset" 6011
"../../../Engine/Content/EngineMaterials/Substrate/GLints/dict_16_192_64_0p5_0p02_0062_0003.uasset" 6012
"/Engine/EngineMaterials/Substrate/GLints/dict_16_192_64_0p5_0p02_0061_0009" 6013
"/Engine/EngineMaterials/Substrate/GLints/dict_16_192_64_0p5_0p02_0062_0007" 6014
"../../../Engine/Content/EngineMaterials/Substrate/GLints/dict_16_192_64_0p5_0p02_0062_0004.uasset" 6015
"/Engine/EngineMaterials/Substrate/GLints/dict_16_192_64_0p5_0p02_0062_0005" 6016
"../../../Engine/Content/EngineMaterials/Substrate/GLints/dict_16_192_64_0p5_0p02_0062_0008.uasset" 6017
"../../../Engine/Content/EngineMaterials/Substrate/GLints/dict_16_192_64_0p5_0p02_0062_0006.uasset" 6018
"/Engine/EngineMaterials/Substrate/GLints/dict_16_192_64_0p5_0p02_0062_0003" 6019
"/Engine/EngineMaterials/Substrate/GLints/dict_16_192_64_0p5_0p02_0062_0002" 6020
"/Engine/EngineMaterials/Substrate/GLints/dict_16_192_64_0p5_0p02_0062_0006" 6021
"/Engine/EngineMaterials/Substrate/GLints/dict_16_192_64_0p5_0p02_0062_0004" 6022
"../../../Engine/Content/EngineMaterials/Substrate/GLints/dict_16_192_64_0p5_0p02_0062_0011.uasset" 6023
"../../../Engine/Content/EngineMaterials/Substrate/GLints/dict_16_192_64_0p5_0p02_0062_0013.uasset" 6024
"../../../Engine/Content/EngineMaterials/Substrate/GLints/dict_16_192_64_0p5_0p02_0062_0012.uasset" 6025
"../../../Engine/Content/EngineMaterials/Substrate/GLints/dict_16_192_64_0p5_0p02_0062_0009.uasset" 6026
"../../../Engine/Content/EngineMaterials/Substrate/GLints/dict_16_192_64_0p5_0p02_0062_0010.uasset" 6027
"../../../Engine/Content/EngineMaterials/Substrate/GLints/dict_16_192_64_0p5_0p02_0062_0014.uasset" 6028
"../../../Engine/Content/EngineMaterials/Substrate/GLints/dict_16_192_64_0p5_0p02_0062_0015.uasset" 6029
"../../../Engine/Content/EngineMaterials/Substrate/GLints/dict_16_192_64_0p5_0p02_0063_0001.uasset" 6030
"../../../Engine/Content/EngineMaterials/Substrate/GLints/dict_16_192_64_0p5_0p02_0063_0003.uasset" 6031
"../../../Engine/Content/EngineMaterials/Substrate/GLints/dict_16_192_64_0p5_0p02_0063_0004.uasset" 6032
"../../../Engine/Content/EngineMaterials/Substrate/GLints/dict_16_192_64_0p5_0p02_0063_0000.uasset" 6033
"../../../Engine/Content/EngineMaterials/Substrate/GLints/dict_16_192_64_0p5_0p02_0063_0002.uasset" 6034
"/Engine/EngineMaterials/Substrate/GLints/dict_16_192_64_0p5_0p02_0063_0003" 6035
"/Engine/EngineMaterials/Substrate/GLints/dict_16_192_64_0p5_0p02_0062_0012" 6036
"/Engine/EngineMaterials/Substrate/GLints/dict_16_192_64_0p5_0p02_0063_0004" 6037
"/Engine/EngineMaterials/Substrate/GLints/dict_16_192_64_0p5_0p02_0063_0001" 6038
"/Engine/EngineMaterials/Substrate/GLints/dict_16_192_64_0p5_0p02_0062_0011" 6039
"../../../Engine/Content/EngineMaterials/Substrate/GLints/dict_16_192_64_0p5_0p02_0063_0005.uasset" 6040
"/Engine/EngineMaterials/Substrate/GLints/dict_16_192_64_0p5_0p02_0063_0000" 6041
"/Engine/EngineMaterials/Substrate/GLints/dict_16_192_64_0p5_0p02_0062_0010" 6042
"/Engine/EngineMaterials/Substrate/GLints/dict_16_192_64_0p5_0p02_0062_0009" 6043
"/Engine/EngineMaterials/Substrate/GLints/dict_16_192_64_0p5_0p02_0062_0008" 6044
"/Engine/EngineMaterials/Substrate/GLints/dict_16_192_64_0p5_0p02_0062_0015" 6045
"/Engine/EngineMaterials/Substrate/GLints/dict_16_192_64_0p5_0p02_0062_0014" 6046
"../../../Engine/Content/EngineMaterials/Substrate/GLints/dict_16_192_64_0p5_0p02_0063_0006.uasset" 6047
"../../../Engine/Content/EngineMaterials/Substrate/GLints/dict_16_192_64_0p5_0p02_0063_0007.uasset" 6048
"/Engine/EngineMaterials/Substrate/GLints/dict_16_192_64_0p5_0p02_0062_0013" 6049
"../../../Engine/Content/EngineMaterials/Substrate/GLints/dict_16_192_64_0p5_0p02_0063_0009.uasset" 6050
"/Engine/EngineMaterials/Substrate/GLints/dict_16_192_64_0p5_0p02_0063_0002" 6051
"/Engine/EngineMaterials/Substrate/GLints/dict_16_192_64_0p5_0p02_0063_0009" 6052
"/Engine/EngineMaterials/Substrate/GLints/dict_16_192_64_0p5_0p02_0063_0006" 6053
"/Engine/EngineMaterials/Substrate/GLints/dict_16_192_64_0p5_0p02_0063_0005" 6054
"/Engine/EngineMaterials/Substrate/GLints/dict_16_192_64_0p5_0p02_0063_0007" 6055
"../../../Engine/Content/EngineMaterials/Substrate/GLints/dict_16_192_64_0p5_0p02_0063_0008.uasset" 6056
"../../../Engine/Content/EngineMaterials/Substrate/GLints/dict_16_192_64_0p5_0p02_0063_0012.uasset" 6057
"../../../Engine/Content/EngineMaterials/Substrate/Glints2/dict_0000_0000.uasset" 6058
"../../../Engine/Content/EngineMaterials/Substrate/GLints/dict_16_192_64_0p5_0p02_0063_0014.uasset" 6059
"../../../Engine/Content/EngineMaterials/Substrate/GLints/dict_16_192_64_0p5_0p02_0063_0015.uasset" 6060
"../../../Engine/Content/EngineMaterials/Substrate/GLints/dict_16_192_64_0p5_0p02_0063_0011.uasset" 6061
"../../../Engine/Content/EngineMaterials/Substrate/GLints/dict_16_192_64_0p5_0p02_0063_0010.uasset" 6062
"../../../Engine/Content/EngineMaterials/Substrate/GLints/dict_16_192_64_0p5_0p02_0063_0013.uasset" 6063
"../../../Engine/Content/EngineMaterials/Substrate/Glints2/dict_0000_0001.uasset" 6064
"/Engine/EngineMaterials/Substrate/Glints2/dict_0000_0000" 6065
"../../../Engine/Content/EngineMaterials/Substrate/Glints2/dict_0000_0003.uasset" 6066
"/Engine/EngineMaterials/Substrate/GLints/dict_16_192_64_0p5_0p02_0063_0015" 6067
"../../../Engine/Content/EngineMaterials/Substrate/Glints2/dict_0000_0002.uasset" 6068
"/Engine/EngineMaterials/Substrate/GLints/dict_16_192_64_0p5_0p02_0063_0014" 6069
"/Engine/EngineMaterials/Substrate/GLints/dict_16_192_64_0p5_0p02_0063_0013" 6070
"/Engine/EngineMaterials/Substrate/GLints/dict_16_192_64_0p5_0p02_0063_0012" 6071
"../../../Engine/Content/EngineMaterials/Substrate/Glints2/dict_0000_0004.uasset" 6072
"/Engine/EngineMaterials/Substrate/GLints/dict_16_192_64_0p5_0p02_0063_0011" 6073
"/Engine/EngineMaterials/Substrate/Glints2/dict_0000_0001" 6074
"/Engine/EngineMaterials/Substrate/GLints/dict_16_192_64_0p5_0p02_0063_0010" 6075
"/Engine/EngineMaterials/Substrate/GLints/dict_16_192_64_0p5_0p02_0063_0008" 6076
"../../../Engine/Content/EngineMaterials/Substrate/Glints2/dict_0000_0006.uasset" 6077
"/Engine/EngineMaterials/Substrate/Glints2/dict_0000_0004" 6078
"/Engine/EngineMaterials/Substrate/Glints2/dict_0000_0006" 6079
"/Engine/EngineMaterials/Substrate/Glints2/dict_0000_0003" 6080
"/Engine/EngineMaterials/Substrate/Glints2/dict_0000_0002" 6081
"../../../Engine/Content/EngineMaterials/Substrate/Glints2/dict_0000_0005.uasset" 6082
"../../../Engine/Content/EngineMaterials/Substrate/Glints2/dict_0000_0007.uasset" 6083
"../../../Engine/Content/EngineMaterials/Substrate/Glints2/dict_0000_0011.uasset" 6084
"../../../Engine/Content/EngineMaterials/Substrate/Glints2/dict_0000_0009.uasset" 6085
"../../../Engine/Content/EngineMaterials/Substrate/Glints2/dict_0000_0008.uasset" 6086
"../../../Engine/Content/EngineMaterials/Substrate/Glints2/dict_0000_0010.uasset" 6087
"../../../Engine/Content/EngineMaterials/Substrate/Glints2/dict_0000_0015.uasset" 6088
"../../../Engine/Content/EngineMaterials/Substrate/Glints2/dict_0000_0014.uasset" 6089
"../../../Engine/Content/EngineMaterials/Substrate/Glints2/dict_0000_0017.uasset" 6090
"../../../Engine/Content/EngineMaterials/Substrate/Glints2/dict_0000_0013.uasset" 6091
"../../../Engine/Content/EngineMaterials/Substrate/Glints2/dict_0000_0016.uasset" 6092
"../../../Engine/Content/EngineMaterials/Substrate/Glints2/dict_0000_0012.uasset" 6093
"../../../Engine/Content/EngineMaterials/Substrate/Glints2/dict_0000_0018.uasset" 6094
"../../../Engine/Content/EngineMaterials/Substrate/GLints/AGlintTex2dArray.uasset" 6095
"/Engine/EngineMaterials/Substrate/Glints2/dict_0000_0018" 6096
"/Engine/EngineMaterials/Substrate/Glints2/dict_0000_0017" 6097
"/Engine/EngineMaterials/Substrate/Glints2/dict_0000_0016" 6098
"/Engine/EngineMaterials/Substrate/Glints2/dict_0000_0015" 6099
"/Engine/EngineMaterials/Substrate/Glints2/dict_0000_0014" 6100
"/Engine/EngineMaterials/Substrate/Glints2/dict_0000_0013" 6101
"/Engine/EngineMaterials/Substrate/Glints2/dict_0000_0012" 6102
"/Engine/EngineMaterials/Substrate/Glints2/dict_0000_0011" 6103
"../../../Engine/Content/EngineMaterials/Substrate/Glints2/dict_0000_0020.uasset" 6104
"../../../Engine/Content/EngineMaterials/Substrate/Glints2/dict_0000_0019.uasset" 6105
"/Engine/EngineMaterials/Substrate/Glints2/dict_0000_0010" 6106
"../../../Engine/Content/EngineMaterials/Substrate/Glints2/dict_0000_0022.uasset" 6107
"/Engine/EngineMaterials/Substrate/Glints2/dict_0000_0009" 6108
"/Engine/EngineMaterials/Substrate/Glints2/dict_0000_0008" 6109
"/Engine/EngineMaterials/Substrate/Glints2/dict_0000_0005" 6110
"/Engine/EngineMaterials/Substrate/Glints2/dict_0000_0007" 6111
"/Engine/EngineMaterials/Substrate/Glints2/dict_0000_0022" 6112
"/Engine/EngineMaterials/Substrate/GLints/AGlintTex2dArray" 6113
"../../../Engine/Content/EngineMaterials/Substrate/Glints2/dict_0000_0023.uasset" 6114
"../../../Engine/Content/EngineMaterials/Substrate/Glints2/dict_0000_0021.uasset" 6115
"../../../Engine/Content/EngineMaterials/Substrate/Glints2/dict_0000_0027.uasset" 6116
"../../../Engine/Content/EngineMaterials/Substrate/Glints2/dict_0000_0029.uasset" 6117
"../../../Engine/Content/EngineMaterials/Substrate/Glints2/dict_0000_0025.uasset" 6118
"../../../Engine/Content/EngineMaterials/Substrate/Glints2/dict_0000_0031.uasset" 6119
"../../../Engine/Content/EngineMaterials/Substrate/Glints2/dict_0000_0030.uasset" 6120
"../../../Engine/Content/EngineMaterials/Substrate/Glints2/dict_0000_0026.uasset" 6121
"../../../Engine/Content/EngineMaterials/Substrate/Glints2/dict_0000_0024.uasset" 6122
"../../../Engine/Content/EngineMaterials/Substrate/Glints2/dict_0000_0035.uasset" 6123
"../../../Engine/Content/EngineMaterials/Substrate/Glints2/dict_0000_0028.uasset" 6124
"../../../Engine/Content/EngineMaterials/Substrate/Glints2/dict_0000_0034.uasset" 6125
"../../../Engine/Content/EngineMaterials/Substrate/Glints2/dict_0000_0033.uasset" 6126
"/Engine/EngineMaterials/Substrate/Glints2/dict_0000_0020" 6127
"/Engine/EngineMaterials/Substrate/Glints2/dict_0000_0019" 6128
"/Engine/EngineMaterials/Substrate/Glints2/dict_0000_0023" 6129
"../../../Engine/Content/EngineMaterials/Substrate/Glints2/dict_0000_0036.uasset" 6130
"/Engine/EngineMaterials/Substrate/Glints2/dict_0000_0031" 6131
"/Engine/EngineMaterials/Substrate/Glints2/dict_0000_0030" 6132
"../../../Engine/Content/EngineMaterials/Substrate/Glints2/dict_0000_0037.uasset" 6133
"/Engine/EngineMaterials/Substrate/Glints2/dict_0000_0029" 6134
"/Engine/EngineMaterials/Substrate/Glints2/dict_0000_0028" 6135
"/Engine/EngineMaterials/Substrate/Glints2/dict_0000_0027" 6136
"/Engine/EngineMaterials/Substrate/Glints2/dict_0000_0021" 6137
"/Engine/EngineMaterials/Substrate/Glints2/dict_0000_0035" 6138
"/Engine/EngineMaterials/Substrate/Glints2/dict_0000_0034" 6139
"/Engine/EngineMaterials/Substrate/Glints2/dict_0000_0033" 6140
"/Engine/EngineMaterials/Substrate/Glints2/dict_0000_0026" 6141
"/Engine/EngineMaterials/Substrate/Glints2/dict_0000_0025" 6142
"../../../Engine/Content/EngineMaterials/Substrate/Glints2/dict_0000_0041.uasset" 6143
"../../../Engine/Content/EngineMaterials/Substrate/Glints2/dict_0000_0032.uasset" 6144
"/Engine/EngineMaterials/Substrate/Glints2/dict_0000_0024" 6145
"../../../Engine/Content/EngineMaterials/Substrate/Glints2/dict_0000_0039.uasset" 6146
"/Engine/EngineMaterials/Substrate/Glints2/dict_0000_0032" 6147
"../../../Engine/Content/EngineMaterials/Substrate/Glints2/dict_0000_0038.uasset" 6148
"/Engine/EngineMaterials/Substrate/Glints2/dict_0000_0041" 6149
"/Engine/EngineMaterials/Substrate/Glints2/dict_0000_0036" 6150
"/Engine/EngineMaterials/Substrate/Glints2/dict_0000_0039" 6151
"../../../Engine/Content/EngineMaterials/Substrate/Glints2/dict_0000_0043.uasset" 6152
"/Engine/EngineMaterials/Substrate/Glints2/dict_0000_0037" 6153
"/Engine/EngineMaterials/Substrate/Glints2/dict_0000_0043" 6154
"/Engine/EngineMaterials/Substrate/Glints2/dict_0000_0038" 6155
"../../../Engine/Content/EngineMaterials/Substrate/Glints2/dict_0000_0040.uasset" 6156
"/Engine/EngineMaterials/Substrate/Glints2/dict_0000_0040" 6157
"../../../Engine/Content/EngineMaterials/Substrate/Glints2/dict_0000_0044.uasset" 6158
"../../../Engine/Content/EngineMaterials/Substrate/Glints2/dict_0000_0042.uasset" 6159
"../../../Engine/Content/EngineMaterials/Substrate/Glints2/dict_0000_0047.uasset" 6160
"../../../Engine/Content/EngineMaterials/Substrate/Glints2/dict_0000_0046.uasset" 6161
"../../../Engine/Content/EngineMaterials/Substrate/Glints2/dict_0000_0048.uasset" 6162
"../../../Engine/Content/EngineMaterials/Substrate/Glints2/dict_0000_0045.uasset" 6163
"../../../Engine/Content/EngineMaterials/Substrate/Glints2/dict_0000_0049.uasset" 6164
"/Engine/EngineMaterials/Substrate/Glints2/dict_0000_0049" 6165
"../../../Engine/Content/EngineMaterials/Substrate/Glints2/dict_0000_0050.uasset" 6166
"../../../Engine/Content/EngineMaterials/Substrate/Glints2/dict_0000_0053.uasset" 6167
"../../../Engine/Content/EngineMaterials/Substrate/Glints2/dict_0000_0055.uasset" 6168
"../../../Engine/Content/EngineMaterials/Substrate/Glints2/dict_0000_0051.uasset" 6169
"../../../Engine/Content/EngineMaterials/Substrate/Glints2/dict_0000_0054.uasset" 6170
"../../../Engine/Content/EngineMaterials/Substrate/Glints2/dict_0000_0056.uasset" 6171
"/Engine/EngineMaterials/Substrate/Glints2/dict_0000_0048" 6172
"/Engine/EngineMaterials/Substrate/Glints2/dict_0000_0047" 6173
"../../../Engine/Content/EngineMaterials/Substrate/Glints2/dict_0000_0052.uasset" 6174
"/Engine/EngineMaterials/Substrate/Glints2/dict_0000_0046" 6175
"/Engine/EngineMaterials/Substrate/Glints2/dict_0000_0045" 6176
"/Engine/EngineMaterials/Substrate/Glints2/dict_0000_0044" 6177
"/Engine/EngineMaterials/Substrate/Glints2/dict_0000_0042" 6178
"/Engine/EngineMaterials/Substrate/Glints2/dict_0000_0053" 6179
"/Engine/EngineMaterials/Substrate/Glints2/dict_0000_0052" 6180
"/Engine/EngineMaterials/Substrate/Glints2/dict_0000_0056" 6181
"/Engine/EngineMaterials/Substrate/Glints2/dict_0000_0055" 6182
"/Engine/EngineMaterials/Substrate/Glints2/dict_0000_0051" 6183
"/Engine/EngineMaterials/Substrate/Glints2/dict_0000_0054" 6184
"/Engine/EngineMaterials/Substrate/Glints2/dict_0000_0050" 6185
"../../../Engine/Content/EngineMaterials/Substrate/Glints2/dict_0000_0061.uasset" 6186
"../../../Engine/Content/EngineMaterials/Substrate/Glints2/dict_0000_0063.uasset" 6187
"../../../Engine/Content/EngineMaterials/Substrate/Glints2/dict_0000_0059.uasset" 6188
"../../../Engine/Content/EngineMaterials/Substrate/Glints2/dict_0000_0062.uasset" 6189
"../../../Engine/Content/EngineMaterials/Substrate/Glints2/dict_0000_0060.uasset" 6190
"../../../Engine/Content/EngineMaterials/Substrate/Glints2/dict_0000_0058.uasset" 6191
"../../../Engine/Content/EngineMaterials/Substrate/Glints2/dict_0000_0057.uasset" 6192
"../../../Engine/Content/EngineMaterials/Substrate/Glints2/dict_0000_0068.uasset" 6193
"../../../Engine/Content/EngineMaterials/Substrate/Glints2/dict_0000_0064.uasset" 6194
"../../../Engine/Content/EngineMaterials/Substrate/Glints2/dict_0000_0066.uasset" 6195
"../../../Engine/Content/EngineMaterials/Substrate/Glints2/dict_0000_0069.uasset" 6196
"../../../Engine/Content/EngineMaterials/Substrate/Glints2/dict_0000_0065.uasset" 6197
"../../../Engine/Content/EngineMaterials/Substrate/Glints2/dict_0000_0070.uasset" 6198
"../../../Engine/Content/EngineMaterials/Substrate/Glints2/dict_0000_0067.uasset" 6199
"/Engine/EngineMaterials/Substrate/Glints2/dict_0000_0066" 6200
"/Engine/EngineMaterials/Substrate/Glints2/dict_0000_0065" 6201
"/Engine/EngineMaterials/Substrate/Glints2/dict_0000_0064" 6202
"/Engine/EngineMaterials/Substrate/Glints2/dict_0000_0063" 6203
"/Engine/EngineMaterials/Substrate/Glints2/dict_0000_0062" 6204
"/Engine/EngineMaterials/Substrate/Glints2/dict_0000_0061" 6205
"/Engine/EngineMaterials/Substrate/Glints2/dict_0000_0060" 6206
"/Engine/EngineMaterials/Substrate/Glints2/dict_0000_0069" 6207
"/Engine/EngineMaterials/Substrate/Glints2/dict_0000_0059" 6208
"/Engine/EngineMaterials/Substrate/Glints2/dict_0000_0058" 6209
"/Engine/EngineMaterials/Substrate/Glints2/dict_0000_0068" 6210
"/Engine/EngineMaterials/Substrate/Glints2/dict_0000_0057" 6211
"../../../Engine/Content/EngineMaterials/Substrate/Glints2/dict_0000_0074.uasset" 6212
"/Engine/EngineMaterials/Substrate/Glints2/dict_0000_0067" 6213
"../../../Engine/Content/EngineMaterials/Substrate/Glints2/dict_0000_0071.uasset" 6214
"../../../Engine/Content/EngineMaterials/Substrate/Glints2/dict_0000_0075.uasset" 6215
"/Engine/EngineMaterials/Substrate/Glints2/dict_0000_0071" 6216
"../../../Engine/Content/EngineMaterials/Substrate/Glints2/dict_0000_0072.uasset" 6217
"../../../Engine/Content/EngineMaterials/Substrate/Glints2/dict_0000_0073.uasset" 6218
"/Engine/EngineMaterials/Substrate/Glints2/dict_0000_0070" 6219
"/Engine/EngineMaterials/Substrate/Glints2/dict_0000_0074" 6220
"/Engine/EngineMaterials/Substrate/Glints2/dict_0000_0073" 6221
"/Engine/EngineMaterials/Substrate/Glints2/dict_0000_0075" 6222
"/Engine/EngineMaterials/Substrate/Glints2/dict_0000_0072" 6223
"../../../Engine/Content/EngineMaterials/Substrate/Glints2/dict_0000_0076.uasset" 6224
"../../../Engine/Content/EngineMaterials/Substrate/Glints2/dict_0000_0084.uasset" 6225
"../../../Engine/Content/EngineMaterials/Substrate/Glints2/dict_0000_0078.uasset" 6226
"../../../Engine/Content/EngineMaterials/Substrate/Glints2/dict_0000_0079.uasset" 6227
"../../../Engine/Content/EngineMaterials/Substrate/Glints2/dict_0000_0080.uasset" 6228
"../../../Engine/Content/EngineMaterials/Substrate/Glints2/dict_0000_0083.uasset" 6229
"/Engine/EngineMaterials/Substrate/Glints2/dict_0000_0080" 6230
"../../../Engine/Content/EngineMaterials/Substrate/Glints2/dict_0000_0082.uasset" 6231
"/Engine/EngineMaterials/Substrate/Glints2/dict_0000_0079" 6232
"../../../Engine/Content/EngineMaterials/Substrate/Glints2/dict_0000_0081.uasset" 6233
"/Engine/EngineMaterials/Substrate/Glints2/dict_0000_0078" 6234
"../../../Engine/Content/EngineMaterials/Substrate/Glints2/dict_0000_0086.uasset" 6235
"/Engine/EngineMaterials/Substrate/Glints2/dict_0000_0076" 6236
"/Engine/EngineMaterials/Substrate/Glints2/dict_0000_0084" 6237
"../../../Engine/Content/EngineMaterials/Substrate/Glints2/dict_0000_0089.uasset" 6238
"../../../Engine/Content/EngineMaterials/Substrate/Glints2/dict_0000_0087.uasset" 6239
"/Engine/EngineMaterials/Substrate/Glints2/dict_0000_0083" 6240
"../../../Engine/Content/EngineMaterials/Substrate/Glints2/dict_0000_0077.uasset" 6241
"/Engine/EngineMaterials/Substrate/Glints2/dict_0000_0081" 6242
"../../../Engine/Content/EngineMaterials/Substrate/Glints2/dict_0000_0085.uasset" 6243
"/Engine/EngineMaterials/Substrate/Glints2/dict_0000_0087" 6244
"/Engine/EngineMaterials/Substrate/Glints2/dict_0000_0077" 6245
"../../../Engine/Content/EngineMaterials/Substrate/Glints2/dict_0000_0088.uasset" 6246
"/Engine/EngineMaterials/Substrate/Glints2/dict_0000_0086" 6247
"/Engine/EngineMaterials/Substrate/Glints2/dict_0000_0089" 6248
"/Engine/EngineMaterials/Substrate/Glints2/dict_0000_0082" 6249
"/Engine/EngineMaterials/Substrate/Glints2/dict_0000_0088" 6250
"/Engine/EngineMaterials/Substrate/Glints2/dict_0000_0085" 6251
"../../../Engine/Content/EngineMaterials/Substrate/Glints2/dict_0000_0095.uasset" 6252
"../../../Engine/Content/EngineMaterials/Substrate/Glints2/dict_0000_0091.uasset" 6253
"../../../Engine/Content/EngineMaterials/Substrate/Glints2/dict_0000_0092.uasset" 6254
"../../../Engine/Content/EngineMaterials/Substrate/Glints2/dict_0000_0093.uasset" 6255
"../../../Engine/Content/EngineMaterials/Substrate/Glints2/dict_0000_0094.uasset" 6256
"../../../Engine/Content/EngineMaterials/Substrate/Glints2/dict_0000_0090.uasset" 6257
"../../../Engine/Content/EngineMaterials/Substrate/Glints2/dict_0000_0100.uasset" 6258
"../../../Engine/Content/EngineMaterials/Substrate/Glints2/dict_0000_0099.uasset" 6259
"../../../Engine/Content/EngineMaterials/Substrate/Glints2/dict_0000_0096.uasset" 6260
"../../../Engine/Content/EngineMaterials/Substrate/Glints2/dict_0000_0097.uasset" 6261
"../../../Engine/Content/EngineMaterials/Substrate/Glints2/dict_0000_0098.uasset" 6262
"/Engine/EngineMaterials/Substrate/Glints2/dict_0000_0100" 6263
"/Engine/EngineMaterials/Substrate/Glints2/dict_0000_0099" 6264
"/Engine/EngineMaterials/Substrate/Glints2/dict_0000_0097" 6265
"/Engine/EngineMaterials/Substrate/Glints2/dict_0000_0096" 6266
"/Engine/EngineMaterials/Substrate/Glints2/dict_0000_0095" 6267
"/Engine/EngineMaterials/Substrate/Glints2/dict_0000_0094" 6268
"../../../Engine/Content/EngineMaterials/Substrate/Glints2/dict_0000_0103.uasset" 6269
"../../../Engine/Content/EngineMaterials/Substrate/Glints2/dict_0000_0102.uasset" 6270
"/Engine/EngineMaterials/Substrate/Glints2/dict_0000_0093" 6271
"/Engine/EngineMaterials/Substrate/Glints2/dict_0000_0092" 6272
"/Engine/EngineMaterials/Substrate/Glints2/dict_0000_0091" 6273
"../../../Engine/Content/EngineMaterials/Substrate/Glints2/dict_0000_0101.uasset" 6274
"/Engine/EngineMaterials/Substrate/Glints2/dict_0000_0090" 6275
"/Engine/EngineMaterials/Substrate/Glints2/dict_0000_0101" 6276
"/Engine/EngineMaterials/Substrate/Glints2/dict_0000_0098" 6277
"/Engine/EngineMaterials/Substrate/Glints2/dict_0000_0103" 6278
"/Engine/EngineMaterials/Substrate/Glints2/dict_0000_0102" 6279
"../../../Engine/Content/EngineMaterials/Substrate/Glints2/dict_0000_0106.uasset" 6280
"../../../Engine/Content/EngineMaterials/Substrate/Glints2/dict_0000_0107.uasset" 6281
"../../../Engine/Content/EngineMaterials/Substrate/Glints2/dict_0000_0108.uasset" 6282
"../../../Engine/Content/EngineMaterials/Substrate/Glints2/dict_0000_0104.uasset" 6283
"../../../Engine/Content/EngineMaterials/Substrate/Glints2/dict_0000_0105.uasset" 6284
"../../../Engine/Content/EngineMaterials/Substrate/Glints2/dict_0000_0112.uasset" 6285
"../../../Engine/Content/EngineMaterials/Substrate/Glints2/dict_0000_0115.uasset" 6286
"../../../Engine/Content/EngineMaterials/Substrate/Glints2/dict_0000_0111.uasset" 6287
"../../../Engine/Content/EngineMaterials/Substrate/Glints2/dict_0000_0114.uasset" 6288
"../../../Engine/Content/EngineMaterials/Substrate/Glints2/dict_0000_0110.uasset" 6289
"../../../Engine/Content/EngineMaterials/Substrate/Glints2/dict_0000_0116.uasset" 6290
"/Engine/EngineMaterials/Substrate/Glints2/dict_0000_0104" 6291
"/Engine/EngineMaterials/Substrate/Glints2/dict_0000_0112" 6292
"../../../Engine/Content/EngineMaterials/Substrate/Glints2/dict_0000_0109.uasset" 6293
"/Engine/EngineMaterials/Substrate/Glints2/dict_0000_0111" 6294
"/Engine/EngineMaterials/Substrate/Glints2/dict_0000_0110" 6295
"/Engine/EngineMaterials/Substrate/Glints2/dict_0000_0107" 6296
"../../../Engine/Content/EngineMaterials/Substrate/Glints2/dict_0000_0120.uasset" 6297
"/Engine/EngineMaterials/Substrate/Glints2/dict_0000_0106" 6298
"../../../Engine/Content/EngineMaterials/Substrate/Glints2/dict_0000_0119.uasset" 6299
"../../../Engine/Content/EngineMaterials/Substrate/Glints2/dict_0000_0118.uasset" 6300
"/Engine/EngineMaterials/Substrate/Glints2/dict_0000_0105" 6301
"../../../Engine/Content/EngineMaterials/Substrate/Glints2/dict_0000_0113.uasset" 6302
"/Engine/EngineMaterials/Substrate/Glints2/dict_0000_0116" 6303
"/Engine/EngineMaterials/Substrate/Glints2/dict_0000_0108" 6304
"/Engine/EngineMaterials/Substrate/Glints2/dict_0000_0115" 6305
"/Engine/EngineMaterials/Substrate/Glints2/dict_0000_0114" 6306
"/Engine/EngineMaterials/Substrate/Glints2/dict_0000_0119" 6307
"/Engine/EngineMaterials/Substrate/Glints2/dict_0000_0118" 6308
"/Engine/EngineMaterials/Substrate/Glints2/dict_0000_0113" 6309
"/Engine/EngineMaterials/Substrate/Glints2/dict_0000_0120" 6310
"/Engine/EngineMaterials/Substrate/Glints2/dict_0000_0109" 6311
"../../../Engine/Content/EngineMaterials/Substrate/Glints2/dict_0000_0123.uasset" 6312
"../../../Engine/Content/EngineMaterials/Substrate/Glints2/dict_0000_0121.uasset" 6313
"../../../Engine/Content/EngineMaterials/Substrate/Glints2/dict_0000_0117.uasset" 6314
"../../../Engine/Content/EngineMaterials/Substrate/Glints2/dict_0000_0125.uasset" 6315
"../../../Engine/Content/EngineMaterials/Substrate/Glints2/dict_0000_0126.uasset" 6316
"../../../Engine/Content/EngineMaterials/Substrate/Glints2/dict_0000_0127.uasset" 6317
"../../../Engine/Content/EngineMaterials/Substrate/Glints2/dict_0000_0128.uasset" 6318
"../../../Engine/Content/EngineMaterials/Substrate/Glints2/dict_0000_0122.uasset" 6319
"../../../Engine/Content/EngineMaterials/Substrate/Glints2/dict_0000_0124.uasset" 6320
"../../../Engine/Content/EngineMaterials/Substrate/Glints2/dict_0000_0133.uasset" 6321
"../../../Engine/Content/EngineMaterials/Substrate/Glints2/dict_0000_0130.uasset" 6322
"../../../Engine/Content/EngineMaterials/Substrate/Glints2/dict_0000_0131.uasset" 6323
"/Engine/EngineMaterials/Substrate/Glints2/dict_0000_0121" 6324
"/Engine/EngineMaterials/Substrate/Glints2/dict_0000_0131" 6325
"../../../Engine/Content/EngineMaterials/Substrate/Glints2/dict_0000_0132.uasset" 6326
"../../../Engine/Content/EngineMaterials/Substrate/Glints2/dict_0000_0129.uasset" 6327
"/Engine/EngineMaterials/Substrate/Glints2/dict_0000_0130" 6328
"/Engine/EngineMaterials/Substrate/Glints2/dict_0000_0117" 6329
"/Engine/EngineMaterials/Substrate/Glints2/dict_0000_0128" 6330
"/Engine/EngineMaterials/Substrate/Glints2/dict_0000_0133" 6331
"/Engine/EngineMaterials/Substrate/Glints2/dict_0000_0127" 6332
"/Engine/EngineMaterials/Substrate/Glints2/dict_0000_0126" 6333
"/Engine/EngineMaterials/Substrate/Glints2/dict_0000_0125" 6334
"/Engine/EngineMaterials/Substrate/Glints2/dict_0000_0124" 6335
"/Engine/EngineMaterials/Substrate/Glints2/dict_0000_0123" 6336
"/Engine/EngineMaterials/Substrate/Glints2/dict_0000_0122" 6337
"/Engine/EngineMaterials/Substrate/Glints2/dict_0000_0129" 6338
"/Engine/EngineMaterials/Substrate/Glints2/dict_0000_0132" 6339
"../../../Engine/Content/EngineMaterials/Substrate/Glints2/dict_0000_0135.uasset" 6340
"../../../Engine/Content/EngineMaterials/Substrate/Glints2/dict_0000_0134.uasset" 6341
"../../../Engine/Content/EngineMaterials/Substrate/Glints2/dict_0000_0138.uasset" 6342
"../../../Engine/Content/EngineMaterials/Substrate/Glints2/dict_0000_0140.uasset" 6343
"../../../Engine/Content/EngineMaterials/Substrate/Glints2/dict_0000_0137.uasset" 6344
"../../../Engine/Content/EngineMaterials/Substrate/Glints2/dict_0000_0144.uasset" 6345
"../../../Engine/Content/EngineMaterials/Substrate/Glints2/dict_0000_0145.uasset" 6346
"../../../Engine/Content/EngineMaterials/Substrate/Glints2/dict_0000_0143.uasset" 6347
"../../../Engine/Content/EngineMaterials/Substrate/Glints2/dict_0000_0139.uasset" 6348
"../../../Engine/Content/EngineMaterials/Substrate/Glints2/dict_0000_0141.uasset" 6349
"../../../Engine/Content/EngineMaterials/Substrate/Glints2/dict_0000_0136.uasset" 6350
"../../../Engine/Content/EngineMaterials/Substrate/Glints2/dict_0000_0142.uasset" 6351
"/Engine/EngineMaterials/Substrate/Glints2/dict_0000_0135" 6352
"/Engine/EngineMaterials/Substrate/Glints2/dict_0000_0134" 6353
"/Engine/EngineMaterials/Substrate/Glints2/dict_0000_0145" 6354
"/Engine/EngineMaterials/Substrate/Glints2/dict_0000_0144" 6355
"/Engine/EngineMaterials/Substrate/Glints2/dict_0000_0143" 6356
"/Engine/EngineMaterials/Substrate/Glints2/dict_0000_0142" 6357
"/Engine/EngineMaterials/Substrate/Glints2/dict_0000_0141" 6358
"/Engine/EngineMaterials/Substrate/Glints2/dict_0000_0140" 6359
"/Engine/EngineMaterials/Substrate/Glints2/dict_0000_0139" 6360
"/Engine/EngineMaterials/Substrate/Glints2/dict_0000_0138" 6361
"/Engine/EngineMaterials/Substrate/Glints2/dict_0000_0137" 6362
"/Engine/EngineMaterials/Substrate/Glints2/dict_0000_0136" 6363
"../../../Engine/Content/EngineMaterials/Substrate/Glints2/dict_0000_0149.uasset" 6364
"../../../Engine/Content/EngineMaterials/Substrate/Glints2/dict_0000_0148.uasset" 6365
"../../../Engine/Content/EngineMaterials/Substrate/Glints2/dict_0000_0146.uasset" 6366
"../../../Engine/Content/EngineMaterials/Substrate/Glints2/dict_0000_0147.uasset" 6367
"../../../Engine/Content/EngineMaterials/Substrate/Glints2/dict_0000_0153.uasset" 6368
"../../../Engine/Content/EngineMaterials/Substrate/Glints2/dict_0000_0152.uasset" 6369
"../../../Engine/Content/EngineMaterials/Substrate/Glints2/dict_0000_0151.uasset" 6370
"../../../Engine/Content/EngineMaterials/Substrate/Glints2/dict_0000_0150.uasset" 6371
"../../../Engine/Content/EngineMaterials/Substrate/Glints2/dict_0000_0156.uasset" 6372
"../../../Engine/Content/EngineMaterials/Substrate/Glints2/dict_0000_0155.uasset" 6373
"../../../Engine/Content/EngineMaterials/Substrate/Glints2/dict_0000_0159.uasset" 6374
"../../../Engine/Content/EngineMaterials/Substrate/Glints2/dict_0000_0154.uasset" 6375
"../../../Engine/Content/EngineMaterials/Substrate/Glints2/dict_0000_0158.uasset" 6376
"/Engine/EngineMaterials/Substrate/Glints2/dict_0000_0151" 6377
"/Engine/EngineMaterials/Substrate/Glints2/dict_0000_0146" 6378
"/Engine/EngineMaterials/Substrate/Glints2/dict_0000_0150" 6379
"/Engine/EngineMaterials/Substrate/Glints2/dict_0000_0149" 6380
"/Engine/EngineMaterials/Substrate/Glints2/dict_0000_0159" 6381
"/Engine/EngineMaterials/Substrate/Glints2/dict_0000_0158" 6382
"/Engine/EngineMaterials/Substrate/Glints2/dict_0000_0156" 6383
"/Engine/EngineMaterials/Substrate/Glints2/dict_0000_0155" 6384
"/Engine/EngineMaterials/Substrate/Glints2/dict_0000_0154" 6385
"/Engine/EngineMaterials/Substrate/Glints2/dict_0000_0153" 6386
"/Engine/EngineMaterials/Substrate/Glints2/dict_0000_0152" 6387
"/Engine/EngineMaterials/Substrate/Glints2/dict_0000_0148" 6388
"/Engine/EngineMaterials/Substrate/Glints2/dict_0000_0147" 6389
"../../../Engine/Content/EngineMaterials/Substrate/Glints2/dict_0000_0160.uasset" 6390
"../../../Engine/Content/EngineMaterials/Substrate/Glints2/dict_0000_0161.uasset" 6391
"../../../Engine/Content/EngineMaterials/Substrate/Glints2/dict_0000_0171.uasset" 6392
"/Engine/EngineMaterials/Substrate/Glints2/dict_0000_0161" 6393
"/Engine/EngineMaterials/Substrate/Glints2/dict_0000_0160" 6394
"../../../Engine/Content/EngineMaterials/Substrate/Glints2/dict_0000_0170.uasset" 6395
"../../../Engine/Content/EngineMaterials/Substrate/Glints2/dict_0000_0167.uasset" 6396
"../../../Engine/Content/EngineMaterials/Substrate/Glints2/dict_0000_0165.uasset" 6397
"/Engine/EngineMaterials/Substrate/Glints2/dict_0000_0171" 6398
"../../../Engine/Content/EngineMaterials/Substrate/Glints2/dict_0000_0169.uasset" 6399
"../../../Engine/Content/EngineMaterials/Substrate/Glints2/dict_0000_0168.uasset" 6400
"/Engine/EngineMaterials/Substrate/Glints2/dict_0000_0165" 6401
"/Engine/EngineMaterials/Substrate/Glints2/dict_0000_0170" 6402
"/Engine/EngineMaterials/Substrate/Glints2/dict_0000_0169" 6403
"../../../Engine/Content/EngineMaterials/Substrate/Glints2/dict_0000_0172.uasset" 6404
"/Engine/EngineMaterials/Substrate/Glints2/dict_0000_0167" 6405
"/Engine/EngineMaterials/Substrate/Glints2/dict_0000_0172" 6406
"../../../Engine/Content/EngineMaterials/Substrate/Glints2/dict_0000_0166.uasset" 6407
"../../../Engine/Content/EngineMaterials/Substrate/Glints2/dict_0000_0164.uasset" 6408
"/Engine/EngineMaterials/Substrate/Glints2/dict_0000_0168" 6409
"../../../Engine/Content/EngineMaterials/Substrate/Glints2/dict_0000_0157.uasset" 6410
"/Engine/EngineMaterials/Substrate/Glints2/dict_0000_0164" 6411
"/Engine/EngineMaterials/Substrate/Glints2/dict_0000_0166" 6412
"/Engine/EngineMaterials/Substrate/Glints2/dict_0000_0157" 6413
"../../../Engine/Content/EngineMaterials/Substrate/Glints2/dict_0000_0163.uasset" 6414
"../../../Engine/Content/EngineMaterials/Substrate/Glints2/dict_0000_0162.uasset" 6415
"../../../Engine/Content/EngineMaterials/Substrate/Glints2/dict_0000_0174.uasset" 6416
"../../../Engine/Content/EngineMaterials/Substrate/Glints2/dict_0000_0173.uasset" 6417
"../../../Engine/Content/EngineMaterials/Substrate/Glints2/dict_0000_0175.uasset" 6418
"../../../Engine/Content/EngineMaterials/Substrate/Glints2/dict_0000_0178.uasset" 6419
"../../../Engine/Content/EngineMaterials/Substrate/Glints2/dict_0000_0180.uasset" 6420
"../../../Engine/Content/EngineMaterials/Substrate/Glints2/dict_0000_0179.uasset" 6421
"/Engine/EngineMaterials/Substrate/Glints2/dict_0000_0163" 6422
"../../../Engine/Content/EngineMaterials/Substrate/Glints2/dict_0000_0177.uasset" 6423
"../../../Engine/Content/EngineMaterials/Substrate/Glints2/dict_0000_0182.uasset" 6424
"../../../Engine/Content/EngineMaterials/Substrate/Glints2/dict_0000_0183.uasset" 6425
"../../../Engine/Content/EngineMaterials/Substrate/Glints2/dict_0000_0184.uasset" 6426
"../../../Engine/Content/EngineMaterials/Substrate/Glints2/dict_0000_0176.uasset" 6427
"/Engine/EngineMaterials/Substrate/Glints2/dict_0000_0162" 6428
"/Engine/EngineMaterials/Substrate/Glints2/dict_0000_0175" 6429
"/Engine/EngineMaterials/Substrate/Glints2/dict_0000_0174" 6430
"/Engine/EngineMaterials/Substrate/Glints2/dict_0000_0173" 6431
"/Engine/EngineMaterials/Substrate/Glints2/dict_0000_0180" 6432
"/Engine/EngineMaterials/Substrate/Glints2/dict_0000_0179" 6433
"/Engine/EngineMaterials/Substrate/Glints2/dict_0000_0178" 6434
"/Engine/EngineMaterials/Substrate/Glints2/dict_0000_0177" 6435
"/Engine/EngineMaterials/Substrate/Glints2/dict_0000_0176" 6436
"/Engine/EngineMaterials/Substrate/Glints2/dict_0000_0184" 6437
"/Engine/EngineMaterials/Substrate/Glints2/dict_0000_0183" 6438
"/Engine/EngineMaterials/Substrate/Glints2/dict_0000_0182" 6439
"../../../Engine/Content/EngineMaterials/Substrate/Glints2/dict_0000_0185.uasset" 6440
"../../../Engine/Content/EngineMaterials/Substrate/Glints2/dict_0000_0188.uasset" 6441
"../../../Engine/Content/EngineMaterials/Substrate/Glints2/dict_0000_0189.uasset" 6442
"../../../Engine/Content/EngineMaterials/Substrate/Glints2/dict_0000_0194.uasset" 6443
"../../../Engine/Content/EngineMaterials/Substrate/Glints2/dict_0000_0187.uasset" 6444
"../../../Engine/Content/EngineMaterials/Substrate/Glints2/dict_0000_0193.uasset" 6445
"../../../Engine/Content/EngineMaterials/Substrate/Glints2/dict_0000_0186.uasset" 6446
"../../../Engine/Content/EngineMaterials/Substrate/Glints2/dict_0000_0190.uasset" 6447
"../../../Engine/Content/EngineMaterials/Substrate/Glints2/dict_0000_0192.uasset" 6448
"../../../Engine/Content/EngineMaterials/Substrate/Glints2/dict_0000_0181.uasset" 6449
"../../../Engine/Content/EngineMaterials/Substrate/Glints2/dict_0000_0191.uasset" 6450
"../../../Engine/Content/EngineMaterials/Substrate/Glints2/dict_0000_0197.uasset" 6451
"../../../Engine/Content/EngineMaterials/Substrate/Glints2/dict_0000_0195.uasset" 6452
"/Engine/EngineMaterials/Substrate/Glints2/dict_0000_0190" 6453
"/Engine/EngineMaterials/Substrate/Glints2/dict_0000_0189" 6454
"../../../Engine/Content/EngineMaterials/Substrate/Glints2/dict_0000_0196.uasset" 6455
"../../../Engine/Content/EngineMaterials/Substrate/Glints2/dict_0000_0208.uasset" 6456
"../../../Engine/Content/EngineMaterials/Substrate/Glints2/dict_0000_0202.uasset" 6457
"../../../Engine/Content/EngineMaterials/Substrate/Glints2/dict_0000_0200.uasset" 6458
"../../../Engine/Content/EngineMaterials/Substrate/Glints2/dict_0000_0199.uasset" 6459
"/Engine/EngineMaterials/Substrate/Glints2/dict_0000_0188" 6460
"../../../Engine/Content/EngineMaterials/Substrate/Glints2/dict_0000_0201.uasset" 6461
"../../../Engine/Content/EngineMaterials/Substrate/Glints2/dict_0000_0206.uasset" 6462
"../../../Engine/Content/EngineMaterials/Substrate/Glints2/dict_0000_0203.uasset" 6463
"/Engine/EngineMaterials/Substrate/Glints2/dict_0000_0187" 6464
"../../../Engine/Content/EngineMaterials/Substrate/Glints2/dict_0000_0205.uasset" 6465
"../../../Engine/Content/EngineMaterials/Substrate/Glints2/dict_0000_0209.uasset" 6466
"/Engine/EngineMaterials/Substrate/Glints2/dict_0000_0192" 6467
"/Engine/EngineMaterials/Substrate/Glints2/dict_0000_0197" 6468
"/Engine/EngineMaterials/Substrate/Glints2/dict_0000_0191" 6469
"/Engine/EngineMaterials/Substrate/Glints2/dict_0000_0193" 6470
"/Engine/EngineMaterials/Substrate/Glints2/dict_0000_0186" 6471
"/Engine/EngineMaterials/Substrate/Glints2/dict_0000_0185" 6472
"../../../Engine/Content/EngineMaterials/Substrate/Glints2/dict_0000_0210.uasset" 6473
"/Engine/EngineMaterials/Substrate/Glints2/dict_0000_0181" 6474
"/Engine/EngineMaterials/Substrate/Glints2/dict_0000_0195" 6475
"/Engine/EngineMaterials/Substrate/Glints2/dict_0000_0194" 6476
"/Engine/EngineMaterials/Substrate/Glints2/dict_0000_0210" 6477
"/Engine/EngineMaterials/Substrate/Glints2/dict_0000_0209" 6478
"/Engine/EngineMaterials/Substrate/Glints2/dict_0000_0208" 6479
"/Engine/EngineMaterials/Substrate/Glints2/dict_0000_0206" 6480
"/Engine/EngineMaterials/Substrate/Glints2/dict_0000_0199" 6481
"/Engine/EngineMaterials/Substrate/Glints2/dict_0000_0202" 6482
"/Engine/EngineMaterials/Substrate/Glints2/dict_0000_0201" 6483
"/Engine/EngineMaterials/Substrate/Glints2/dict_0000_0196" 6484
"/Engine/EngineMaterials/Substrate/Glints2/dict_0000_0205" 6485
"../../../Engine/Content/EngineMaterials/Substrate/Glints2/dict_0000_0204.uasset" 6486
"/Engine/EngineMaterials/Substrate/Glints2/dict_0000_0203" 6487
"/Engine/EngineMaterials/Substrate/Glints2/dict_0000_0200" 6488
"/Engine/EngineMaterials/Substrate/Glints2/dict_0000_0204" 6489
"../../../Engine/Content/EngineMaterials/Substrate/Glints2/dict_0000_0198.uasset" 6490
"../../../Engine/Content/EngineMaterials/Substrate/Glints2/dict_0000_0207.uasset" 6491
"../../../Engine/Content/EngineMaterials/Substrate/Glints2/dict_0000_0213.uasset" 6492
"../../../Engine/Content/EngineMaterials/Substrate/Glints2/dict_0000_0215.uasset" 6493
"../../../Engine/Content/EngineMaterials/Substrate/Glints2/dict_0000_0211.uasset" 6494
"../../../Engine/Content/EngineMaterials/Substrate/Glints2/dict_0000_0212.uasset" 6495
"../../../Engine/Content/EngineMaterials/Substrate/Glints2/dict_0000_0219.uasset" 6496
"../../../Engine/Content/EngineMaterials/Substrate/Glints2/dict_0000_0217.uasset" 6497
"../../../Engine/Content/EngineMaterials/Substrate/Glints2/dict_0000_0214.uasset" 6498
"../../../Engine/Content/EngineMaterials/Substrate/Glints2/dict_0000_0218.uasset" 6499
"../../../Engine/Content/EngineMaterials/Substrate/Glints2/dict_0000_0221.uasset" 6500
"../../../Engine/Content/EngineMaterials/Substrate/Glints2/dict_0000_0216.uasset" 6501
"/Engine/EngineMaterials/Substrate/Glints2/dict_0000_0215" 6502
"/Engine/EngineMaterials/Substrate/Glints2/dict_0000_0214" 6503
"/Engine/EngineMaterials/Substrate/Glints2/dict_0000_0207" 6504
"../../../Engine/Content/EngineMaterials/Substrate/Glints2/dict_0000_0223.uasset" 6505
"/Engine/EngineMaterials/Substrate/Glints2/dict_0000_0221" 6506
"/Engine/EngineMaterials/Substrate/Glints2/dict_0000_0219" 6507
"/Engine/EngineMaterials/Substrate/Glints2/dict_0000_0213" 6508
"/Engine/EngineMaterials/Substrate/Glints2/dict_0000_0212" 6509
"../../../Engine/Content/EngineMaterials/Substrate/Glints2/dict_0000_0222.uasset" 6510
"/Engine/EngineMaterials/Substrate/Glints2/dict_0000_0211" 6511
"/Engine/EngineMaterials/Substrate/Glints2/dict_0000_0218" 6512
"/Engine/EngineMaterials/Substrate/Glints2/dict_0000_0217" 6513
"/Engine/EngineMaterials/Substrate/Glints2/dict_0000_0198" 6514
"/Engine/EngineMaterials/Substrate/Glints2/dict_0000_0216" 6515
"/Engine/EngineMaterials/Substrate/Glints2/dict_0000_0223" 6516
"/Engine/EngineMaterials/Substrate/Glints2/dict_0000_0222" 6517
"../../../Engine/Content/EngineMaterials/Substrate/Glints2/dict_0000_0220.uasset" 6518
"../../../Engine/Content/EngineMaterials/Substrate/Glints2/dict_0000_0224.uasset" 6519
"../../../Engine/Content/EngineMaterials/Substrate/Glints2/dict_0000_0225.uasset" 6520
"../../../Engine/Content/EngineMaterials/Substrate/Glints2/dict_0000_0227.uasset" 6521
"../../../Engine/Content/EngineMaterials/Substrate/Glints2/dict_0000_0231.uasset" 6522
"../../../Engine/Content/EngineMaterials/Substrate/Glints2/dict_0000_0233.uasset" 6523
"../../../Engine/Content/EngineMaterials/Substrate/Glints2/dict_0000_0226.uasset" 6524
"../../../Engine/Content/EngineMaterials/Substrate/Glints2/dict_0000_0228.uasset" 6525
"../../../Engine/Content/EngineMaterials/Substrate/Glints2/dict_0000_0230.uasset" 6526
"../../../Engine/Content/EngineMaterials/Substrate/Glints2/dict_0000_0229.uasset" 6527
"/Engine/EngineMaterials/Substrate/Glints2/dict_0000_0228" 6528
"../../../Engine/Content/EngineMaterials/Substrate/Glints2/dict_0000_0232.uasset" 6529
"../../../Engine/Content/EngineMaterials/Substrate/Glints2/dict_0000_0234.uasset" 6530
"/Engine/EngineMaterials/Substrate/Glints2/dict_0000_0227" 6531
"/Engine/EngineMaterials/Substrate/Glints2/dict_0000_0226" 6532
"/Engine/EngineMaterials/Substrate/Glints2/dict_0000_0225" 6533
"/Engine/EngineMaterials/Substrate/Glints2/dict_0000_0224" 6534
"/Engine/EngineMaterials/Substrate/Glints2/dict_0000_0220" 6535
"/Engine/EngineMaterials/Substrate/Glints2/dict_0000_0233" 6536
"/Engine/EngineMaterials/Substrate/Glints2/dict_0000_0231" 6537
"/Engine/EngineMaterials/Substrate/Glints2/dict_0000_0230" 6538
"../../../Engine/Content/EngineMaterials/Substrate/Glints2/dict_0000_0235.uasset" 6539
"/Engine/EngineMaterials/Substrate/Glints2/dict_0000_0229" 6540
"/Engine/EngineMaterials/Substrate/Glints2/dict_0000_0235" 6541
"/Engine/EngineMaterials/Substrate/Glints2/dict_0000_0234" 6542
"/Engine/EngineMaterials/Substrate/Glints2/dict_0000_0232" 6543
"../../../Engine/Content/EngineMaterials/Substrate/Glints2/dict_0000_0236.uasset" 6544
"../../../Engine/Content/EngineMaterials/Substrate/Glints2/dict_0000_0243.uasset" 6545
"../../../Engine/Content/EngineMaterials/Substrate/Glints2/dict_0000_0239.uasset" 6546
"../../../Engine/Content/EngineMaterials/Substrate/Glints2/dict_0000_0242.uasset" 6547
"../../../Engine/Content/EngineMaterials/Substrate/Glints2/dict_0000_0241.uasset" 6548
"../../../Engine/Content/EngineMaterials/Substrate/Glints2/dict_0000_0240.uasset" 6549
"../../../Engine/Content/EngineMaterials/Substrate/Glints2/dict_0000_0246.uasset" 6550
"../../../Engine/Content/EngineMaterials/Substrate/Glints2/dict_0000_0245.uasset" 6551
"../../../Engine/Content/EngineMaterials/Substrate/Glints2/dict_0000_0237.uasset" 6552
"../../../Engine/Content/EngineMaterials/Substrate/Glints2/dict_0000_0244.uasset" 6553
"../../../Engine/Content/EngineMaterials/Substrate/Glints2/dict_0000_0238.uasset" 6554
"/Engine/EngineMaterials/Substrate/Glints2/dict_0000_0239" 6555
"/Engine/EngineMaterials/Substrate/Glints2/dict_0000_0237" 6556
"/Engine/EngineMaterials/Substrate/Glints2/dict_0000_0236" 6557
"/Engine/EngineMaterials/Substrate/Glints2/dict_0000_0246" 6558
"/Engine/EngineMaterials/Substrate/Glints2/dict_0000_0245" 6559
"/Engine/EngineMaterials/Substrate/Glints2/dict_0000_0244" 6560
"/Engine/EngineMaterials/Substrate/Glints2/dict_0000_0243" 6561
"../../../Engine/Content/EngineMaterials/Substrate/Glints2/dict_0000_0247.uasset" 6562
"../../../Engine/Content/EngineMaterials/Substrate/Glints2/dict_0000_0253.uasset" 6563
"../../../Engine/Content/EngineMaterials/Substrate/Glints2/dict_0000_0252.uasset" 6564
"/Engine/EngineMaterials/Substrate/Glints2/dict_0000_0240" 6565
"../../../Engine/Content/EngineMaterials/Substrate/Glints2/dict_0000_0251.uasset" 6566
"../../../Engine/Content/EngineMaterials/Substrate/Glints2/dict_0000_0254.uasset" 6567
"../../../Engine/Content/EngineMaterials/Substrate/Glints2/dict_0000_0249.uasset" 6568
"/Engine/EngineMaterials/Substrate/Glints2/dict_0000_0242" 6569
"/Engine/EngineMaterials/Substrate/Glints2/dict_0000_0241" 6570
"/Engine/EngineMaterials/Substrate/Glints2/dict_0000_0252" 6571
"/Engine/EngineMaterials/Substrate/Glints2/dict_0000_0238" 6572
"../../../Engine/Content/EngineMaterials/Substrate/Glints2/dict_0000_0248.uasset" 6573
"/Engine/EngineMaterials/Substrate/Glints2/dict_0000_0251" 6574
"../../../Engine/Content/EngineMaterials/Substrate/Glints2/dict_0000_0255.uasset" 6575
"/Engine/EngineMaterials/Substrate/Glints2/dict_0000_0254" 6576
"../../../Engine/Content/EngineMaterials/Substrate/Glints2/dict_0001_0000.uasset" 6577
"../../../Engine/Content/EngineMaterials/Substrate/Glints2/dict_0001_0001.uasset" 6578
"/Engine/EngineMaterials/Substrate/Glints2/dict_0000_0253" 6579
"/Engine/EngineMaterials/Substrate/Glints2/dict_0000_0249" 6580
"/Engine/EngineMaterials/Substrate/Glints2/dict_0000_0247" 6581
"/Engine/EngineMaterials/Substrate/Glints2/dict_0000_0248" 6582
"/Engine/EngineMaterials/Substrate/Glints2/dict_0001_0001" 6583
"../../../Engine/Content/EngineMaterials/Substrate/Glints2/dict_0000_0250.uasset" 6584
"/Engine/EngineMaterials/Substrate/Glints2/dict_0001_0000" 6585
"../../../Engine/Content/EngineMaterials/Substrate/Glints2/dict_0001_0002.uasset" 6586
"/Engine/EngineMaterials/Substrate/Glints2/dict_0000_0255" 6587
"/Engine/EngineMaterials/Substrate/Glints2/dict_0000_0250" 6588
"/Engine/EngineMaterials/Substrate/Glints2/dict_0001_0002" 6589
"../../../Engine/Content/EngineMaterials/Substrate/Glints2/dict_0001_0007.uasset" 6590
"../../../Engine/Content/EngineMaterials/Substrate/Glints2/dict_0001_0008.uasset" 6591
"../../../Engine/Content/EngineMaterials/Substrate/Glints2/dict_0001_0010.uasset" 6592
"../../../Engine/Content/EngineMaterials/Substrate/Glints2/dict_0001_0006.uasset" 6593
"../../../Engine/Content/EngineMaterials/Substrate/Glints2/dict_0001_0009.uasset" 6594
"../../../Engine/Content/EngineMaterials/Substrate/Glints2/dict_0001_0004.uasset" 6595
"../../../Engine/Content/EngineMaterials/Substrate/Glints2/dict_0001_0003.uasset" 6596
"../../../Engine/Content/EngineMaterials/Substrate/Glints2/dict_0001_0014.uasset" 6597
"../../../Engine/Content/EngineMaterials/Substrate/Glints2/dict_0001_0011.uasset" 6598
"../../../Engine/Content/EngineMaterials/Substrate/Glints2/dict_0001_0012.uasset" 6599
"../../../Engine/Content/EngineMaterials/Substrate/Glints2/dict_0001_0005.uasset" 6600
"../../../Engine/Content/EngineMaterials/Substrate/Glints2/dict_0001_0013.uasset" 6601
"/Engine/EngineMaterials/Substrate/Glints2/dict_0001_0008" 6602
"/Engine/EngineMaterials/Substrate/Glints2/dict_0001_0007" 6603
"/Engine/EngineMaterials/Substrate/Glints2/dict_0001_0006" 6604
"/Engine/EngineMaterials/Substrate/Glints2/dict_0001_0004" 6605
"/Engine/EngineMaterials/Substrate/Glints2/dict_0001_0011" 6606
"/Engine/EngineMaterials/Substrate/Glints2/dict_0001_0003" 6607
"/Engine/EngineMaterials/Substrate/Glints2/dict_0001_0010" 6608
"/Engine/EngineMaterials/Substrate/Glints2/dict_0001_0009" 6609
"/Engine/EngineMaterials/Substrate/Glints2/dict_0001_0014" 6610
"/Engine/EngineMaterials/Substrate/Glints2/dict_0001_0005" 6611
"/Engine/EngineMaterials/Substrate/Glints2/dict_0001_0013" 6612
"/Engine/EngineMaterials/Substrate/Glints2/dict_0001_0012" 6613
"../../../Engine/Content/EngineMaterials/Substrate/Glints2/dict_0001_0015.uasset" 6614
"../../../Engine/Content/EngineMaterials/Substrate/Glints2/dict_0001_0020.uasset" 6615
"../../../Engine/Content/EngineMaterials/Substrate/Glints2/dict_0001_0021.uasset" 6616
"../../../Engine/Content/EngineMaterials/Substrate/Glints2/dict_0001_0024.uasset" 6617
"../../../Engine/Content/EngineMaterials/Substrate/Glints2/dict_0001_0017.uasset" 6618
"../../../Engine/Content/EngineMaterials/Substrate/Glints2/dict_0001_0018.uasset" 6619
"../../../Engine/Content/EngineMaterials/Substrate/Glints2/dict_0001_0019.uasset" 6620
"../../../Engine/Content/EngineMaterials/Substrate/Glints2/dict_0001_0022.uasset" 6621
"../../../Engine/Content/EngineMaterials/Substrate/Glints2/dict_0001_0028.uasset" 6622
"../../../Engine/Content/EngineMaterials/Substrate/Glints2/dict_0001_0027.uasset" 6623
"../../../Engine/Content/EngineMaterials/Substrate/Glints2/dict_0001_0026.uasset" 6624
"../../../Engine/Content/EngineMaterials/Substrate/Glints2/dict_0001_0025.uasset" 6625
"../../../Engine/Content/EngineMaterials/Substrate/Glints2/dict_0001_0016.uasset" 6626
"../../../Engine/Content/EngineMaterials/Substrate/Glints2/dict_0001_0023.uasset" 6627
"/Engine/EngineMaterials/Substrate/Glints2/dict_0001_0028" 6628
"../../../Engine/Content/EngineMaterials/Substrate/Glints2/dict_0001_0033.uasset" 6629
"../../../Engine/Content/EngineMaterials/Substrate/Glints2/dict_0001_0030.uasset" 6630
"../../../Engine/Content/EngineMaterials/Substrate/Glints2/dict_0001_0031.uasset" 6631
"/Engine/EngineMaterials/Substrate/Glints2/dict_0001_0021" 6632
"../../../Engine/Content/EngineMaterials/Substrate/Glints2/dict_0001_0032.uasset" 6633
"../../../Engine/Content/EngineMaterials/Substrate/Glints2/dict_0001_0034.uasset" 6634
"../../../Engine/Content/EngineMaterials/Substrate/Glints2/dict_0001_0029.uasset" 6635
"/Engine/EngineMaterials/Substrate/Glints2/dict_0001_0027" 6636
"/Engine/EngineMaterials/Substrate/Glints2/dict_0001_0026" 6637
"/Engine/EngineMaterials/Substrate/Glints2/dict_0001_0025" 6638
"../../../Engine/Content/EngineMaterials/Substrate/Glints2/dict_0001_0036.uasset" 6639
"/Engine/EngineMaterials/Substrate/Glints2/dict_0001_0020" 6640
"/Engine/EngineMaterials/Substrate/Glints2/dict_0001_0024" 6641
"/Engine/EngineMaterials/Substrate/Glints2/dict_0001_0019" 6642
"/Engine/EngineMaterials/Substrate/Glints2/dict_0001_0023" 6643
"/Engine/EngineMaterials/Substrate/Glints2/dict_0001_0022" 6644
"/Engine/EngineMaterials/Substrate/Glints2/dict_0001_0018" 6645
"/Engine/EngineMaterials/Substrate/Glints2/dict_0001_0017" 6646
"/Engine/EngineMaterials/Substrate/Glints2/dict_0001_0016" 6647
"/Engine/EngineMaterials/Substrate/Glints2/dict_0001_0015" 6648
"../../../Engine/Content/EngineMaterials/Substrate/Glints2/dict_0001_0035.uasset" 6649
"../../../Engine/Content/EngineMaterials/Substrate/Glints2/dict_0001_0041.uasset" 6650
"../../../Engine/Content/EngineMaterials/Substrate/Glints2/dict_0001_0040.uasset" 6651
"../../../Engine/Content/EngineMaterials/Substrate/Glints2/dict_0001_0042.uasset" 6652
"/Engine/EngineMaterials/Substrate/Glints2/dict_0001_0041" 6653
"/Engine/EngineMaterials/Substrate/Glints2/dict_0001_0034" 6654
"/Engine/EngineMaterials/Substrate/Glints2/dict_0001_0032" 6655
"/Engine/EngineMaterials/Substrate/Glints2/dict_0001_0033" 6656
"../../../Engine/Content/EngineMaterials/Substrate/Glints2/dict_0001_0038.uasset" 6657
"../../../Engine/Content/EngineMaterials/Substrate/Glints2/dict_0001_0037.uasset" 6658
"/Engine/EngineMaterials/Substrate/Glints2/dict_0001_0036" 6659
"/Engine/EngineMaterials/Substrate/Glints2/dict_0001_0031" 6660
"/Engine/EngineMaterials/Substrate/Glints2/dict_0001_0035" 6661
"/Engine/EngineMaterials/Substrate/Glints2/dict_0001_0030" 6662
"/Engine/EngineMaterials/Substrate/Glints2/dict_0001_0029" 6663
"/Engine/EngineMaterials/Substrate/Glints2/dict_0001_0042" 6664
"/Engine/EngineMaterials/Substrate/Glints2/dict_0001_0040" 6665
"/Engine/EngineMaterials/Substrate/Glints2/dict_0001_0038" 6666
"../../../Engine/Content/EngineMaterials/Substrate/Glints2/dict_0001_0039.uasset" 6667
"/Engine/EngineMaterials/Substrate/Glints2/dict_0001_0037" 6668
"/Engine/EngineMaterials/Substrate/Glints2/dict_0001_0039" 6669
"../../../Engine/Content/EngineMaterials/Substrate/Glints2/dict_0001_0044.uasset" 6670
"../../../Engine/Content/EngineMaterials/Substrate/Glints2/dict_0001_0045.uasset" 6671
"../../../Engine/Content/EngineMaterials/Substrate/Glints2/dict_0001_0046.uasset" 6672
"../../../Engine/Content/EngineMaterials/Substrate/Glints2/dict_0001_0043.uasset" 6673
"../../../Engine/Content/EngineMaterials/Substrate/Glints2/dict_0001_0055.uasset" 6674
"../../../Engine/Content/EngineMaterials/Substrate/Glints2/dict_0001_0049.uasset" 6675
"../../../Engine/Content/EngineMaterials/Substrate/Glints2/dict_0001_0052.uasset" 6676
"../../../Engine/Content/EngineMaterials/Substrate/Glints2/dict_0001_0053.uasset" 6677
"../../../Engine/Content/EngineMaterials/Substrate/Glints2/dict_0001_0051.uasset" 6678
"../../../Engine/Content/EngineMaterials/Substrate/Glints2/dict_0001_0048.uasset" 6679
"../../../Engine/Content/EngineMaterials/Substrate/Glints2/dict_0001_0050.uasset" 6680
"../../../Engine/Content/EngineMaterials/Substrate/Glints2/dict_0001_0047.uasset" 6681
"/Engine/EngineMaterials/Substrate/Glints2/dict_0001_0043" 6682
"../../../Engine/Content/EngineMaterials/Substrate/Glints2/dict_0001_0054.uasset" 6683
"/Engine/EngineMaterials/Substrate/Glints2/dict_0001_0046" 6684
"/Engine/EngineMaterials/Substrate/Glints2/dict_0001_0055" 6685
"/Engine/EngineMaterials/Substrate/Glints2/dict_0001_0053" 6686
"/Engine/EngineMaterials/Substrate/Glints2/dict_0001_0052" 6687
"/Engine/EngineMaterials/Substrate/Glints2/dict_0001_0051" 6688
"/Engine/EngineMaterials/Substrate/Glints2/dict_0001_0050" 6689
"/Engine/EngineMaterials/Substrate/Glints2/dict_0001_0049" 6690
"/Engine/EngineMaterials/Substrate/Glints2/dict_0001_0048" 6691
"../../../Engine/Content/EngineMaterials/Substrate/Glints2/dict_0001_0059.uasset" 6692
"/Engine/EngineMaterials/Substrate/Glints2/dict_0001_0047" 6693
"../../../Engine/Content/EngineMaterials/Substrate/Glints2/dict_0001_0056.uasset" 6694
"../../../Engine/Content/EngineMaterials/Substrate/Glints2/dict_0001_0060.uasset" 6695
"/Engine/EngineMaterials/Substrate/Glints2/dict_0001_0045" 6696
"../../../Engine/Content/EngineMaterials/Substrate/Glints2/dict_0001_0058.uasset" 6697
"../../../Engine/Content/EngineMaterials/Substrate/Glints2/dict_0001_0057.uasset" 6698
"/Engine/EngineMaterials/Substrate/Glints2/dict_0001_0044" 6699
"/Engine/EngineMaterials/Substrate/Glints2/dict_0001_0060" 6700
"/Engine/EngineMaterials/Substrate/Glints2/dict_0001_0059" 6701
"/Engine/EngineMaterials/Substrate/Glints2/dict_0001_0058" 6702
"/Engine/EngineMaterials/Substrate/Glints2/dict_0001_0057" 6703
"/Engine/EngineMaterials/Substrate/Glints2/dict_0001_0056" 6704
"/Engine/EngineMaterials/Substrate/Glints2/dict_0001_0054" 6705
"../../../Engine/Content/EngineMaterials/Substrate/Glints2/dict_0001_0063.uasset" 6706
"../../../Engine/Content/EngineMaterials/Substrate/Glints2/dict_0001_0062.uasset" 6707
"../../../Engine/Content/EngineMaterials/Substrate/Glints2/dict_0001_0061.uasset" 6708
"../../../Engine/Content/EngineMaterials/Substrate/Glints2/dict_0001_0066.uasset" 6709
"../../../Engine/Content/EngineMaterials/Substrate/Glints2/dict_0001_0068.uasset" 6710
"../../../Engine/Content/EngineMaterials/Substrate/Glints2/dict_0001_0067.uasset" 6711
"../../../Engine/Content/EngineMaterials/Substrate/Glints2/dict_0001_0064.uasset" 6712
"../../../Engine/Content/EngineMaterials/Substrate/Glints2/dict_0001_0065.uasset" 6713
"../../../Engine/Content/EngineMaterials/Substrate/Glints2/dict_0001_0075.uasset" 6714
"../../../Engine/Content/EngineMaterials/Substrate/Glints2/dict_0001_0072.uasset" 6715
"../../../Engine/Content/EngineMaterials/Substrate/Glints2/dict_0001_0073.uasset" 6716
"../../../Engine/Content/EngineMaterials/Substrate/Glints2/dict_0001_0076.uasset" 6717
"../../../Engine/Content/EngineMaterials/Substrate/Glints2/dict_0001_0069.uasset" 6718
"../../../Engine/Content/EngineMaterials/Substrate/Glints2/dict_0001_0079.uasset" 6719
"../../../Engine/Content/EngineMaterials/Substrate/Glints2/dict_0001_0074.uasset" 6720
"../../../Engine/Content/EngineMaterials/Substrate/Glints2/dict_0001_0081.uasset" 6721
"../../../Engine/Content/EngineMaterials/Substrate/Glints2/dict_0001_0070.uasset" 6722
"../../../Engine/Content/EngineMaterials/Substrate/Glints2/dict_0001_0071.uasset" 6723
"../../../Engine/Content/EngineMaterials/Substrate/Glints2/dict_0001_0082.uasset" 6724
"../../../Engine/Content/EngineMaterials/Substrate/Glints2/dict_0001_0077.uasset" 6725
"../../../Engine/Content/EngineMaterials/Substrate/Glints2/dict_0001_0084.uasset" 6726
"../../../Engine/Content/EngineMaterials/Substrate/Glints2/dict_0001_0083.uasset" 6727
"../../../Engine/Content/EngineMaterials/Substrate/Glints2/dict_0001_0091.uasset" 6728
"../../../Engine/Content/EngineMaterials/Substrate/Glints2/dict_0001_0087.uasset" 6729
"../../../Engine/Content/EngineMaterials/Substrate/Glints2/dict_0001_0085.uasset" 6730
"../../../Engine/Content/EngineMaterials/Substrate/Glints2/dict_0001_0080.uasset" 6731
"../../../Engine/Content/EngineMaterials/Substrate/Glints2/dict_0001_0092.uasset" 6732
"../../../Engine/Content/EngineMaterials/Substrate/Glints2/dict_0001_0090.uasset" 6733
"../../../Engine/Content/EngineMaterials/Substrate/Glints2/dict_0001_0088.uasset" 6734
"../../../Engine/Content/EngineMaterials/Substrate/Glints2/dict_0001_0086.uasset" 6735
"../../../Engine/Content/EngineMaterials/Substrate/Glints2/dict_0001_0089.uasset" 6736
"../../../Engine/Content/EngineMaterials/Substrate/Glints2/dict_0001_0078.uasset" 6737
"/Engine/EngineMaterials/Substrate/Glints2/dict_0001_0086" 6738
"/Engine/EngineMaterials/Substrate/Glints2/dict_0001_0073" 6739
"/Engine/EngineMaterials/Substrate/Glints2/dict_0001_0092" 6740
"/Engine/EngineMaterials/Substrate/Glints2/dict_0001_0091" 6741
"/Engine/EngineMaterials/Substrate/Glints2/dict_0001_0069" 6742
"/Engine/EngineMaterials/Substrate/Glints2/dict_0001_0085" 6743
"/Engine/EngineMaterials/Substrate/Glints2/dict_0001_0090" 6744
"/Engine/EngineMaterials/Substrate/Glints2/dict_0001_0072" 6745
"/Engine/EngineMaterials/Substrate/Glints2/dict_0001_0089" 6746
"/Engine/EngineMaterials/Substrate/Glints2/dict_0001_0088" 6747
"/Engine/EngineMaterials/Substrate/Glints2/dict_0001_0084" 6748
"/Engine/EngineMaterials/Substrate/Glints2/dict_0001_0068" 6749
"/Engine/EngineMaterials/Substrate/Glints2/dict_0001_0087" 6750
"/Engine/EngineMaterials/Substrate/Glints2/dict_0001_0083" 6751
"/Engine/EngineMaterials/Substrate/Glints2/dict_0001_0074" 6752
"/Engine/EngineMaterials/Substrate/Glints2/dict_0001_0082" 6753
"/Engine/EngineMaterials/Substrate/Glints2/dict_0001_0071" 6754
"/Engine/EngineMaterials/Substrate/Glints2/dict_0001_0067" 6755
"/Engine/EngineMaterials/Substrate/Glints2/dict_0001_0070" 6756
"/Engine/EngineMaterials/Substrate/Glints2/dict_0001_0066" 6757
"/Engine/EngineMaterials/Substrate/Glints2/dict_0001_0081" 6758
"/Engine/EngineMaterials/Substrate/Glints2/dict_0001_0080" 6759
"/Engine/EngineMaterials/Substrate/Glints2/dict_0001_0079" 6760
"/Engine/EngineMaterials/Substrate/Glints2/dict_0001_0078" 6761
"/Engine/EngineMaterials/Substrate/Glints2/dict_0001_0065" 6762
"/Engine/EngineMaterials/Substrate/Glints2/dict_0001_0064" 6763
"/Engine/EngineMaterials/Substrate/Glints2/dict_0001_0077" 6764
"/Engine/EngineMaterials/Substrate/Glints2/dict_0001_0063" 6765
"/Engine/EngineMaterials/Substrate/Glints2/dict_0001_0062" 6766
"/Engine/EngineMaterials/Substrate/Glints2/dict_0001_0076" 6767
"/Engine/EngineMaterials/Substrate/Glints2/dict_0001_0075" 6768
"/Engine/EngineMaterials/Substrate/Glints2/dict_0001_0061" 6769
"../../../Engine/Content/EngineMaterials/Substrate/Glints2/dict_0001_0096.uasset" 6770
"../../../Engine/Content/EngineMaterials/Substrate/Glints2/dict_0001_0097.uasset" 6771
"../../../Engine/Content/EngineMaterials/Substrate/Glints2/dict_0001_0094.uasset" 6772
"../../../Engine/Content/EngineMaterials/Substrate/Glints2/dict_0001_0095.uasset" 6773
"../../../Engine/Content/EngineMaterials/Substrate/Glints2/dict_0001_0093.uasset" 6774
"/Engine/EngineMaterials/Substrate/Glints2/dict_0001_0097" 6775
"/Engine/EngineMaterials/Substrate/Glints2/dict_0001_0096" 6776
"/Engine/EngineMaterials/Substrate/Glints2/dict_0001_0095" 6777
"/Engine/EngineMaterials/Substrate/Glints2/dict_0001_0094" 6778
"/Engine/EngineMaterials/Substrate/Glints2/dict_0001_0093" 6779
"../../../Engine/Content/EngineMaterials/Substrate/Glints2/dict_0001_0102.uasset" 6780
"../../../Engine/Content/EngineMaterials/Substrate/Glints2/dict_0001_0101.uasset" 6781
"../../../Engine/Content/EngineMaterials/Substrate/Glints2/dict_0001_0100.uasset" 6782
"../../../Engine/Content/EngineMaterials/Substrate/Glints2/dict_0001_0099.uasset" 6783
"../../../Engine/Content/EngineMaterials/Substrate/Glints2/dict_0001_0103.uasset" 6784
"../../../Engine/Content/EngineMaterials/Substrate/Glints2/dict_0001_0104.uasset" 6785
"../../../Engine/Content/EngineMaterials/Substrate/Glints2/dict_0001_0098.uasset" 6786
"/Engine/EngineMaterials/Substrate/Glints2/dict_0001_0104" 6787
"/Engine/EngineMaterials/Substrate/Glints2/dict_0001_0103" 6788
"/Engine/EngineMaterials/Substrate/Glints2/dict_0001_0102" 6789
"/Engine/EngineMaterials/Substrate/Glints2/dict_0001_0101" 6790
"../../../Engine/Content/EngineMaterials/Substrate/Glints2/dict_0001_0107.uasset" 6791
"/Engine/EngineMaterials/Substrate/Glints2/dict_0001_0100" 6792
"../../../Engine/Content/EngineMaterials/Substrate/Glints2/dict_0001_0113.uasset" 6793
"../../../Engine/Content/EngineMaterials/Substrate/Glints2/dict_0001_0108.uasset" 6794
"../../../Engine/Content/EngineMaterials/Substrate/Glints2/dict_0001_0115.uasset" 6795
"/Engine/EngineMaterials/Substrate/Glints2/dict_0001_0099" 6796
"../../../Engine/Content/EngineMaterials/Substrate/Glints2/dict_0001_0106.uasset" 6797
"../../../Engine/Content/EngineMaterials/Substrate/Glints2/dict_0001_0109.uasset" 6798
"../../../Engine/Content/EngineMaterials/Substrate/Glints2/dict_0001_0114.uasset" 6799
"../../../Engine/Content/EngineMaterials/Substrate/Glints2/dict_0001_0111.uasset" 6800
"../../../Engine/Content/EngineMaterials/Substrate/Glints2/dict_0001_0112.uasset" 6801
"/Engine/EngineMaterials/Substrate/Glints2/dict_0001_0098" 6802
"../../../Engine/Content/EngineMaterials/Substrate/Glints2/dict_0001_0110.uasset" 6803
"/Engine/EngineMaterials/Substrate/Glints2/dict_0001_0115" 6804
"/Engine/EngineMaterials/Substrate/Glints2/dict_0001_0114" 6805
"/Engine/EngineMaterials/Substrate/Glints2/dict_0001_0113" 6806
"/Engine/EngineMaterials/Substrate/Glints2/dict_0001_0112" 6807
"/Engine/EngineMaterials/Substrate/Glints2/dict_0001_0111" 6808
"/Engine/EngineMaterials/Substrate/Glints2/dict_0001_0110" 6809
"/Engine/EngineMaterials/Substrate/Glints2/dict_0001_0109" 6810
"/Engine/EngineMaterials/Substrate/Glints2/dict_0001_0108" 6811
"/Engine/EngineMaterials/Substrate/Glints2/dict_0001_0107" 6812
"/Engine/EngineMaterials/Substrate/Glints2/dict_0001_0106" 6813
"../../../Engine/Content/EngineMaterials/Substrate/Glints2/dict_0001_0116.uasset" 6814
"/Engine/EngineMaterials/Substrate/Glints2/dict_0001_0116" 6815
"../../../Engine/Content/EngineMaterials/Substrate/Glints2/dict_0001_0118.uasset" 6816
"../../../Engine/Content/EngineMaterials/Substrate/Glints2/dict_0001_0120.uasset" 6817
"../../../Engine/Content/EngineMaterials/Substrate/Glints2/dict_0001_0119.uasset" 6818
"../../../Engine/Content/EngineMaterials/Substrate/Glints2/dict_0001_0124.uasset" 6819
"../../../Engine/Content/EngineMaterials/Substrate/Glints2/dict_0001_0117.uasset" 6820
"../../../Engine/Content/EngineMaterials/Substrate/Glints2/dict_0001_0123.uasset" 6821
"../../../Engine/Content/EngineMaterials/Substrate/Glints2/dict_0001_0122.uasset" 6822
"../../../Engine/Content/EngineMaterials/Substrate/Glints2/dict_0001_0121.uasset" 6823
"../../../Engine/Content/EngineMaterials/Substrate/Glints2/dict_0001_0125.uasset" 6824
"../../../Engine/Content/EngineMaterials/Substrate/Glints2/dict_0001_0105.uasset" 6825
"../../../Engine/Content/EngineMaterials/Substrate/Glints2/dict_0001_0126.uasset" 6826
"../../../Engine/Content/EngineMaterials/Substrate/Glints2/dict_0001_0131.uasset" 6827
"../../../Engine/Content/EngineMaterials/Substrate/Glints2/dict_0001_0132.uasset" 6828
"../../../Engine/Content/EngineMaterials/Substrate/Glints2/dict_0001_0128.uasset" 6829
"../../../Engine/Content/EngineMaterials/Substrate/Glints2/dict_0001_0130.uasset" 6830
"../../../Engine/Content/EngineMaterials/Substrate/Glints2/dict_0001_0129.uasset" 6831
"../../../Engine/Content/EngineMaterials/Substrate/Glints2/dict_0001_0138.uasset" 6832
"../../../Engine/Content/EngineMaterials/Substrate/Glints2/dict_0001_0133.uasset" 6833
"../../../Engine/Content/EngineMaterials/Substrate/Glints2/dict_0001_0137.uasset" 6834
"../../../Engine/Content/EngineMaterials/Substrate/Glints2/dict_0001_0127.uasset" 6835
"../../../Engine/Content/EngineMaterials/Substrate/Glints2/dict_0001_0134.uasset" 6836
"../../../Engine/Content/EngineMaterials/Substrate/Glints2/dict_0001_0136.uasset" 6837
"../../../Engine/Content/EngineMaterials/Substrate/Glints2/dict_0001_0141.uasset" 6838
"../../../Engine/Content/EngineMaterials/Substrate/Glints2/dict_0001_0142.uasset" 6839
"../../../Engine/Content/EngineMaterials/Substrate/Glints2/dict_0001_0143.uasset" 6840
"../../../Engine/Content/EngineMaterials/Substrate/Glints2/dict_0001_0135.uasset" 6841
"../../../Engine/Content/EngineMaterials/Substrate/Glints2/dict_0001_0139.uasset" 6842
"../../../Engine/Content/EngineMaterials/Substrate/Glints2/dict_0001_0146.uasset" 6843
"../../../Engine/Content/EngineMaterials/Substrate/Glints2/dict_0001_0144.uasset" 6844
"../../../Engine/Content/EngineMaterials/Substrate/Glints2/dict_0001_0147.uasset" 6845
"../../../Engine/Content/EngineMaterials/Substrate/Glints2/dict_0001_0145.uasset" 6846
"../../../Engine/Content/EngineMaterials/Substrate/Glints2/dict_0001_0140.uasset" 6847
"C:/Users/WenzinOL/Documents/GitHub/MyProject-River/DerivedDataCache/VT/TEXTURE_7C16439390E24F1F9468894FB4D4BC55_VTCHUNK967C747FFC357A828288FA05D93CD5DCECDA891B" 6848
"C:/Users/WenzinOL/Documents/GitHub/MyProject-River/DerivedDataCache/VT/TEXTURE_7C16439390E24F1F9468894FB4D4BC55_VTCHUNK2A5F9F60441DA258D18B46D59C64D5BAD50E8EE3" 6849
"C:/Users/WenzinOL/Documents/GitHub/MyProject-River/DerivedDataCache/VT/TEXTURE_7C16439390E24F1F9468894FB4D4BC55_VTCHUNK44B429B40BB45A070EB17C1259C28734996A2F49" 6850
"C:/Users/WenzinOL/Documents/GitHub/MyProject-River/DerivedDataCache/VT/TEXTURE_7C16439390E24F1F9468894FB4D4BC55_VTCHUNK02D4C3BCAD7DFA48AB32B8281FB06B8B83DB6275" 6851
"C:/Users/WenzinOL/Documents/GitHub/MyProject-River/DerivedDataCache/VT/TEXTURE_7C16439390E24F1F9468894FB4D4BC55_VTCHUNKC0393DE8C5B4673D99D1BECB92AA8C1F72FEB491" 6852
"/Engine/EngineMaterials/Substrate/Glints2/dict_0001_0124" 6853
"/Engine/EngineMaterials/Substrate/Glints2/dict_0001_0123" 6854
"/Engine/EngineMaterials/Substrate/Glints2/dict_0001_0122" 6855
"/Engine/EngineMaterials/Substrate/Glints2/dict_0001_0121" 6856
"/Engine/EngineMaterials/Substrate/Glints2/dict_0001_0120" 6857
"/Engine/EngineMaterials/Substrate/Glints2/dict_0001_0119" 6858
"/Engine/EngineMaterials/Substrate/Glints2/dict_0001_0118" 6859
"/Engine/EngineMaterials/Substrate/Glints2/dict_0001_0117" 6860
"/Engine/EngineMaterials/Substrate/Glints2/dict_0001_0147" 6861
"/Engine/EngineMaterials/Substrate/Glints2/dict_0001_0146" 6862
"/Engine/EngineMaterials/Substrate/Glints2/dict_0001_0145" 6863
"/Engine/EngineMaterials/Substrate/Glints2/dict_0001_0144" 6864
"/Engine/EngineMaterials/Substrate/Glints2/dict_0001_0143" 6865
"/Engine/EngineMaterials/Substrate/Glints2/dict_0001_0142" 6866
"/Engine/EngineMaterials/Substrate/Glints2/dict_0001_0141" 6867
"/Engine/EngineMaterials/Substrate/Glints2/dict_0001_0140" 6868
"/Engine/EngineMaterials/Substrate/Glints2/dict_0001_0139" 6869
"/Engine/EngineMaterials/Substrate/Glints2/dict_0001_0138" 6870
"/Engine/EngineMaterials/Substrate/Glints2/dict_0001_0137" 6871
"/Engine/EngineMaterials/Substrate/Glints2/dict_0001_0105" 6872
"/Engine/EngineMaterials/Substrate/Glints2/dict_0001_0136" 6873
"/Engine/EngineMaterials/Substrate/Glints2/dict_0001_0135" 6874
"/Engine/EngineMaterials/Substrate/Glints2/dict_0001_0134" 6875
"/Engine/EngineMaterials/Substrate/Glints2/dict_0001_0133" 6876
"/Engine/EngineMaterials/Substrate/Glints2/dict_0001_0132" 6877
"/Engine/EngineMaterials/Substrate/Glints2/dict_0001_0131" 6878
"/Engine/EngineMaterials/Substrate/Glints2/dict_0001_0130" 6879
"/Engine/EngineMaterials/Substrate/Glints2/dict_0001_0129" 6880
"/Engine/EngineMaterials/Substrate/Glints2/dict_0001_0128" 6881
"/Engine/EngineMaterials/Substrate/Glints2/dict_0001_0127" 6882
"/Engine/EngineMaterials/Substrate/Glints2/dict_0001_0126" 6883
"/Engine/EngineMaterials/Substrate/Glints2/dict_0001_0125" 6884
"../../../Engine/Content/EngineMaterials/Substrate/Glints2/dict_0001_0148.uasset" 6885
"../../../Engine/Content/EngineMaterials/Substrate/Glints2/dict_0001_0149.uasset" 6886
"../../../Engine/Content/EngineMaterials/Substrate/Glints2/dict_0001_0150.uasset" 6887
"../../../Engine/Content/EngineMaterials/Substrate/Glints2/dict_0001_0151.uasset" 6888
"../../../Engine/Content/EngineMaterials/Substrate/Glints2/dict_0001_0152.uasset" 6889
"../../../Engine/Content/EngineMaterials/Substrate/Glints2/dict_0001_0153.uasset" 6890
"../../../Engine/Content/EngineMaterials/Substrate/Glints2/dict_0001_0154.uasset" 6891
"../../../Engine/Content/EngineMaterials/Substrate/Glints2/dict_0001_0155.uasset" 6892
"../../../Engine/Content/EngineMaterials/Substrate/Glints2/dict_0001_0156.uasset" 6893
"../../../Engine/Content/EngineMaterials/Substrate/Glints2/dict_0001_0157.uasset" 6894
"../../../Engine/Content/EngineMaterials/Substrate/Glints2/dict_0001_0158.uasset" 6895
"../../../Engine/Content/EngineMaterials/Substrate/Glints2/dict_0001_0159.uasset" 6896
"../../../Engine/Content/EngineMaterials/Substrate/Glints2/dict_0001_0163.uasset" 6897
"../../../Engine/Content/EngineMaterials/Substrate/Glints2/dict_0001_0162.uasset" 6898
"../../../Engine/Content/EngineMaterials/Substrate/Glints2/dict_0001_0161.uasset" 6899
"../../../Engine/Content/EngineMaterials/Substrate/Glints2/dict_0001_0160.uasset" 6900
"../../../Engine/Content/EngineMaterials/Substrate/Glints2/dict_0001_0165.uasset" 6901
"../../../Engine/Content/EngineMaterials/Substrate/Glints2/dict_0001_0166.uasset" 6902
"../../../Engine/Content/EngineMaterials/Substrate/Glints2/dict_0001_0167.uasset" 6903
"../../../Engine/Content/EngineMaterials/Substrate/Glints2/dict_0001_0172.uasset" 6904
"../../../Engine/Content/EngineMaterials/Substrate/Glints2/dict_0001_0168.uasset" 6905
"../../../Engine/Content/EngineMaterials/Substrate/Glints2/dict_0001_0164.uasset" 6906
"../../../Engine/Content/EngineMaterials/Substrate/Glints2/dict_0001_0169.uasset" 6907
"../../../Engine/Content/EngineMaterials/Substrate/Glints2/dict_0001_0171.uasset" 6908
"../../../Engine/Content/EngineMaterials/Substrate/Glints2/dict_0001_0170.uasset" 6909
"../../../Engine/Content/EngineMaterials/Substrate/Glints2/dict_0001_0173.uasset" 6910
"../../../Engine/Content/EngineMaterials/Substrate/Glints2/dict_0001_0176.uasset" 6911
"../../../Engine/Content/EngineMaterials/Substrate/Glints2/dict_0001_0179.uasset" 6912
"../../../Engine/Content/EngineMaterials/Substrate/Glints2/dict_0001_0177.uasset" 6913
"../../../Engine/Content/EngineMaterials/Substrate/Glints2/dict_0001_0174.uasset" 6914
"../../../Engine/Content/EngineMaterials/Substrate/Glints2/dict_0001_0178.uasset" 6915
"../../../Engine/Content/EngineMaterials/Substrate/Glints2/dict_0001_0175.uasset" 6916
"/Engine/EngineMaterials/Substrate/Glints2/dict_0001_0179" 6917
"/Engine/EngineMaterials/Substrate/Glints2/dict_0001_0178" 6918
"/Engine/EngineMaterials/Substrate/Glints2/dict_0001_0177" 6919
"/Engine/EngineMaterials/Substrate/Glints2/dict_0001_0176" 6920
"/Engine/EngineMaterials/Substrate/Glints2/dict_0001_0175" 6921
"/Engine/EngineMaterials/Substrate/Glints2/dict_0001_0174" 6922
"/Engine/EngineMaterials/Substrate/Glints2/dict_0001_0173" 6923
"/Engine/EngineMaterials/Substrate/Glints2/dict_0001_0172" 6924
"/Engine/EngineMaterials/Substrate/Glints2/dict_0001_0171" 6925
"/Engine/EngineMaterials/Substrate/Glints2/dict_0001_0170" 6926
"/Engine/EngineMaterials/Substrate/Glints2/dict_0001_0169" 6927
"/Engine/EngineMaterials/Substrate/Glints2/dict_0001_0168" 6928
"/Engine/EngineMaterials/Substrate/Glints2/dict_0001_0167" 6929
"/Engine/EngineMaterials/Substrate/Glints2/dict_0001_0166" 6930
"/Engine/EngineMaterials/Substrate/Glints2/dict_0001_0165" 6931
"/Engine/EngineMaterials/Substrate/Glints2/dict_0001_0164" 6932
"/Engine/EngineMaterials/Substrate/Glints2/dict_0001_0163" 6933
"/Engine/EngineMaterials/Substrate/Glints2/dict_0001_0162" 6934
"/Engine/EngineMaterials/Substrate/Glints2/dict_0001_0161" 6935
"/Engine/EngineMaterials/Substrate/Glints2/dict_0001_0160" 6936
"/Engine/EngineMaterials/Substrate/Glints2/dict_0001_0159" 6937
"/Engine/EngineMaterials/Substrate/Glints2/dict_0001_0158" 6938
"/Engine/EngineMaterials/Substrate/Glints2/dict_0001_0157" 6939
"/Engine/EngineMaterials/Substrate/Glints2/dict_0001_0156" 6940
"/Engine/EngineMaterials/Substrate/Glints2/dict_0001_0155" 6941
"/Engine/EngineMaterials/Substrate/Glints2/dict_0001_0154" 6942
"/Engine/EngineMaterials/Substrate/Glints2/dict_0001_0153" 6943
"/Engine/EngineMaterials/Substrate/Glints2/dict_0001_0152" 6944
"/Engine/EngineMaterials/Substrate/Glints2/dict_0001_0151" 6945
"/Engine/EngineMaterials/Substrate/Glints2/dict_0001_0150" 6946
"/Engine/EngineMaterials/Substrate/Glints2/dict_0001_0149" 6947
"/Engine/EngineMaterials/Substrate/Glints2/dict_0001_0148" 6948
"../../../Engine/Content/EngineMaterials/Substrate/Glints2/dict_0001_0182.uasset" 6949
"../../../Engine/Content/EngineMaterials/Substrate/Glints2/dict_0001_0181.uasset" 6950
"../../../Engine/Content/EngineMaterials/Substrate/Glints2/dict_0001_0180.uasset" 6951
"/Engine/EngineMaterials/Substrate/Glints2/dict_0001_0182" 6952
"/Engine/EngineMaterials/Substrate/Glints2/dict_0001_0181" 6953
"/Engine/EngineMaterials/Substrate/Glints2/dict_0001_0180" 6954
"../../../Engine/Content/EngineMaterials/Substrate/Glints2/dict_0001_0185.uasset" 6955
"../../../Engine/Content/EngineMaterials/Substrate/Glints2/dict_0001_0184.uasset" 6956
"../../../Engine/Content/EngineMaterials/Substrate/Glints2/dict_0001_0183.uasset" 6957
"../../../Engine/Content/EngineMaterials/Substrate/Glints2/dict_0001_0186.uasset" 6958
"/Engine/EngineMaterials/Substrate/Glints2/dict_0001_0186" 6959
"/Engine/EngineMaterials/Substrate/Glints2/dict_0001_0185" 6960
"../../../Engine/Content/EngineMaterials/Substrate/Glints2/dict_0001_0187.uasset" 6961
"/Engine/EngineMaterials/Substrate/Glints2/dict_0001_0184" 6962
"/Engine/EngineMaterials/Substrate/Glints2/dict_0001_0183" 6963
"/Engine/EngineMaterials/Substrate/Glints2/dict_0001_0187" 6964
"../../../Engine/Content/EngineMaterials/Substrate/Glints2/dict_0001_0189.uasset" 6965
"../../../Engine/Content/EngineMaterials/Substrate/Glints2/dict_0001_0188.uasset" 6966
"../../../Engine/Content/EngineMaterials/Substrate/Glints2/dict_0001_0190.uasset" 6967
"../../../Engine/Content/EngineMaterials/Substrate/Glints2/dict_0001_0197.uasset" 6968
"/Engine/EngineMaterials/Substrate/Glints2/dict_0001_0197" 6969
"../../../Engine/Content/EngineMaterials/Substrate/Glints2/dict_0001_0193.uasset" 6970
"../../../Engine/Content/EngineMaterials/Substrate/Glints2/dict_0001_0196.uasset" 6971
"../../../Engine/Content/EngineMaterials/Substrate/Glints2/dict_0001_0192.uasset" 6972
"/Engine/EngineMaterials/Substrate/Glints2/dict_0001_0190" 6973
"/Engine/EngineMaterials/Substrate/Glints2/dict_0001_0189" 6974
"/Engine/EngineMaterials/Substrate/Glints2/dict_0001_0188" 6975
"/Engine/EngineMaterials/Substrate/Glints2/dict_0001_0196" 6976
"../../../Engine/Content/EngineMaterials/Substrate/Glints2/dict_0001_0191.uasset" 6977
"/Engine/EngineMaterials/Substrate/Glints2/dict_0001_0193" 6978
"/Engine/EngineMaterials/Substrate/Glints2/dict_0001_0192" 6979
"/Engine/EngineMaterials/Substrate/Glints2/dict_0001_0191" 6980
"../../../Engine/Content/EngineMaterials/Substrate/Glints2/dict_0001_0195.uasset" 6981
"../../../Engine/Content/EngineMaterials/Substrate/Glints2/dict_0001_0198.uasset" 6982
"../../../Engine/Content/EngineMaterials/Substrate/Glints2/dict_0001_0194.uasset" 6983
"../../../Engine/Content/EngineMaterials/Substrate/Glints2/dict_0001_0199.uasset" 6984
"../../../Engine/Content/EngineMaterials/Substrate/Glints2/dict_0001_0204.uasset" 6985
"../../../Engine/Content/EngineMaterials/Substrate/Glints2/dict_0001_0200.uasset" 6986
"../../../Engine/Content/EngineMaterials/Substrate/Glints2/dict_0001_0201.uasset" 6987
"../../../Engine/Content/EngineMaterials/Substrate/Glints2/dict_0001_0202.uasset" 6988
"/Engine/EngineMaterials/Substrate/Glints2/dict_0001_0204" 6989
"../../../Engine/Content/EngineMaterials/Substrate/Glints2/dict_0001_0203.uasset" 6990
"/Engine/EngineMaterials/Substrate/Glints2/dict_0001_0202" 6991
"/Engine/EngineMaterials/Substrate/Glints2/dict_0001_0201" 6992
"/Engine/EngineMaterials/Substrate/Glints2/dict_0001_0200" 6993
"../../../Engine/Content/EngineMaterials/Substrate/Glints2/dict_0001_0207.uasset" 6994
"/Engine/EngineMaterials/Substrate/Glints2/dict_0001_0199" 6995
"/Engine/EngineMaterials/Substrate/Glints2/dict_0001_0198" 6996
"/Engine/EngineMaterials/Substrate/Glints2/dict_0001_0195" 6997
"/Engine/EngineMaterials/Substrate/Glints2/dict_0001_0194" 6998
"../../../Engine/Content/EngineMaterials/Substrate/Glints2/dict_0001_0205.uasset" 6999
"/Engine/EngineMaterials/Substrate/Glints2/dict_0001_0207" 7000
"/Engine/EngineMaterials/Substrate/Glints2/dict_0001_0203" 7001
"/Engine/EngineMaterials/Substrate/Glints2/dict_0001_0205" 7002
"../../../Engine/Content/EngineMaterials/Substrate/Glints2/dict_0001_0208.uasset" 7003
"/Engine/EngineMaterials/Substrate/Glints2/dict_0001_0208" 7004
"../../../Engine/Content/EngineMaterials/Substrate/Glints2/dict_0001_0206.uasset" 7005
"/Engine/EngineMaterials/Substrate/Glints2/dict_0001_0206" 7006
"../../../Engine/Content/EngineMaterials/Substrate/Glints2/dict_0001_0209.uasset" 7007
"/Engine/EngineMaterials/Substrate/Glints2/dict_0001_0209" 7008
"../../../Engine/Content/EngineMaterials/Substrate/Glints2/dict_0001_0213.uasset" 7009
"../../../Engine/Content/EngineMaterials/Substrate/Glints2/dict_0001_0212.uasset" 7010
"../../../Engine/Content/EngineMaterials/Substrate/Glints2/dict_0001_0210.uasset" 7011
"../../../Engine/Content/EngineMaterials/Substrate/Glints2/dict_0001_0215.uasset" 7012
"../../../Engine/Content/EngineMaterials/Substrate/Glints2/dict_0001_0211.uasset" 7013
"../../../Engine/Content/EngineMaterials/Substrate/Glints2/dict_0001_0214.uasset" 7014
"/Engine/EngineMaterials/Substrate/Glints2/dict_0001_0211" 7015
"../../../Engine/Content/EngineMaterials/Substrate/Glints2/dict_0001_0216.uasset" 7016
"../../../Engine/Content/EngineMaterials/Substrate/Glints2/dict_0001_0218.uasset" 7017
"../../../Engine/Content/EngineMaterials/Substrate/Glints2/dict_0001_0220.uasset" 7018
"/Engine/EngineMaterials/Substrate/Glints2/dict_0001_0210" 7019
"../../../Engine/Content/EngineMaterials/Substrate/Glints2/dict_0001_0222.uasset" 7020
"../../../Engine/Content/EngineMaterials/Substrate/Glints2/dict_0001_0225.uasset" 7021
"/Engine/EngineMaterials/Substrate/Glints2/dict_0001_0215" 7022
"../../../Engine/Content/EngineMaterials/Substrate/Glints2/dict_0001_0219.uasset" 7023
"../../../Engine/Content/EngineMaterials/Substrate/Glints2/dict_0001_0224.uasset" 7024
"/Engine/EngineMaterials/Substrate/Glints2/dict_0001_0214" 7025
"../../../Engine/Content/EngineMaterials/Substrate/Glints2/dict_0001_0223.uasset" 7026
"/Engine/EngineMaterials/Substrate/Glints2/dict_0001_0213" 7027
"/Engine/EngineMaterials/Substrate/Glints2/dict_0001_0212" 7028
"../../../Engine/Content/EngineMaterials/Substrate/Glints2/dict_0001_0221.uasset" 7029
"/Engine/EngineMaterials/Substrate/Glints2/dict_0001_0223" 7030
"../../../Engine/Content/EngineMaterials/Substrate/Glints2/dict_0001_0227.uasset" 7031
"/Engine/EngineMaterials/Substrate/Glints2/dict_0001_0225" 7032
"/Engine/EngineMaterials/Substrate/Glints2/dict_0001_0224" 7033
"/Engine/EngineMaterials/Substrate/Glints2/dict_0001_0222" 7034
"../../../Engine/Content/EngineMaterials/Substrate/Glints2/dict_0001_0226.uasset" 7035
"/Engine/EngineMaterials/Substrate/Glints2/dict_0001_0220" 7036
"/Engine/EngineMaterials/Substrate/Glints2/dict_0001_0219" 7037
"/Engine/EngineMaterials/Substrate/Glints2/dict_0001_0218" 7038
"/Engine/EngineMaterials/Substrate/Glints2/dict_0001_0216" 7039
"/Engine/EngineMaterials/Substrate/Glints2/dict_0001_0226" 7040
"/Engine/EngineMaterials/Substrate/Glints2/dict_0001_0227" 7041
"/Engine/EngineMaterials/Substrate/Glints2/dict_0001_0221" 7042
"../../../Engine/Content/EngineMaterials/Substrate/Glints2/dict_0001_0232.uasset" 7043
"../../../Engine/Content/EngineMaterials/Substrate/Glints2/dict_0001_0231.uasset" 7044
"../../../Engine/Content/EngineMaterials/Substrate/Glints2/dict_0001_0228.uasset" 7045
"../../../Engine/Content/EngineMaterials/Substrate/Glints2/dict_0001_0217.uasset" 7046
"../../../Engine/Content/EngineMaterials/Substrate/Glints2/dict_0001_0235.uasset" 7047
"../../../Engine/Content/EngineMaterials/Substrate/Glints2/dict_0001_0238.uasset" 7048
"../../../Engine/Content/EngineMaterials/Substrate/Glints2/dict_0001_0234.uasset" 7049
"../../../Engine/Content/EngineMaterials/Substrate/Glints2/dict_0001_0229.uasset" 7050
"../../../Engine/Content/EngineMaterials/Substrate/Glints2/dict_0001_0240.uasset" 7051
"../../../Engine/Content/EngineMaterials/Substrate/Glints2/dict_0001_0237.uasset" 7052
"../../../Engine/Content/EngineMaterials/Substrate/Glints2/dict_0001_0230.uasset" 7053
"../../../Engine/Content/EngineMaterials/Substrate/Glints2/dict_0001_0233.uasset" 7054
"../../../Engine/Content/EngineMaterials/Substrate/Glints2/dict_0001_0236.uasset" 7055
"/Engine/EngineMaterials/Substrate/Glints2/dict_0001_0237" 7056
"/Engine/EngineMaterials/Substrate/Glints2/dict_0001_0240" 7057
"/Engine/EngineMaterials/Substrate/Glints2/dict_0001_0238" 7058
"/Engine/EngineMaterials/Substrate/Glints2/dict_0001_0235" 7059
"/Engine/EngineMaterials/Substrate/Glints2/dict_0001_0236" 7060
"/Engine/EngineMaterials/Substrate/Glints2/dict_0001_0234" 7061
"../../../Engine/Content/EngineMaterials/Substrate/Glints2/dict_0001_0239.uasset" 7062
"/Engine/EngineMaterials/Substrate/Glints2/dict_0001_0233" 7063
"../../../Engine/Content/EngineMaterials/Substrate/Glints2/dict_0001_0247.uasset" 7064
"../../../Engine/Content/EngineMaterials/Substrate/Glints2/dict_0001_0243.uasset" 7065
"../../../Engine/Content/EngineMaterials/Substrate/Glints2/dict_0001_0242.uasset" 7066
"../../../Engine/Content/EngineMaterials/Substrate/Glints2/dict_0001_0241.uasset" 7067
"/Engine/EngineMaterials/Substrate/Glints2/dict_0001_0232" 7068
"/Engine/EngineMaterials/Substrate/Glints2/dict_0001_0231" 7069
"/Engine/EngineMaterials/Substrate/Glints2/dict_0001_0230" 7070
"/Engine/EngineMaterials/Substrate/Glints2/dict_0001_0229" 7071
"/Engine/EngineMaterials/Substrate/Glints2/dict_0001_0228" 7072
"/Engine/EngineMaterials/Substrate/Glints2/dict_0001_0217" 7073
"/Engine/EngineMaterials/Substrate/Glints2/dict_0001_0247" 7074
"/Engine/EngineMaterials/Substrate/Glints2/dict_0001_0241" 7075
"../../../Engine/Content/EngineMaterials/Substrate/Glints2/dict_0001_0249.uasset" 7076
"../../../Engine/Content/EngineMaterials/Substrate/Glints2/dict_0001_0251.uasset" 7077
"/Engine/EngineMaterials/Substrate/Glints2/dict_0001_0239" 7078
"../../../Engine/Content/EngineMaterials/Substrate/Glints2/dict_0001_0248.uasset" 7079
"../../../Engine/Content/EngineMaterials/Substrate/Glints2/dict_0001_0252.uasset" 7080
"../../../Engine/Content/EngineMaterials/Substrate/Glints2/dict_0001_0253.uasset" 7081
"../../../Engine/Content/EngineMaterials/Substrate/Glints2/dict_0001_0244.uasset" 7082
"/Engine/EngineMaterials/Substrate/Glints2/dict_0001_0243" 7083
"/Engine/EngineMaterials/Substrate/Glints2/dict_0001_0242" 7084
"../../../Engine/Content/EngineMaterials/Substrate/Glints2/dict_0001_0245.uasset" 7085
"/Engine/EngineMaterials/Substrate/Glints2/dict_0001_0253" 7086
"/Engine/EngineMaterials/Substrate/Glints2/dict_0001_0252" 7087
"/Engine/EngineMaterials/Substrate/Glints2/dict_0001_0251" 7088
"/Engine/EngineMaterials/Substrate/Glints2/dict_0001_0249" 7089
"/Engine/EngineMaterials/Substrate/Glints2/dict_0001_0248" 7090
"/Engine/EngineMaterials/Substrate/Glints2/dict_0001_0244" 7091
"/Engine/EngineMaterials/Substrate/Glints2/dict_0001_0245" 7092
"../../../Engine/Content/EngineMaterials/Substrate/Glints2/dict_0002_0001.uasset" 7093
"../../../Engine/Content/EngineMaterials/Substrate/Glints2/dict_0001_0255.uasset" 7094
"../../../Engine/Content/EngineMaterials/Substrate/Glints2/dict_0002_0002.uasset" 7095
"../../../Engine/Content/EngineMaterials/Substrate/Glints2/dict_0002_0000.uasset" 7096
"../../../Engine/Content/EngineMaterials/Substrate/Glints2/dict_0001_0246.uasset" 7097
"../../../Engine/Content/EngineMaterials/Substrate/Glints2/dict_0001_0250.uasset" 7098
"../../../Engine/Content/EngineMaterials/Substrate/Glints2/dict_0002_0003.uasset" 7099
"/Engine/EngineMaterials/Substrate/Glints2/dict_0001_0246" 7100
"../../../Engine/Content/EngineMaterials/Substrate/Glints2/dict_0002_0007.uasset" 7101
"/Engine/EngineMaterials/Substrate/Glints2/dict_0001_0255" 7102
"../../../Engine/Content/EngineMaterials/Substrate/Glints2/dict_0001_0254.uasset" 7103
"/Engine/EngineMaterials/Substrate/Glints2/dict_0002_0002" 7104
"/Engine/EngineMaterials/Substrate/Glints2/dict_0002_0001" 7105
"../../../Engine/Content/EngineMaterials/Substrate/Glints2/dict_0002_0004.uasset" 7106
"/Engine/EngineMaterials/Substrate/Glints2/dict_0002_0000" 7107
"../../../Engine/Content/EngineMaterials/Substrate/Glints2/dict_0002_0006.uasset" 7108
"/Engine/EngineMaterials/Substrate/Glints2/dict_0001_0250" 7109
"/Engine/EngineMaterials/Substrate/Glints2/dict_0002_0007" 7110
"/Engine/EngineMaterials/Substrate/Glints2/dict_0002_0006" 7111
"/Engine/EngineMaterials/Substrate/Glints2/dict_0002_0004" 7112
"../../../Engine/Content/EngineMaterials/Substrate/Glints2/dict_0002_0009.uasset" 7113
"/Engine/EngineMaterials/Substrate/Glints2/dict_0001_0254" 7114
"../../../Engine/Content/EngineMaterials/Substrate/Glints2/dict_0002_0008.uasset" 7115
"/Engine/EngineMaterials/Substrate/Glints2/dict_0002_0003" 7116
"/Engine/EngineMaterials/Substrate/Glints2/dict_0002_0009" 7117
"/Engine/EngineMaterials/Substrate/Glints2/dict_0002_0008" 7118
"../../../Engine/Content/EngineMaterials/Substrate/Glints2/dict_0002_0005.uasset" 7119
"../../../Engine/Content/EngineMaterials/Substrate/Glints2/dict_0002_0012.uasset" 7120
"../../../Engine/Content/EngineMaterials/Substrate/Glints2/dict_0002_0010.uasset" 7121
"../../../Engine/Content/EngineMaterials/Substrate/Glints2/dict_0002_0013.uasset" 7122
"../../../Engine/Content/EngineMaterials/Substrate/Glints2/dict_0002_0015.uasset" 7123
"../../../Engine/Content/EngineMaterials/Substrate/Glints2/dict_0002_0011.uasset" 7124
"../../../Engine/Content/EngineMaterials/Substrate/Glints2/dict_0002_0016.uasset" 7125
"../../../Engine/Content/EngineMaterials/Substrate/Glints2/dict_0002_0017.uasset" 7126
"../../../Engine/Content/EngineMaterials/Substrate/Glints2/dict_0002_0018.uasset" 7127
"../../../Engine/Content/EngineMaterials/Substrate/Glints2/dict_0002_0021.uasset" 7128
"../../../Engine/Content/EngineMaterials/Substrate/Glints2/dict_0002_0014.uasset" 7129
"../../../Engine/Content/EngineMaterials/Substrate/Glints2/dict_0002_0020.uasset" 7130
"../../../Engine/Content/EngineMaterials/Substrate/Glints2/dict_0002_0019.uasset" 7131
"/Engine/EngineMaterials/Substrate/Glints2/dict_0002_0020" 7132
"/Engine/EngineMaterials/Substrate/Glints2/dict_0002_0019" 7133
"/Engine/EngineMaterials/Substrate/Glints2/dict_0002_0018" 7134
"../../../Engine/Content/EngineMaterials/Substrate/Glints2/dict_0002_0024.uasset" 7135
"/Engine/EngineMaterials/Substrate/Glints2/dict_0002_0015" 7136
"../../../Engine/Content/EngineMaterials/Substrate/Glints2/dict_0002_0027.uasset" 7137
"/Engine/EngineMaterials/Substrate/Glints2/dict_0002_0014" 7138
"/Engine/EngineMaterials/Substrate/Glints2/dict_0002_0013" 7139
"/Engine/EngineMaterials/Substrate/Glints2/dict_0002_0012" 7140
"/Engine/EngineMaterials/Substrate/Glints2/dict_0002_0011" 7141
"/Engine/EngineMaterials/Substrate/Glints2/dict_0002_0010" 7142
"../../../Engine/Content/EngineMaterials/Substrate/Glints2/dict_0002_0023.uasset" 7143
"/Engine/EngineMaterials/Substrate/Glints2/dict_0002_0005" 7144
"/Engine/EngineMaterials/Substrate/Glints2/dict_0002_0021" 7145
"/Engine/EngineMaterials/Substrate/Glints2/dict_0002_0017" 7146
"../../../Engine/Content/EngineMaterials/Substrate/Glints2/dict_0002_0025.uasset" 7147
"/Engine/EngineMaterials/Substrate/Glints2/dict_0002_0016" 7148
"../../../Engine/Content/EngineMaterials/Substrate/Glints2/dict_0002_0026.uasset" 7149
"/Engine/EngineMaterials/Substrate/Glints2/dict_0002_0026" 7150
"/Engine/EngineMaterials/Substrate/Glints2/dict_0002_0025" 7151
"/Engine/EngineMaterials/Substrate/Glints2/dict_0002_0024" 7152
"/Engine/EngineMaterials/Substrate/Glints2/dict_0002_0023" 7153
"/Engine/EngineMaterials/Substrate/Glints2/dict_0002_0027" 7154
"../../../Engine/Content/EngineMaterials/Substrate/Glints2/dict_0002_0030.uasset" 7155
"../../../Engine/Content/EngineMaterials/Substrate/Glints2/dict_0002_0031.uasset" 7156
"../../../Engine/Content/EngineMaterials/Substrate/Glints2/dict_0002_0028.uasset" 7157
"../../../Engine/Content/EngineMaterials/Substrate/Glints2/dict_0002_0022.uasset" 7158
"../../../Engine/Content/EngineMaterials/Substrate/Glints2/dict_0002_0029.uasset" 7159
"../../../Engine/Content/EngineMaterials/Substrate/Glints2/dict_0002_0032.uasset" 7160
"../../../Engine/Content/EngineMaterials/Substrate/Glints2/dict_0002_0034.uasset" 7161
"../../../Engine/Content/EngineMaterials/Substrate/Glints2/dict_0002_0036.uasset" 7162
"../../../Engine/Content/EngineMaterials/Substrate/Glints2/dict_0002_0037.uasset" 7163
"../../../Engine/Content/EngineMaterials/Substrate/Glints2/dict_0002_0035.uasset" 7164
"../../../Engine/Content/EngineMaterials/Substrate/Glints2/dict_0002_0033.uasset" 7165
"../../../Engine/Content/EngineMaterials/Substrate/Glints2/dict_0002_0039.uasset" 7166
"../../../Engine/Content/EngineMaterials/Substrate/Glints2/dict_0002_0040.uasset" 7167
"../../../Engine/Content/EngineMaterials/Substrate/Glints2/dict_0002_0038.uasset" 7168
"/Engine/EngineMaterials/Substrate/Glints2/dict_0002_0033" 7169
"/Engine/EngineMaterials/Substrate/Glints2/dict_0002_0040" 7170
"/Engine/EngineMaterials/Substrate/Glints2/dict_0002_0039" 7171
"../../../Engine/Content/EngineMaterials/Substrate/Glints2/dict_0002_0046.uasset" 7172
"/Engine/EngineMaterials/Substrate/Glints2/dict_0002_0037" 7173
"../../../Engine/Content/EngineMaterials/Substrate/Glints2/dict_0002_0045.uasset" 7174
"../../../Engine/Content/EngineMaterials/Substrate/Glints2/dict_0002_0043.uasset" 7175
"../../../Engine/Content/EngineMaterials/Substrate/Glints2/dict_0002_0041.uasset" 7176
"../../../Engine/Content/EngineMaterials/Substrate/Glints2/dict_0002_0044.uasset" 7177
"/Engine/EngineMaterials/Substrate/Glints2/dict_0002_0032" 7178
"../../../Engine/Content/EngineMaterials/Substrate/Glints2/dict_0002_0047.uasset" 7179
"/Engine/EngineMaterials/Substrate/Glints2/dict_0002_0031" 7180
"../../../Engine/Content/EngineMaterials/Substrate/Glints2/dict_0002_0042.uasset" 7181
"/Engine/EngineMaterials/Substrate/Glints2/dict_0002_0036" 7182
"/Engine/EngineMaterials/Substrate/Glints2/dict_0002_0035" 7183
"/Engine/EngineMaterials/Substrate/Glints2/dict_0002_0030" 7184
"/Engine/EngineMaterials/Substrate/Glints2/dict_0002_0029" 7185
"/Engine/EngineMaterials/Substrate/Glints2/dict_0002_0028" 7186
"/Engine/EngineMaterials/Substrate/Glints2/dict_0002_0034" 7187
"/Engine/EngineMaterials/Substrate/Glints2/dict_0002_0022" 7188
"../../../Engine/Content/EngineMaterials/Substrate/Glints2/dict_0002_0050.uasset" 7189
"../../../Engine/Content/EngineMaterials/Substrate/Glints2/dict_0002_0048.uasset" 7190
"../../../Engine/Content/EngineMaterials/Substrate/Glints2/dict_0002_0049.uasset" 7191
"/Engine/EngineMaterials/Substrate/Glints2/dict_0002_0050" 7192
"/Engine/EngineMaterials/Substrate/Glints2/dict_0002_0049" 7193
"/Engine/EngineMaterials/Substrate/Glints2/dict_0002_0048" 7194
"/Engine/EngineMaterials/Substrate/Glints2/dict_0002_0047" 7195
"/Engine/EngineMaterials/Substrate/Glints2/dict_0002_0046" 7196
"/Engine/EngineMaterials/Substrate/Glints2/dict_0002_0045" 7197
"/Engine/EngineMaterials/Substrate/Glints2/dict_0002_0038" 7198
"/Engine/EngineMaterials/Substrate/Glints2/dict_0002_0044" 7199
"/Engine/EngineMaterials/Substrate/Glints2/dict_0002_0043" 7200
"/Engine/EngineMaterials/Substrate/Glints2/dict_0002_0042" 7201
"/Engine/EngineMaterials/Substrate/Glints2/dict_0002_0041" 7202
"../../../Engine/Content/EngineMaterials/Substrate/Glints2/dict_0002_0052.uasset" 7203
"../../../Engine/Content/EngineMaterials/Substrate/Glints2/dict_0002_0053.uasset" 7204
"../../../Engine/Content/EngineMaterials/Substrate/Glints2/dict_0002_0054.uasset" 7205
"../../../Engine/Content/EngineMaterials/Substrate/Glints2/dict_0002_0051.uasset" 7206
"../../../Engine/Content/EngineMaterials/Substrate/Glints2/dict_0002_0055.uasset" 7207
"../../../Engine/Content/EngineMaterials/Substrate/Glints2/dict_0002_0057.uasset" 7208
"/Engine/EngineMaterials/Substrate/Glints2/dict_0002_0053" 7209
"../../../Engine/Content/EngineMaterials/Substrate/Glints2/dict_0002_0060.uasset" 7210
"/Engine/EngineMaterials/Substrate/Glints2/dict_0002_0052" 7211
"/Engine/EngineMaterials/Substrate/Glints2/dict_0002_0051" 7212
"/Engine/EngineMaterials/Substrate/Glints2/dict_0002_0055" 7213
"/Engine/EngineMaterials/Substrate/Glints2/dict_0002_0054" 7214
"/Engine/EngineMaterials/Substrate/Glints2/dict_0002_0057" 7215
"/Engine/EngineMaterials/Substrate/Glints2/dict_0002_0060" 7216
"../../../Engine/Content/EngineMaterials/Substrate/Glints2/dict_0002_0063.uasset" 7217
"../../../Engine/Content/EngineMaterials/Substrate/Glints2/dict_0002_0066.uasset" 7218
"../../../Engine/Content/EngineMaterials/Substrate/Glints2/dict_0002_0056.uasset" 7219
"../../../Engine/Content/EngineMaterials/Substrate/Glints2/dict_0002_0064.uasset" 7220
"../../../Engine/Content/EngineMaterials/Substrate/Glints2/dict_0002_0062.uasset" 7221
"../../../Engine/Content/EngineMaterials/Substrate/Glints2/dict_0002_0058.uasset" 7222
"../../../Engine/Content/EngineMaterials/Substrate/Glints2/dict_0002_0059.uasset" 7223
"../../../Engine/Content/EngineMaterials/Substrate/Glints2/dict_0002_0061.uasset" 7224
"../../../Engine/Content/EngineMaterials/Substrate/Glints2/dict_0002_0065.uasset" 7225
"/Engine/EngineMaterials/Substrate/Glints2/dict_0002_0066" 7226
"../../../Engine/Content/EngineMaterials/Substrate/Glints2/dict_0002_0067.uasset" 7227
"/Engine/EngineMaterials/Substrate/Glints2/dict_0002_0065" 7228
"../../../Engine/Content/EngineMaterials/Substrate/Glints2/dict_0002_0070.uasset" 7229
"/Engine/EngineMaterials/Substrate/Glints2/dict_0002_0064" 7230
"/Engine/EngineMaterials/Substrate/Glints2/dict_0002_0058" 7231
"/Engine/EngineMaterials/Substrate/Glints2/dict_0002_0063" 7232
"/Engine/EngineMaterials/Substrate/Glints2/dict_0002_0062" 7233
"../../../Engine/Content/EngineMaterials/Substrate/Glints2/dict_0002_0068.uasset" 7234
"../../../Engine/Content/EngineMaterials/Substrate/Glints2/dict_0002_0073.uasset" 7235
"../../../Engine/Content/EngineMaterials/Substrate/Glints2/dict_0002_0074.uasset" 7236
"../../../Engine/Content/EngineMaterials/Substrate/Glints2/dict_0002_0078.uasset" 7237
"../../../Engine/Content/EngineMaterials/Substrate/Glints2/dict_0002_0076.uasset" 7238
"../../../Engine/Content/EngineMaterials/Substrate/Glints2/dict_0002_0069.uasset" 7239
"/Engine/EngineMaterials/Substrate/Glints2/dict_0002_0056" 7240
"../../../Engine/Content/EngineMaterials/Substrate/Glints2/dict_0002_0072.uasset" 7241
"../../../Engine/Content/EngineMaterials/Substrate/Glints2/dict_0002_0075.uasset" 7242
"/Engine/EngineMaterials/Substrate/Glints2/dict_0002_0061" 7243
"/Engine/EngineMaterials/Substrate/Glints2/dict_0002_0059" 7244
"/Engine/EngineMaterials/Substrate/Glints2/dict_0002_0078" 7245
"/Engine/EngineMaterials/Substrate/Glints2/dict_0002_0070" 7246
"/Engine/EngineMaterials/Substrate/Glints2/dict_0002_0069" 7247
"/Engine/EngineMaterials/Substrate/Glints2/dict_0002_0076" 7248
"/Engine/EngineMaterials/Substrate/Glints2/dict_0002_0068" 7249
"/Engine/EngineMaterials/Substrate/Glints2/dict_0002_0067" 7250
"/Engine/EngineMaterials/Substrate/Glints2/dict_0002_0075" 7251
"/Engine/EngineMaterials/Substrate/Glints2/dict_0002_0074" 7252
"/Engine/EngineMaterials/Substrate/Glints2/dict_0002_0073" 7253
"/Engine/EngineMaterials/Substrate/Glints2/dict_0002_0072" 7254
"../../../Engine/Content/EngineMaterials/Substrate/Glints2/dict_0002_0071.uasset" 7255
"../../../Engine/Content/EngineMaterials/Substrate/Glints2/dict_0002_0081.uasset" 7256
"../../../Engine/Content/EngineMaterials/Substrate/Glints2/dict_0002_0077.uasset" 7257
"../../../Engine/Content/EngineMaterials/Substrate/Glints2/dict_0002_0079.uasset" 7258
"../../../Engine/Content/EngineMaterials/Substrate/Glints2/dict_0002_0082.uasset" 7259
"../../../Engine/Content/EngineMaterials/Substrate/Glints2/dict_0002_0088.uasset" 7260
"../../../Engine/Content/EngineMaterials/Substrate/Glints2/dict_0002_0086.uasset" 7261
"../../../Engine/Content/EngineMaterials/Substrate/Glints2/dict_0002_0083.uasset" 7262
"../../../Engine/Content/EngineMaterials/Substrate/Glints2/dict_0002_0080.uasset" 7263
"../../../Engine/Content/EngineMaterials/Substrate/Glints2/dict_0002_0084.uasset" 7264
"../../../Engine/Content/EngineMaterials/Substrate/Glints2/dict_0002_0089.uasset" 7265
"/Engine/EngineMaterials/Substrate/Glints2/dict_0002_0071" 7266
"/Engine/EngineMaterials/Substrate/Glints2/dict_0002_0086" 7267
"/Engine/EngineMaterials/Substrate/Glints2/dict_0002_0082" 7268
"/Engine/EngineMaterials/Substrate/Glints2/dict_0002_0081" 7269
"/Engine/EngineMaterials/Substrate/Glints2/dict_0002_0080" 7270
"/Engine/EngineMaterials/Substrate/Glints2/dict_0002_0079" 7271
"/Engine/EngineMaterials/Substrate/Glints2/dict_0002_0077" 7272
"/Engine/EngineMaterials/Substrate/Glints2/dict_0002_0089" 7273
"/Engine/EngineMaterials/Substrate/Glints2/dict_0002_0084" 7274
"/Engine/EngineMaterials/Substrate/Glints2/dict_0002_0088" 7275
"/Engine/EngineMaterials/Substrate/Glints2/dict_0002_0083" 7276
"../../../Engine/Content/EngineMaterials/Substrate/Glints2/dict_0002_0093.uasset" 7277
"../../../Engine/Content/EngineMaterials/Substrate/Glints2/dict_0002_0087.uasset" 7278
"../../../Engine/Content/EngineMaterials/Substrate/Glints2/dict_0002_0091.uasset" 7279
"../../../Engine/Content/EngineMaterials/Substrate/Glints2/dict_0002_0090.uasset" 7280
"../../../Engine/Content/EngineMaterials/Substrate/Glints2/dict_0002_0085.uasset" 7281
"../../../Engine/Content/EngineMaterials/Substrate/Glints2/dict_0002_0092.uasset" 7282
"../../../Engine/Content/EngineMaterials/Substrate/Glints2/dict_0002_0100.uasset" 7283
"../../../Engine/Content/EngineMaterials/Substrate/Glints2/dict_0002_0094.uasset" 7284
"../../../Engine/Content/EngineMaterials/Substrate/Glints2/dict_0002_0095.uasset" 7285
"../../../Engine/Content/EngineMaterials/Substrate/Glints2/dict_0002_0098.uasset" 7286
"../../../Engine/Content/EngineMaterials/Substrate/Glints2/dict_0002_0096.uasset" 7287
"../../../Engine/Content/EngineMaterials/Substrate/Glints2/dict_0002_0099.uasset" 7288
"../../../Engine/Content/EngineMaterials/Substrate/Glints2/dict_0002_0097.uasset" 7289
"/Engine/EngineMaterials/Substrate/Glints2/dict_0002_0087" 7290
"/Engine/EngineMaterials/Substrate/Glints2/dict_0002_0085" 7291
"/Engine/EngineMaterials/Substrate/Glints2/dict_0002_0098" 7292
"/Engine/EngineMaterials/Substrate/Glints2/dict_0002_0097" 7293
"/Engine/EngineMaterials/Substrate/Glints2/dict_0002_0096" 7294
"/Engine/EngineMaterials/Substrate/Glints2/dict_0002_0095" 7295
"../../../Engine/Content/EngineMaterials/Substrate/Glints2/dict_0002_0102.uasset" 7296
"/Engine/EngineMaterials/Substrate/Glints2/dict_0002_0094" 7297
"/Engine/EngineMaterials/Substrate/Glints2/dict_0002_0093" 7298
"/Engine/EngineMaterials/Substrate/Glints2/dict_0002_0092" 7299
"../../../Engine/Content/EngineMaterials/Substrate/Glints2/dict_0002_0104.uasset" 7300
"/Engine/EngineMaterials/Substrate/Glints2/dict_0002_0091" 7301
"/Engine/EngineMaterials/Substrate/Glints2/dict_0002_0090" 7302
"/Engine/EngineMaterials/Substrate/Glints2/dict_0002_0100" 7303
"/Engine/EngineMaterials/Substrate/Glints2/dict_0002_0099" 7304
"../../../Engine/Content/EngineMaterials/Substrate/Glints2/dict_0002_0110.uasset" 7305
"../../../Engine/Content/EngineMaterials/Substrate/Glints2/dict_0002_0111.uasset" 7306
"/Engine/EngineMaterials/Substrate/Glints2/dict_0002_0104" 7307
"../../../Engine/Content/EngineMaterials/Substrate/Glints2/dict_0002_0108.uasset" 7308
"../../../Engine/Content/EngineMaterials/Substrate/Glints2/dict_0002_0101.uasset" 7309
"../../../Engine/Content/EngineMaterials/Substrate/Glints2/dict_0002_0106.uasset" 7310
"../../../Engine/Content/EngineMaterials/Substrate/Glints2/dict_0002_0112.uasset" 7311
"/Engine/EngineMaterials/Substrate/Glints2/dict_0002_0102" 7312
"../../../Engine/Content/EngineMaterials/Substrate/Glints2/dict_0002_0107.uasset" 7313
"../../../Engine/Content/EngineMaterials/Substrate/Glints2/dict_0002_0103.uasset" 7314
"/Engine/EngineMaterials/Substrate/Glints2/dict_0002_0110" 7315
"/Engine/EngineMaterials/Substrate/Glints2/dict_0002_0108" 7316
"/Engine/EngineMaterials/Substrate/Glints2/dict_0002_0107" 7317
"/Engine/EngineMaterials/Substrate/Glints2/dict_0002_0106" 7318
"/Engine/EngineMaterials/Substrate/Glints2/dict_0002_0103" 7319
"/Engine/EngineMaterials/Substrate/Glints2/dict_0002_0112" 7320
"/Engine/EngineMaterials/Substrate/Glints2/dict_0002_0111" 7321
"/Engine/EngineMaterials/Substrate/Glints2/dict_0002_0101" 7322
"../../../Engine/Content/EngineMaterials/Substrate/Glints2/dict_0002_0105.uasset" 7323
"../../../Engine/Content/EngineMaterials/Substrate/Glints2/dict_0002_0113.uasset" 7324
"../../../Engine/Content/EngineMaterials/Substrate/Glints2/dict_0002_0114.uasset" 7325
"../../../Engine/Content/EngineMaterials/Substrate/Glints2/dict_0002_0109.uasset" 7326
"../../../Engine/Content/EngineMaterials/Substrate/Glints2/dict_0002_0115.uasset" 7327
"/Engine/EngineMaterials/Substrate/Glints2/dict_0002_0115" 7328
"../../../Engine/Content/EngineMaterials/Substrate/Glints2/dict_0002_0118.uasset" 7329
"../../../Engine/Content/EngineMaterials/Substrate/Glints2/dict_0002_0121.uasset" 7330
"../../../Engine/Content/EngineMaterials/Substrate/Glints2/dict_0002_0117.uasset" 7331
"../../../Engine/Content/EngineMaterials/Substrate/Glints2/dict_0002_0124.uasset" 7332
"../../../Engine/Content/EngineMaterials/Substrate/Glints2/dict_0002_0122.uasset" 7333
"../../../Engine/Content/EngineMaterials/Substrate/Glints2/dict_0002_0120.uasset" 7334
"/Engine/EngineMaterials/Substrate/Glints2/dict_0002_0114" 7335
"/Engine/EngineMaterials/Substrate/Glints2/dict_0002_0113" 7336
"/Engine/EngineMaterials/Substrate/Glints2/dict_0002_0105" 7337
"../../../Engine/Content/EngineMaterials/Substrate/Glints2/dict_0002_0119.uasset" 7338
"/Engine/EngineMaterials/Substrate/Glints2/dict_0002_0109" 7339
"/Engine/EngineMaterials/Substrate/Glints2/dict_0002_0119" 7340
"/Engine/EngineMaterials/Substrate/Glints2/dict_0002_0118" 7341
"/Engine/EngineMaterials/Substrate/Glints2/dict_0002_0117" 7342
"/Engine/EngineMaterials/Substrate/Glints2/dict_0002_0124" 7343
"/Engine/EngineMaterials/Substrate/Glints2/dict_0002_0122" 7344
"/Engine/EngineMaterials/Substrate/Glints2/dict_0002_0121" 7345
"/Engine/EngineMaterials/Substrate/Glints2/dict_0002_0120" 7346
"../../../Engine/Content/EngineMaterials/Substrate/Glints2/dict_0002_0116.uasset" 7347
"../../../Engine/Content/EngineMaterials/Substrate/Glints2/dict_0002_0126.uasset" 7348
"../../../Engine/Content/EngineMaterials/Substrate/Glints2/dict_0002_0128.uasset" 7349
"../../../Engine/Content/EngineMaterials/Substrate/Glints2/dict_0002_0127.uasset" 7350
"../../../Engine/Content/EngineMaterials/Substrate/Glints2/dict_0002_0129.uasset" 7351
"../../../Engine/Content/EngineMaterials/Substrate/Glints2/dict_0002_0125.uasset" 7352
"../../../Engine/Content/EngineMaterials/Substrate/Glints2/dict_0002_0123.uasset" 7353
"../../../Engine/Content/EngineMaterials/Substrate/Glints2/dict_0002_0131.uasset" 7354
"../../../Engine/Content/EngineMaterials/Substrate/Glints2/dict_0002_0136.uasset" 7355
"../../../Engine/Content/EngineMaterials/Substrate/Glints2/dict_0002_0135.uasset" 7356
"../../../Engine/Content/EngineMaterials/Substrate/Glints2/dict_0002_0133.uasset" 7357
"../../../Engine/Content/EngineMaterials/Substrate/Glints2/dict_0002_0130.uasset" 7358
"../../../Engine/Content/EngineMaterials/Substrate/Glints2/dict_0002_0134.uasset" 7359
"../../../Engine/Content/EngineMaterials/Substrate/Glints2/dict_0002_0132.uasset" 7360
"/Engine/EngineMaterials/Substrate/Glints2/dict_0002_0132" 7361
"/Engine/EngineMaterials/Substrate/Glints2/dict_0002_0131" 7362
"/Engine/EngineMaterials/Substrate/Glints2/dict_0002_0116" 7363
"/Engine/EngineMaterials/Substrate/Glints2/dict_0002_0135" 7364
"/Engine/EngineMaterials/Substrate/Glints2/dict_0002_0130" 7365
"/Engine/EngineMaterials/Substrate/Glints2/dict_0002_0134" 7366
"/Engine/EngineMaterials/Substrate/Glints2/dict_0002_0129" 7367
"/Engine/EngineMaterials/Substrate/Glints2/dict_0002_0128" 7368
"/Engine/EngineMaterials/Substrate/Glints2/dict_0002_0127" 7369
"/Engine/EngineMaterials/Substrate/Glints2/dict_0002_0126" 7370
"/Engine/EngineMaterials/Substrate/Glints2/dict_0002_0125" 7371
"/Engine/EngineMaterials/Substrate/Glints2/dict_0002_0123" 7372
"/Engine/EngineMaterials/Substrate/Glints2/dict_0002_0133" 7373
"/Engine/EngineMaterials/Substrate/Glints2/dict_0002_0136" 7374
"../../../Engine/Content/EngineMaterials/Substrate/Glints2/dict_0002_0137.uasset" 7375
"../../../Engine/Content/EngineMaterials/Substrate/Glints2/dict_0002_0140.uasset" 7376
"../../../Engine/Content/EngineMaterials/Substrate/Glints2/dict_0002_0138.uasset" 7377
"../../../Engine/Content/EngineMaterials/Substrate/Glints2/dict_0002_0141.uasset" 7378
"../../../Engine/Content/EngineMaterials/Substrate/Glints2/dict_0002_0145.uasset" 7379
"../../../Engine/Content/EngineMaterials/Substrate/Glints2/dict_0002_0146.uasset" 7380
"../../../Engine/Content/EngineMaterials/Substrate/Glints2/dict_0002_0139.uasset" 7381
"../../../Engine/Content/EngineMaterials/Substrate/Glints2/dict_0002_0147.uasset" 7382
"../../../Engine/Content/EngineMaterials/Substrate/Glints2/dict_0002_0144.uasset" 7383
"../../../Engine/Content/EngineMaterials/Substrate/Glints2/dict_0002_0143.uasset" 7384
"../../../Engine/Content/EngineMaterials/Substrate/Glints2/dict_0002_0149.uasset" 7385
"../../../Engine/Content/EngineMaterials/Substrate/Glints2/dict_0002_0142.uasset" 7386
"../../../Engine/Content/EngineMaterials/Substrate/Glints2/dict_0002_0148.uasset" 7387
"../../../Engine/Content/EngineMaterials/Substrate/Glints2/dict_0002_0150.uasset" 7388
"/Engine/EngineMaterials/Substrate/Glints2/dict_0002_0147" 7389
"/Engine/EngineMaterials/Substrate/Glints2/dict_0002_0146" 7390
"/Engine/EngineMaterials/Substrate/Glints2/dict_0002_0142" 7391
"../../../Engine/Content/EngineMaterials/Substrate/Glints2/dict_0002_0153.uasset" 7392
"/Engine/EngineMaterials/Substrate/Glints2/dict_0002_0145" 7393
"../../../Engine/Content/EngineMaterials/Substrate/Glints2/dict_0002_0155.uasset" 7394
"/Engine/EngineMaterials/Substrate/Glints2/dict_0002_0141" 7395
"../../../Engine/Content/EngineMaterials/Substrate/Glints2/dict_0002_0151.uasset" 7396
"/Engine/EngineMaterials/Substrate/Glints2/dict_0002_0140" 7397
"/Engine/EngineMaterials/Substrate/Glints2/dict_0002_0144" 7398
"../../../Engine/Content/EngineMaterials/Substrate/Glints2/dict_0002_0152.uasset" 7399
"/Engine/EngineMaterials/Substrate/Glints2/dict_0002_0139" 7400
"../../../Engine/Content/EngineMaterials/Substrate/Glints2/dict_0002_0154.uasset" 7401
"../../../Engine/Content/EngineMaterials/Substrate/Glints2/dict_0002_0158.uasset" 7402
"/Engine/EngineMaterials/Substrate/Glints2/dict_0002_0138" 7403
"../../../Engine/Content/EngineMaterials/Substrate/Glints2/dict_0002_0157.uasset" 7404
"../../../Engine/Content/EngineMaterials/Substrate/Glints2/dict_0002_0156.uasset" 7405
"/Engine/EngineMaterials/Substrate/Glints2/dict_0002_0137" 7406
"../../../Engine/Content/EngineMaterials/Substrate/Glints2/dict_0002_0159.uasset" 7407
"/Engine/EngineMaterials/Substrate/Glints2/dict_0002_0150" 7408
"/Engine/EngineMaterials/Substrate/Glints2/dict_0002_0143" 7409
"/Engine/EngineMaterials/Substrate/Glints2/dict_0002_0149" 7410
"/Engine/EngineMaterials/Substrate/Glints2/dict_0002_0148" 7411
"/Engine/EngineMaterials/Substrate/Glints2/dict_0002_0154" 7412
"/Engine/EngineMaterials/Substrate/Glints2/dict_0002_0153" 7413
"/Engine/EngineMaterials/Substrate/Glints2/dict_0002_0152" 7414
"/Engine/EngineMaterials/Substrate/Glints2/dict_0002_0159" 7415
"../../../Engine/Content/EngineMaterials/Substrate/Glints2/dict_0002_0163.uasset" 7416
"../../../Engine/Content/EngineMaterials/Substrate/Glints2/dict_0002_0162.uasset" 7417
"/Engine/EngineMaterials/Substrate/Glints2/dict_0002_0158" 7418
"/Engine/EngineMaterials/Substrate/Glints2/dict_0002_0151" 7419
"/Engine/EngineMaterials/Substrate/Glints2/dict_0002_0157" 7420
"/Engine/EngineMaterials/Substrate/Glints2/dict_0002_0156" 7421
"/Engine/EngineMaterials/Substrate/Glints2/dict_0002_0155" 7422
"../../../Engine/Content/EngineMaterials/Substrate/Glints2/dict_0002_0161.uasset" 7423
"/Engine/EngineMaterials/Substrate/Glints2/dict_0002_0163" 7424
"/Engine/EngineMaterials/Substrate/Glints2/dict_0002_0162" 7425
"/Engine/EngineMaterials/Substrate/Glints2/dict_0002_0161" 7426
"../../../Engine/Content/EngineMaterials/Substrate/Glints2/dict_0002_0164.uasset" 7427
"../../../Engine/Content/EngineMaterials/Substrate/Glints2/dict_0002_0160.uasset" 7428
"../../../Engine/Content/EngineMaterials/Substrate/Glints2/dict_0002_0165.uasset" 7429
"../../../Engine/Content/EngineMaterials/Substrate/Glints2/dict_0002_0167.uasset" 7430
"../../../Engine/Content/EngineMaterials/Substrate/Glints2/dict_0002_0166.uasset" 7431
"../../../Engine/Content/EngineMaterials/Substrate/Glints2/dict_0002_0168.uasset" 7432
"../../../Engine/Content/EngineMaterials/Substrate/Glints2/dict_0002_0169.uasset" 7433
"../../../Engine/Content/EngineMaterials/Substrate/Glints2/dict_0002_0170.uasset" 7434
"../../../Engine/Content/EngineMaterials/Substrate/Glints2/dict_0002_0172.uasset" 7435
"/Engine/EngineMaterials/Substrate/Glints2/dict_0002_0168" 7436
"/Engine/EngineMaterials/Substrate/Glints2/dict_0002_0167" 7437
"/Engine/EngineMaterials/Substrate/Glints2/dict_0002_0166" 7438
"/Engine/EngineMaterials/Substrate/Glints2/dict_0002_0165" 7439
"/Engine/EngineMaterials/Substrate/Glints2/dict_0002_0164" 7440
"/Engine/EngineMaterials/Substrate/Glints2/dict_0002_0160" 7441
"../../../Engine/Content/EngineMaterials/Substrate/Glints2/dict_0002_0171.uasset" 7442
"/Engine/EngineMaterials/Substrate/Glints2/dict_0002_0172" 7443
"/Engine/EngineMaterials/Substrate/Glints2/dict_0002_0170" 7444
"/Engine/EngineMaterials/Substrate/Glints2/dict_0002_0169" 7445
"/Engine/EngineMaterials/Substrate/Glints2/dict_0002_0171" 7446
"../../../Engine/Content/EngineMaterials/Substrate/Glints2/dict_0002_0173.uasset" 7447
"../../../Engine/Content/EngineMaterials/Substrate/Glints2/dict_0002_0178.uasset" 7448
"../../../Engine/Content/EngineMaterials/Substrate/Glints2/dict_0002_0176.uasset" 7449
"../../../Engine/Content/EngineMaterials/Substrate/Glints2/dict_0002_0174.uasset" 7450
"../../../Engine/Content/EngineMaterials/Substrate/Glints2/dict_0002_0175.uasset" 7451
"../../../Engine/Content/EngineMaterials/Substrate/Glints2/dict_0002_0177.uasset" 7452
"../../../Engine/Content/EngineMaterials/Substrate/Glints2/dict_0002_0181.uasset" 7453
"/Engine/EngineMaterials/Substrate/Glints2/dict_0002_0181" 7454
"../../../Engine/Content/EngineMaterials/Substrate/Glints2/dict_0002_0184.uasset" 7455
"/Engine/EngineMaterials/Substrate/Glints2/dict_0002_0178" 7456
"../../../Engine/Content/EngineMaterials/Substrate/Glints2/dict_0002_0185.uasset" 7457
"../../../Engine/Content/EngineMaterials/Substrate/Glints2/dict_0002_0186.uasset" 7458
"/Engine/EngineMaterials/Substrate/Glints2/dict_0002_0177" 7459
"/Engine/EngineMaterials/Substrate/Glints2/dict_0002_0176" 7460
"../../../Engine/Content/EngineMaterials/Substrate/Glints2/dict_0002_0182.uasset" 7461
"/Engine/EngineMaterials/Substrate/Glints2/dict_0002_0175" 7462
"/Engine/EngineMaterials/Substrate/Glints2/dict_0002_0174" 7463
"/Engine/EngineMaterials/Substrate/Glints2/dict_0002_0173" 7464
"/Engine/EngineMaterials/Substrate/Glints2/dict_0002_0182" 7465
"/Engine/EngineMaterials/Substrate/Glints2/dict_0002_0186" 7466
"/Engine/EngineMaterials/Substrate/Glints2/dict_0002_0185" 7467
"/Engine/EngineMaterials/Substrate/Glints2/dict_0002_0184" 7468
"../../../Engine/Content/EngineMaterials/Substrate/Glints2/dict_0002_0183.uasset" 7469
"../../../Engine/Content/EngineMaterials/Substrate/Glints2/dict_0002_0180.uasset" 7470
"../../../Engine/Content/EngineMaterials/Substrate/Glints2/dict_0002_0188.uasset" 7471
"../../../Engine/Content/EngineMaterials/Substrate/Glints2/dict_0002_0179.uasset" 7472
"../../../Engine/Content/EngineMaterials/Substrate/Glints2/dict_0002_0187.uasset" 7473
"../../../Engine/Content/EngineMaterials/Substrate/Glints2/dict_0002_0191.uasset" 7474
"../../../Engine/Content/EngineMaterials/Substrate/Glints2/dict_0002_0190.uasset" 7475
"/Engine/EngineMaterials/Substrate/Glints2/dict_0002_0191" 7476
"/Engine/EngineMaterials/Substrate/Glints2/dict_0002_0190" 7477
"/Engine/EngineMaterials/Substrate/Glints2/dict_0002_0180" 7478
"../../../Engine/Content/EngineMaterials/Substrate/Glints2/dict_0002_0189.uasset" 7479
"/Engine/EngineMaterials/Substrate/Glints2/dict_0002_0179" 7480
"/Engine/EngineMaterials/Substrate/Glints2/dict_0002_0188" 7481
"/Engine/EngineMaterials/Substrate/Glints2/dict_0002_0187" 7482
"../../../Engine/Content/EngineMaterials/Substrate/Glints2/dict_0002_0196.uasset" 7483
"../../../Engine/Content/EngineMaterials/Substrate/Glints2/dict_0002_0198.uasset" 7484
"../../../Engine/Content/EngineMaterials/Substrate/Glints2/dict_0002_0195.uasset" 7485
"../../../Engine/Content/EngineMaterials/Substrate/Glints2/dict_0002_0194.uasset" 7486
"/Engine/EngineMaterials/Substrate/Glints2/dict_0002_0183" 7487
"../../../Engine/Content/EngineMaterials/Substrate/Glints2/dict_0002_0200.uasset" 7488
"../../../Engine/Content/EngineMaterials/Substrate/Glints2/dict_0002_0197.uasset" 7489
"../../../Engine/Content/EngineMaterials/Substrate/Glints2/dict_0002_0193.uasset" 7490
"/Engine/EngineMaterials/Substrate/Glints2/dict_0002_0189" 7491
"/Engine/EngineMaterials/Substrate/Glints2/dict_0002_0200" 7492
"../../../Engine/Content/EngineMaterials/Substrate/Glints2/dict_0002_0199.uasset" 7493
"/Engine/EngineMaterials/Substrate/Glints2/dict_0002_0194" 7494
"/Engine/EngineMaterials/Substrate/Glints2/dict_0002_0193" 7495
"/Engine/EngineMaterials/Substrate/Glints2/dict_0002_0198" 7496
"/Engine/EngineMaterials/Substrate/Glints2/dict_0002_0197" 7497
"/Engine/EngineMaterials/Substrate/Glints2/dict_0002_0196" 7498
"/Engine/EngineMaterials/Substrate/Glints2/dict_0002_0195" 7499
"/Engine/EngineMaterials/Substrate/Glints2/dict_0002_0199" 7500
"../../../Engine/Content/EngineMaterials/Substrate/Glints2/dict_0002_0192.uasset" 7501
"../../../Engine/Content/EngineMaterials/Substrate/Glints2/dict_0002_0201.uasset" 7502
"../../../Engine/Content/EngineMaterials/Substrate/Glints2/dict_0002_0203.uasset" 7503
"../../../Engine/Content/EngineMaterials/Substrate/Glints2/dict_0002_0202.uasset" 7504
"../../../Engine/Content/EngineMaterials/Substrate/Glints2/dict_0002_0207.uasset" 7505
"../../../Engine/Content/EngineMaterials/Substrate/Glints2/dict_0002_0206.uasset" 7506
"../../../Engine/Content/EngineMaterials/Substrate/Glints2/dict_0002_0213.uasset" 7507
"/Engine/EngineMaterials/Substrate/Glints2/dict_0002_0203" 7508
"../../../Engine/Content/EngineMaterials/Substrate/Glints2/dict_0002_0210.uasset" 7509
"../../../Engine/Content/EngineMaterials/Substrate/Glints2/dict_0002_0208.uasset" 7510
"../../../Engine/Content/EngineMaterials/Substrate/Glints2/dict_0002_0209.uasset" 7511
"/Engine/EngineMaterials/Substrate/Glints2/dict_0002_0202" 7512
"/Engine/EngineMaterials/Substrate/Glints2/dict_0002_0201" 7513
"/Engine/EngineMaterials/Substrate/Glints2/dict_0002_0207" 7514
"/Engine/EngineMaterials/Substrate/Glints2/dict_0002_0192" 7515
"/Engine/EngineMaterials/Substrate/Glints2/dict_0002_0206" 7516
"/Engine/EngineMaterials/Substrate/Glints2/dict_0002_0210" 7517
"/Engine/EngineMaterials/Substrate/Glints2/dict_0002_0209" 7518
"../../../Engine/Content/EngineMaterials/Substrate/Glints2/dict_0002_0204.uasset" 7519
"../../../Engine/Content/EngineMaterials/Substrate/Glints2/dict_0002_0211.uasset" 7520
"../../../Engine/Content/EngineMaterials/Substrate/Glints2/dict_0002_0216.uasset" 7521
"../../../Engine/Content/EngineMaterials/Substrate/Glints2/dict_0002_0217.uasset" 7522
"../../../Engine/Content/EngineMaterials/Substrate/Glints2/dict_0002_0214.uasset" 7523
"../../../Engine/Content/EngineMaterials/Substrate/Glints2/dict_0002_0221.uasset" 7524
"../../../Engine/Content/EngineMaterials/Substrate/Glints2/dict_0002_0218.uasset" 7525
"../../../Engine/Content/EngineMaterials/Substrate/Glints2/dict_0002_0212.uasset" 7526
"../../../Engine/Content/EngineMaterials/Substrate/Glints2/dict_0002_0219.uasset" 7527
"/Engine/EngineMaterials/Substrate/Glints2/dict_0002_0208" 7528
"/Engine/EngineMaterials/Substrate/Glints2/dict_0002_0213" 7529
"/Engine/EngineMaterials/Substrate/Glints2/dict_0002_0221" 7530
"/Engine/EngineMaterials/Substrate/Glints2/dict_0002_0211" 7531
"../../../Engine/Content/EngineMaterials/Substrate/Glints2/dict_0002_0215.uasset" 7532
"../../../Engine/Content/EngineMaterials/Substrate/Glints2/dict_0002_0220.uasset" 7533
"/Engine/EngineMaterials/Substrate/Glints2/dict_0002_0219" 7534
"../../../Engine/Content/EngineMaterials/Substrate/Glints2/dict_0002_0222.uasset" 7535
"/Engine/EngineMaterials/Substrate/Glints2/dict_0002_0218" 7536
"../../../Engine/Content/EngineMaterials/Substrate/Glints2/dict_0002_0223.uasset" 7537
"/Engine/EngineMaterials/Substrate/Glints2/dict_0002_0217" 7538
"/Engine/EngineMaterials/Substrate/Glints2/dict_0002_0214" 7539
"../../../Engine/Content/EngineMaterials/Substrate/Glints2/dict_0002_0205.uasset" 7540
"/Engine/EngineMaterials/Substrate/Glints2/dict_0002_0212" 7541
"/Engine/EngineMaterials/Substrate/Glints2/dict_0002_0204" 7542
"/Engine/EngineMaterials/Substrate/Glints2/dict_0002_0216" 7543
"/Engine/EngineMaterials/Substrate/Glints2/dict_0002_0222" 7544
"/Engine/EngineMaterials/Substrate/Glints2/dict_0002_0215" 7545
"/Engine/EngineMaterials/Substrate/Glints2/dict_0002_0220" 7546
"/Engine/EngineMaterials/Substrate/Glints2/dict_0002_0205" 7547
"/Engine/EngineMaterials/Substrate/Glints2/dict_0002_0223" 7548
"../../../Engine/Content/EngineMaterials/Substrate/Glints2/dict_0002_0232.uasset" 7549
"../../../Engine/Content/EngineMaterials/Substrate/Glints2/dict_0002_0226.uasset" 7550
"../../../Engine/Content/EngineMaterials/Substrate/Glints2/dict_0002_0230.uasset" 7551
"../../../Engine/Content/EngineMaterials/Substrate/Glints2/dict_0002_0229.uasset" 7552
"../../../Engine/Content/EngineMaterials/Substrate/Glints2/dict_0002_0227.uasset" 7553
"../../../Engine/Content/EngineMaterials/Substrate/Glints2/dict_0002_0228.uasset" 7554
"../../../Engine/Content/EngineMaterials/Substrate/Glints2/dict_0002_0236.uasset" 7555
"../../../Engine/Content/EngineMaterials/Substrate/Glints2/dict_0002_0235.uasset" 7556
"../../../Engine/Content/EngineMaterials/Substrate/Glints2/dict_0002_0231.uasset" 7557
"../../../Engine/Content/EngineMaterials/Substrate/Glints2/dict_0002_0234.uasset" 7558
"../../../Engine/Content/EngineMaterials/Substrate/Glints2/dict_0002_0225.uasset" 7559
"../../../Engine/Content/EngineMaterials/Substrate/Glints2/dict_0002_0224.uasset" 7560
"/Engine/EngineMaterials/Substrate/Glints2/dict_0002_0236" 7561
"/Engine/EngineMaterials/Substrate/Glints2/dict_0002_0230" 7562
"/Engine/EngineMaterials/Substrate/Glints2/dict_0002_0235" 7563
"/Engine/EngineMaterials/Substrate/Glints2/dict_0002_0229" 7564
"/Engine/EngineMaterials/Substrate/Glints2/dict_0002_0234" 7565
"/Engine/EngineMaterials/Substrate/Glints2/dict_0002_0231" 7566
"/Engine/EngineMaterials/Substrate/Glints2/dict_0002_0228" 7567
"/Engine/EngineMaterials/Substrate/Glints2/dict_0002_0227" 7568
"/Engine/EngineMaterials/Substrate/Glints2/dict_0002_0226" 7569
"/Engine/EngineMaterials/Substrate/Glints2/dict_0002_0232" 7570
"/Engine/EngineMaterials/Substrate/Glints2/dict_0002_0225" 7571
"/Engine/EngineMaterials/Substrate/Glints2/dict_0002_0224" 7572
"../../../Engine/Content/EngineMaterials/Substrate/Glints2/dict_0002_0233.uasset" 7573
"../../../Engine/Content/EngineMaterials/Substrate/Glints2/dict_0002_0237.uasset" 7574
"../../../Engine/Content/EngineMaterials/Substrate/Glints2/dict_0002_0240.uasset" 7575
"../../../Engine/Content/EngineMaterials/Substrate/Glints2/dict_0002_0245.uasset" 7576
"../../../Engine/Content/EngineMaterials/Substrate/Glints2/dict_0002_0247.uasset" 7577
"../../../Engine/Content/EngineMaterials/Substrate/Glints2/dict_0002_0239.uasset" 7578
"../../../Engine/Content/EngineMaterials/Substrate/Glints2/dict_0002_0238.uasset" 7579
"../../../Engine/Content/EngineMaterials/Substrate/Glints2/dict_0002_0244.uasset" 7580
"../../../Engine/Content/EngineMaterials/Substrate/Glints2/dict_0002_0248.uasset" 7581
"../../../Engine/Content/EngineMaterials/Substrate/Glints2/dict_0002_0242.uasset" 7582
"../../../Engine/Content/EngineMaterials/Substrate/Glints2/dict_0002_0246.uasset" 7583
"../../../Engine/Content/EngineMaterials/Substrate/Glints2/dict_0002_0241.uasset" 7584
"../../../Engine/Content/EngineMaterials/Substrate/Glints2/dict_0002_0243.uasset" 7585
"/Engine/EngineMaterials/Substrate/Glints2/dict_0002_0237" 7586
"/Engine/EngineMaterials/Substrate/Glints2/dict_0002_0248" 7587
"/Engine/EngineMaterials/Substrate/Glints2/dict_0002_0241" 7588
"/Engine/EngineMaterials/Substrate/Glints2/dict_0002_0240" 7589
"/Engine/EngineMaterials/Substrate/Glints2/dict_0002_0239" 7590
"/Engine/EngineMaterials/Substrate/Glints2/dict_0002_0233" 7591
"/Engine/EngineMaterials/Substrate/Glints2/dict_0002_0247" 7592
"/Engine/EngineMaterials/Substrate/Glints2/dict_0002_0246" 7593
"/Engine/EngineMaterials/Substrate/Glints2/dict_0002_0245" 7594
"/Engine/EngineMaterials/Substrate/Glints2/dict_0002_0238" 7595
"/Engine/EngineMaterials/Substrate/Glints2/dict_0002_0244" 7596
"../../../Engine/Content/EngineMaterials/Substrate/Glints2/dict_0002_0250.uasset" 7597
"/Engine/EngineMaterials/Substrate/Glints2/dict_0002_0243" 7598
"/Engine/EngineMaterials/Substrate/Glints2/dict_0002_0242" 7599
"../../../Engine/Content/EngineMaterials/Substrate/Glints2/dict_0002_0249.uasset" 7600
"/Engine/EngineMaterials/Substrate/Glints2/dict_0002_0250" 7601
"../../../Engine/Content/EngineMaterials/Substrate/Glints2/dict_0003_0003.uasset" 7602
"../../../Engine/Content/EngineMaterials/Substrate/Glints2/dict_0002_0252.uasset" 7603
"../../../Engine/Content/EngineMaterials/Substrate/Glints2/dict_0003_0004.uasset" 7604
"/Engine/EngineMaterials/Substrate/Glints2/dict_0002_0249" 7605
"../../../Engine/Content/EngineMaterials/Substrate/Glints2/dict_0003_0001.uasset" 7606
"../../../Engine/Content/EngineMaterials/Substrate/Glints2/dict_0002_0251.uasset" 7607
"/Engine/EngineMaterials/Substrate/Glints2/dict_0003_0004" 7608
"../../../Engine/Content/EngineMaterials/Substrate/Glints2/dict_0003_0002.uasset" 7609
"/Engine/EngineMaterials/Substrate/Glints2/dict_0003_0003" 7610
"../../../Engine/Content/EngineMaterials/Substrate/Glints2/dict_0003_0005.uasset" 7611
"../../../Engine/Content/EngineMaterials/Substrate/Glints2/dict_0003_0000.uasset" 7612
"/Engine/EngineMaterials/Substrate/Glints2/dict_0002_0252" 7613
"../../../Engine/Content/EngineMaterials/Substrate/Glints2/dict_0002_0255.uasset" 7614
"/Engine/EngineMaterials/Substrate/Glints2/dict_0002_0255" 7615
"../../../Engine/Content/EngineMaterials/Substrate/Glints2/dict_0002_0254.uasset" 7616
"/Engine/EngineMaterials/Substrate/Glints2/dict_0003_0005" 7617
"/Engine/EngineMaterials/Substrate/Glints2/dict_0003_0002" 7618
"/Engine/EngineMaterials/Substrate/Glints2/dict_0003_0001" 7619
"/Engine/EngineMaterials/Substrate/Glints2/dict_0003_0000" 7620
"/Engine/EngineMaterials/Substrate/Glints2/dict_0002_0251" 7621
"/Engine/EngineMaterials/Substrate/Glints2/dict_0002_0254" 7622
"../../../Engine/Content/EngineMaterials/Substrate/Glints2/dict_0003_0006.uasset" 7623
"../../../Engine/Content/EngineMaterials/Substrate/Glints2/dict_0002_0253.uasset" 7624
"/Engine/EngineMaterials/Substrate/Glints2/dict_0002_0253" 7625
"../../../Engine/Content/EngineMaterials/Substrate/Glints2/dict_0003_0012.uasset" 7626
"../../../Engine/Content/EngineMaterials/Substrate/Glints2/dict_0003_0009.uasset" 7627
"../../../Engine/Content/EngineMaterials/Substrate/Glints2/dict_0003_0017.uasset" 7628
"../../../Engine/Content/EngineMaterials/Substrate/Glints2/dict_0003_0011.uasset" 7629
"../../../Engine/Content/EngineMaterials/Substrate/Glints2/dict_0003_0015.uasset" 7630
"../../../Engine/Content/EngineMaterials/Substrate/Glints2/dict_0003_0014.uasset" 7631
"../../../Engine/Content/EngineMaterials/Substrate/Glints2/dict_0003_0018.uasset" 7632
"../../../Engine/Content/EngineMaterials/Substrate/Glints2/dict_0003_0010.uasset" 7633
"../../../Engine/Content/EngineMaterials/Substrate/Glints2/dict_0003_0007.uasset" 7634
"../../../Engine/Content/EngineMaterials/Substrate/Glints2/dict_0003_0013.uasset" 7635
"../../../Engine/Content/EngineMaterials/Substrate/Glints2/dict_0003_0016.uasset" 7636
"/Engine/EngineMaterials/Substrate/Glints2/dict_0003_0006" 7637
"/Engine/EngineMaterials/Substrate/Glints2/dict_0003_0011" 7638
"/Engine/EngineMaterials/Substrate/Glints2/dict_0003_0010" 7639
"/Engine/EngineMaterials/Substrate/Glints2/dict_0003_0009" 7640
"/Engine/EngineMaterials/Substrate/Glints2/dict_0003_0007" 7641
"/Engine/EngineMaterials/Substrate/Glints2/dict_0003_0018" 7642
"/Engine/EngineMaterials/Substrate/Glints2/dict_0003_0017" 7643
"/Engine/EngineMaterials/Substrate/Glints2/dict_0003_0016" 7644
"/Engine/EngineMaterials/Substrate/Glints2/dict_0003_0015" 7645
"/Engine/EngineMaterials/Substrate/Glints2/dict_0003_0014" 7646
"../../../Engine/Content/EngineMaterials/Substrate/Glints2/dict_0003_0008.uasset" 7647
"/Engine/EngineMaterials/Substrate/Glints2/dict_0003_0013" 7648
"/Engine/EngineMaterials/Substrate/Glints2/dict_0003_0012" 7649
"/Engine/EngineMaterials/Substrate/Glints2/dict_0003_0008" 7650
"../../../Engine/Content/EngineMaterials/Substrate/Glints2/dict_0003_0020.uasset" 7651
"../../../Engine/Content/EngineMaterials/Substrate/Glints2/dict_0003_0019.uasset" 7652
"../../../Engine/Content/EngineMaterials/Substrate/Glints2/dict_0003_0022.uasset" 7653
"../../../Engine/Content/EngineMaterials/Substrate/Glints2/dict_0003_0023.uasset" 7654
"../../../Engine/Content/EngineMaterials/Substrate/Glints2/dict_0003_0031.uasset" 7655
"../../../Engine/Content/EngineMaterials/Substrate/Glints2/dict_0003_0027.uasset" 7656
"../../../Engine/Content/EngineMaterials/Substrate/Glints2/dict_0003_0021.uasset" 7657
"../../../Engine/Content/EngineMaterials/Substrate/Glints2/dict_0003_0029.uasset" 7658
"../../../Engine/Content/EngineMaterials/Substrate/Glints2/dict_0003_0028.uasset" 7659
"../../../Engine/Content/EngineMaterials/Substrate/Glints2/dict_0003_0030.uasset" 7660
"../../../Engine/Content/EngineMaterials/Substrate/Glints2/dict_0003_0026.uasset" 7661
"../../../Engine/Content/EngineMaterials/Substrate/Glints2/dict_0003_0024.uasset" 7662
"../../../Engine/Content/EngineMaterials/Substrate/Glints2/dict_0003_0025.uasset" 7663
"/Engine/EngineMaterials/Substrate/Glints2/dict_0003_0024" 7664
"/Engine/EngineMaterials/Substrate/Glints2/dict_0003_0026" 7665
"/Engine/EngineMaterials/Substrate/Glints2/dict_0003_0025" 7666
"/Engine/EngineMaterials/Substrate/Glints2/dict_0003_0023" 7667
"/Engine/EngineMaterials/Substrate/Glints2/dict_0003_0022" 7668
"/Engine/EngineMaterials/Substrate/Glints2/dict_0003_0021" 7669
"/Engine/EngineMaterials/Substrate/Glints2/dict_0003_0020" 7670
"/Engine/EngineMaterials/Substrate/Glints2/dict_0003_0029" 7671
"/Engine/EngineMaterials/Substrate/Glints2/dict_0003_0019" 7672
"/Engine/EngineMaterials/Substrate/Glints2/dict_0003_0028" 7673
"/Engine/EngineMaterials/Substrate/Glints2/dict_0003_0027" 7674
"/Engine/EngineMaterials/Substrate/Glints2/dict_0003_0031" 7675
"/Engine/EngineMaterials/Substrate/Glints2/dict_0003_0030" 7676
"../../../Engine/Content/EngineMaterials/Substrate/Glints2/dict_0003_0034.uasset" 7677
"../../../Engine/Content/EngineMaterials/Substrate/Glints2/dict_0003_0032.uasset" 7678
"../../../Engine/Content/EngineMaterials/Substrate/Glints2/dict_0003_0035.uasset" 7679
"../../../Engine/Content/EngineMaterials/Substrate/Glints2/dict_0003_0039.uasset" 7680
"../../../Engine/Content/EngineMaterials/Substrate/Glints2/dict_0003_0038.uasset" 7681
"../../../Engine/Content/EngineMaterials/Substrate/Glints2/dict_0003_0041.uasset" 7682
"../../../Engine/Content/EngineMaterials/Substrate/Glints2/dict_0003_0037.uasset" 7683
"../../../Engine/Content/EngineMaterials/Substrate/Glints2/dict_0003_0040.uasset" 7684
"../../../Engine/Content/EngineMaterials/Substrate/Glints2/dict_0003_0042.uasset" 7685
"../../../Engine/Content/EngineMaterials/Substrate/Glints2/dict_0003_0044.uasset" 7686
"../../../Engine/Content/EngineMaterials/Substrate/Glints2/dict_0003_0036.uasset" 7687
"../../../Engine/Content/EngineMaterials/Substrate/Glints2/dict_0003_0033.uasset" 7688
"/Engine/EngineMaterials/Substrate/Glints2/dict_0003_0035" 7689
"/Engine/EngineMaterials/Substrate/Glints2/dict_0003_0036" 7690
"/Engine/EngineMaterials/Substrate/Glints2/dict_0003_0038" 7691
"/Engine/EngineMaterials/Substrate/Glints2/dict_0003_0037" 7692
"/Engine/EngineMaterials/Substrate/Glints2/dict_0003_0034" 7693
"/Engine/EngineMaterials/Substrate/Glints2/dict_0003_0033" 7694
"/Engine/EngineMaterials/Substrate/Glints2/dict_0003_0044" 7695
"/Engine/EngineMaterials/Substrate/Glints2/dict_0003_0042" 7696
"/Engine/EngineMaterials/Substrate/Glints2/dict_0003_0041" 7697
"/Engine/EngineMaterials/Substrate/Glints2/dict_0003_0032" 7698
"/Engine/EngineMaterials/Substrate/Glints2/dict_0003_0040" 7699
"../../../Engine/Content/EngineMaterials/Substrate/Glints2/dict_0003_0043.uasset" 7700
"/Engine/EngineMaterials/Substrate/Glints2/dict_0003_0039" 7701
"/Engine/EngineMaterials/Substrate/Glints2/dict_0003_0043" 7702
"../../../Engine/Content/EngineMaterials/Substrate/Glints2/dict_0003_0048.uasset" 7703
"../../../Engine/Content/EngineMaterials/Substrate/Glints2/dict_0003_0051.uasset" 7704
"../../../Engine/Content/EngineMaterials/Substrate/Glints2/dict_0003_0055.uasset" 7705
"../../../Engine/Content/EngineMaterials/Substrate/Glints2/dict_0003_0054.uasset" 7706
"../../../Engine/Content/EngineMaterials/Substrate/Glints2/dict_0003_0050.uasset" 7707
"../../../Engine/Content/EngineMaterials/Substrate/Glints2/dict_0003_0047.uasset" 7708
"../../../Engine/Content/EngineMaterials/Substrate/Glints2/dict_0003_0049.uasset" 7709
"../../../Engine/Content/EngineMaterials/Substrate/Glints2/dict_0003_0053.uasset" 7710
"../../../Engine/Content/EngineMaterials/Substrate/Glints2/dict_0003_0052.uasset" 7711
"../../../Engine/Content/EngineMaterials/Substrate/Glints2/dict_0003_0046.uasset" 7712
"../../../Engine/Content/EngineMaterials/Substrate/Glints2/dict_0003_0045.uasset" 7713
"../../../Engine/Content/EngineMaterials/Substrate/Glints2/dict_0003_0056.uasset" 7714
"/Engine/EngineMaterials/Substrate/Glints2/dict_0003_0049" 7715
"/Engine/EngineMaterials/Substrate/Glints2/dict_0003_0048" 7716
"/Engine/EngineMaterials/Substrate/Glints2/dict_0003_0047" 7717
"/Engine/EngineMaterials/Substrate/Glints2/dict_0003_0050" 7718
"/Engine/EngineMaterials/Substrate/Glints2/dict_0003_0046" 7719
"/Engine/EngineMaterials/Substrate/Glints2/dict_0003_0056" 7720
"/Engine/EngineMaterials/Substrate/Glints2/dict_0003_0055" 7721
"../../../Engine/Content/EngineMaterials/Substrate/Glints2/dict_0003_0057.uasset" 7722
"/Engine/EngineMaterials/Substrate/Glints2/dict_0003_0054" 7723
"/Engine/EngineMaterials/Substrate/Glints2/dict_0003_0045" 7724
"/Engine/EngineMaterials/Substrate/Glints2/dict_0003_0053" 7725
"/Engine/EngineMaterials/Substrate/Glints2/dict_0003_0052" 7726
"/Engine/EngineMaterials/Substrate/Glints2/dict_0003_0051" 7727
"/Engine/EngineMaterials/Substrate/Glints2/dict_0003_0057" 7728
"../../../Engine/Content/EngineMaterials/Substrate/Glints2/dict_0003_0065.uasset" 7729
"../../../Engine/Content/EngineMaterials/Substrate/Glints2/dict_0003_0067.uasset" 7730
"../../../Engine/Content/EngineMaterials/Substrate/Glints2/dict_0003_0068.uasset" 7731
"../../../Engine/Content/EngineMaterials/Substrate/Glints2/dict_0003_0063.uasset" 7732
"../../../Engine/Content/EngineMaterials/Substrate/Glints2/dict_0003_0061.uasset" 7733
"../../../Engine/Content/EngineMaterials/Substrate/Glints2/dict_0003_0064.uasset" 7734
"../../../Engine/Content/EngineMaterials/Substrate/Glints2/dict_0003_0059.uasset" 7735
"../../../Engine/Content/EngineMaterials/Substrate/Glints2/dict_0003_0062.uasset" 7736
"../../../Engine/Content/EngineMaterials/Substrate/Glints2/dict_0003_0060.uasset" 7737
"../../../Engine/Content/EngineMaterials/Substrate/Glints2/dict_0003_0058.uasset" 7738
"../../../Engine/Content/EngineMaterials/Substrate/Glints2/dict_0003_0066.uasset" 7739
"../../../Engine/Content/EngineMaterials/Substrate/Glints2/dict_0003_0069.uasset" 7740
"/Engine/EngineMaterials/Substrate/Glints2/dict_0003_0063" 7741
"/Engine/EngineMaterials/Substrate/Glints2/dict_0003_0062" 7742
"/Engine/EngineMaterials/Substrate/Glints2/dict_0003_0061" 7743
"../../../Engine/Content/EngineMaterials/Substrate/Glints2/dict_0003_0076.uasset" 7744
"../../../Engine/Content/EngineMaterials/Substrate/Glints2/dict_0003_0075.uasset" 7745
"../../../Engine/Content/EngineMaterials/Substrate/Glints2/dict_0003_0072.uasset" 7746
"/Engine/EngineMaterials/Substrate/Glints2/dict_0003_0060" 7747
"../../../Engine/Content/EngineMaterials/Substrate/Glints2/dict_0003_0080.uasset" 7748
"../../../Engine/Content/EngineMaterials/Substrate/Glints2/dict_0003_0079.uasset" 7749
"../../../Engine/Content/EngineMaterials/Substrate/Glints2/dict_0003_0077.uasset" 7750
"/Engine/EngineMaterials/Substrate/Glints2/dict_0003_0059" 7751
"../../../Engine/Content/EngineMaterials/Substrate/Glints2/dict_0003_0081.uasset" 7752
"../../../Engine/Content/EngineMaterials/Substrate/Glints2/dict_0003_0082.uasset" 7753
"/Engine/EngineMaterials/Substrate/Glints2/dict_0003_0058" 7754
"../../../Engine/Content/EngineMaterials/Substrate/Glints2/dict_0003_0073.uasset" 7755
"../../../Engine/Content/EngineMaterials/Substrate/Glints2/dict_0003_0071.uasset" 7756
"/Engine/EngineMaterials/Substrate/Glints2/dict_0003_0068" 7757
"/Engine/EngineMaterials/Substrate/Glints2/dict_0003_0067" 7758
"/Engine/EngineMaterials/Substrate/Glints2/dict_0003_0066" 7759
"../../../Engine/Content/EngineMaterials/Substrate/Glints2/dict_0003_0074.uasset" 7760
"/Engine/EngineMaterials/Substrate/Glints2/dict_0003_0065" 7761
"/Engine/EngineMaterials/Substrate/Glints2/dict_0003_0064" 7762
"/Engine/EngineMaterials/Substrate/Glints2/dict_0003_0075" 7763
"../../../Engine/Content/EngineMaterials/Substrate/Glints2/dict_0003_0078.uasset" 7764
"../../../Engine/Content/EngineMaterials/Substrate/Glints2/dict_0003_0070.uasset" 7765
"/Engine/EngineMaterials/Substrate/Glints2/dict_0003_0074" 7766
"/Engine/EngineMaterials/Substrate/Glints2/dict_0003_0073" 7767
"/Engine/EngineMaterials/Substrate/Glints2/dict_0003_0072" 7768
"/Engine/EngineMaterials/Substrate/Glints2/dict_0003_0071" 7769
"/Engine/EngineMaterials/Substrate/Glints2/dict_0003_0082" 7770
"/Engine/EngineMaterials/Substrate/Glints2/dict_0003_0081" 7771
"/Engine/EngineMaterials/Substrate/Glints2/dict_0003_0080" 7772
"/Engine/EngineMaterials/Substrate/Glints2/dict_0003_0069" 7773
"/Engine/EngineMaterials/Substrate/Glints2/dict_0003_0076" 7774
"/Engine/EngineMaterials/Substrate/Glints2/dict_0003_0079" 7775
"/Engine/EngineMaterials/Substrate/Glints2/dict_0003_0077" 7776
"/Engine/EngineMaterials/Substrate/Glints2/dict_0003_0070" 7777
"/Engine/EngineMaterials/Substrate/Glints2/dict_0003_0078" 7778
"../../../Engine/Content/EngineMaterials/Substrate/Glints2/dict_0003_0083.uasset" 7779
"../../../Engine/Content/EngineMaterials/Substrate/Glints2/dict_0003_0084.uasset" 7780
"../../../Engine/Content/EngineMaterials/Substrate/Glints2/dict_0003_0085.uasset" 7781
"../../../Engine/Content/EngineMaterials/Substrate/Glints2/dict_0003_0087.uasset" 7782
"../../../Engine/Content/EngineMaterials/Substrate/Glints2/dict_0003_0089.uasset" 7783
"../../../Engine/Content/EngineMaterials/Substrate/Glints2/dict_0003_0088.uasset" 7784
"../../../Engine/Content/EngineMaterials/Substrate/Glints2/dict_0003_0092.uasset" 7785
"../../../Engine/Content/EngineMaterials/Substrate/Glints2/dict_0003_0090.uasset" 7786
"../../../Engine/Content/EngineMaterials/Substrate/Glints2/dict_0003_0086.uasset" 7787
"../../../Engine/Content/EngineMaterials/Substrate/Glints2/dict_0003_0091.uasset" 7788
"/Engine/EngineMaterials/Substrate/Glints2/dict_0003_0088" 7789
"../../../Engine/Content/EngineMaterials/Substrate/Glints2/dict_0003_0093.uasset" 7790
"/Engine/EngineMaterials/Substrate/Glints2/dict_0003_0087" 7791
"/Engine/EngineMaterials/Substrate/Glints2/dict_0003_0086" 7792
"/Engine/EngineMaterials/Substrate/Glints2/dict_0003_0089" 7793
"/Engine/EngineMaterials/Substrate/Glints2/dict_0003_0085" 7794
"/Engine/EngineMaterials/Substrate/Glints2/dict_0003_0084" 7795
"/Engine/EngineMaterials/Substrate/Glints2/dict_0003_0083" 7796
"/Engine/EngineMaterials/Substrate/Glints2/dict_0003_0092" 7797
"/Engine/EngineMaterials/Substrate/Glints2/dict_0003_0090" 7798
"/Engine/EngineMaterials/Substrate/Glints2/dict_0003_0093" 7799
"/Engine/EngineMaterials/Substrate/Glints2/dict_0003_0091" 7800
"../../../Engine/Content/EngineMaterials/Substrate/Glints2/dict_0003_0095.uasset" 7801
"../../../Engine/Content/EngineMaterials/Substrate/Glints2/dict_0003_0094.uasset" 7802
"../../../Engine/Content/EngineMaterials/Substrate/Glints2/dict_0003_0100.uasset" 7803
"../../../Engine/Content/EngineMaterials/Substrate/Glints2/dict_0003_0101.uasset" 7804
"../../../Engine/Content/EngineMaterials/Substrate/Glints2/dict_0003_0099.uasset" 7805
"../../../Engine/Content/EngineMaterials/Substrate/Glints2/dict_0003_0102.uasset" 7806
"../../../Engine/Content/EngineMaterials/Substrate/Glints2/dict_0003_0096.uasset" 7807
"../../../Engine/Content/EngineMaterials/Substrate/Glints2/dict_0003_0104.uasset" 7808
"../../../Engine/Content/EngineMaterials/Substrate/Glints2/dict_0003_0097.uasset" 7809
"../../../Engine/Content/EngineMaterials/Substrate/Glints2/dict_0003_0098.uasset" 7810
"../../../Engine/Content/EngineMaterials/Substrate/Glints2/dict_0003_0103.uasset" 7811
"/Engine/EngineMaterials/Substrate/Glints2/dict_0003_0100" 7812
"/Engine/EngineMaterials/Substrate/Glints2/dict_0003_0099" 7813
"/Engine/EngineMaterials/Substrate/Glints2/dict_0003_0098" 7814
"/Engine/EngineMaterials/Substrate/Glints2/dict_0003_0097" 7815
"/Engine/EngineMaterials/Substrate/Glints2/dict_0003_0096" 7816
"/Engine/EngineMaterials/Substrate/Glints2/dict_0003_0095" 7817
"../../../Engine/Content/EngineMaterials/Substrate/Glints2/dict_0003_0106.uasset" 7818
"../../../Engine/Content/EngineMaterials/Substrate/Glints2/dict_0003_0111.uasset" 7819
"../../../Engine/Content/EngineMaterials/Substrate/Glints2/dict_0003_0105.uasset" 7820
"../../../Engine/Content/EngineMaterials/Substrate/Glints2/dict_0003_0113.uasset" 7821
"/Engine/EngineMaterials/Substrate/Glints2/dict_0003_0104" 7822
"/Engine/EngineMaterials/Substrate/Glints2/dict_0003_0103" 7823
"/Engine/EngineMaterials/Substrate/Glints2/dict_0003_0094" 7824
"/Engine/EngineMaterials/Substrate/Glints2/dict_0003_0102" 7825
"/Engine/EngineMaterials/Substrate/Glints2/dict_0003_0101" 7826
"../../../Engine/Content/EngineMaterials/Substrate/Glints2/dict_0003_0116.uasset" 7827
"/Engine/EngineMaterials/Substrate/Glints2/dict_0003_0111" 7828
"/Engine/EngineMaterials/Substrate/Glints2/dict_0003_0106" 7829
"/Engine/EngineMaterials/Substrate/Glints2/dict_0003_0105" 7830
"../../../Engine/Content/EngineMaterials/Substrate/Glints2/dict_0003_0115.uasset" 7831
"/Engine/EngineMaterials/Substrate/Glints2/dict_0003_0116" 7832
"../../../Engine/Content/EngineMaterials/Substrate/Glints2/dict_0003_0108.uasset" 7833
"/Engine/EngineMaterials/Substrate/Glints2/dict_0003_0113" 7834
"../../../Engine/Content/EngineMaterials/Substrate/Glints2/dict_0003_0107.uasset" 7835
"/Engine/EngineMaterials/Substrate/Glints2/dict_0003_0108" 7836
"../../../Engine/Content/EngineMaterials/Substrate/Glints2/dict_0003_0114.uasset" 7837
"/Engine/EngineMaterials/Substrate/Glints2/dict_0003_0107" 7838
"/Engine/EngineMaterials/Substrate/Glints2/dict_0003_0115" 7839
"/Engine/EngineMaterials/Substrate/Glints2/dict_0003_0114" 7840
"../../../Engine/Content/EngineMaterials/Substrate/Glints2/dict_0003_0117.uasset" 7841
"../../../Engine/Content/EngineMaterials/Substrate/Glints2/dict_0003_0120.uasset" 7842
"../../../Engine/Content/EngineMaterials/Substrate/Glints2/dict_0003_0118.uasset" 7843
"../../../Engine/Content/EngineMaterials/Substrate/Glints2/dict_0003_0121.uasset" 7844
"../../../Engine/Content/EngineMaterials/Substrate/Glints2/dict_0003_0122.uasset" 7845
"../../../Engine/Content/EngineMaterials/Substrate/Glints2/dict_0003_0119.uasset" 7846
"../../../Engine/Content/EngineMaterials/Substrate/Glints2/dict_0003_0110.uasset" 7847
"../../../Engine/Content/EngineMaterials/Substrate/Glints2/dict_0003_0109.uasset" 7848
"../../../Engine/Content/EngineMaterials/Substrate/Glints2/dict_0003_0123.uasset" 7849
"../../../Engine/Content/EngineMaterials/Substrate/Glints2/dict_0003_0127.uasset" 7850
"/Engine/EngineMaterials/Substrate/Glints2/dict_0003_0123" 7851
"../../../Engine/Content/EngineMaterials/Substrate/Glints2/dict_0003_0128.uasset" 7852
"/Engine/EngineMaterials/Substrate/Glints2/dict_0003_0122" 7853
"/Engine/EngineMaterials/Substrate/Glints2/dict_0003_0121" 7854
"/Engine/EngineMaterials/Substrate/Glints2/dict_0003_0110" 7855
"/Engine/EngineMaterials/Substrate/Glints2/dict_0003_0120" 7856
"/Engine/EngineMaterials/Substrate/Glints2/dict_0003_0119" 7857
"/Engine/EngineMaterials/Substrate/Glints2/dict_0003_0118" 7858
"/Engine/EngineMaterials/Substrate/Glints2/dict_0003_0109" 7859
"../../../Engine/Content/EngineMaterials/Substrate/Glints2/dict_0003_0125.uasset" 7860
"/Engine/EngineMaterials/Substrate/Glints2/dict_0003_0117" 7861
"/Engine/EngineMaterials/Substrate/Glints2/dict_0003_0128" 7862
"/Engine/EngineMaterials/Substrate/Glints2/dict_0003_0127" 7863
"/Engine/EngineMaterials/Substrate/Glints2/dict_0003_0125" 7864
"../../../Engine/Content/EngineMaterials/Substrate/Glints2/dict_0003_0112.uasset" 7865
"../../../Engine/Content/EngineMaterials/Substrate/Glints2/dict_0003_0130.uasset" 7866
"../../../Engine/Content/EngineMaterials/Substrate/Glints2/dict_0003_0133.uasset" 7867
"../../../Engine/Content/EngineMaterials/Substrate/Glints2/dict_0003_0131.uasset" 7868
"../../../Engine/Content/EngineMaterials/Substrate/Glints2/dict_0003_0124.uasset" 7869
"../../../Engine/Content/EngineMaterials/Substrate/Glints2/dict_0003_0132.uasset" 7870
"../../../Engine/Content/EngineMaterials/Substrate/Glints2/dict_0003_0129.uasset" 7871
"../../../Engine/Content/EngineMaterials/Substrate/Glints2/dict_0003_0137.uasset" 7872
"../../../Engine/Content/EngineMaterials/Substrate/Glints2/dict_0003_0138.uasset" 7873
"../../../Engine/Content/EngineMaterials/Substrate/Glints2/dict_0003_0136.uasset" 7874
"/Engine/EngineMaterials/Substrate/Glints2/dict_0003_0136" 7875
"../../../Engine/Content/EngineMaterials/Substrate/Glints2/dict_0003_0126.uasset" 7876
"/Engine/EngineMaterials/Substrate/Glints2/dict_0003_0112" 7877
"/Engine/EngineMaterials/Substrate/Glints2/dict_0003_0133" 7878
"/Engine/EngineMaterials/Substrate/Glints2/dict_0003_0132" 7879
"/Engine/EngineMaterials/Substrate/Glints2/dict_0003_0131" 7880
"/Engine/EngineMaterials/Substrate/Glints2/dict_0003_0130" 7881
"../../../Engine/Content/EngineMaterials/Substrate/Glints2/dict_0003_0145.uasset" 7882
"/Engine/EngineMaterials/Substrate/Glints2/dict_0003_0129" 7883
"../../../Engine/Content/EngineMaterials/Substrate/Glints2/dict_0003_0144.uasset" 7884
"../../../Engine/Content/EngineMaterials/Substrate/Glints2/dict_0003_0143.uasset" 7885
"../../../Engine/Content/EngineMaterials/Substrate/Glints2/dict_0003_0146.uasset" 7886
"/Engine/EngineMaterials/Substrate/Glints2/dict_0003_0138" 7887
"../../../Engine/Content/EngineMaterials/Substrate/Glints2/dict_0003_0139.uasset" 7888
"/Engine/EngineMaterials/Substrate/Glints2/dict_0003_0124" 7889
"/Engine/EngineMaterials/Substrate/Glints2/dict_0003_0137" 7890
"/Engine/EngineMaterials/Substrate/Glints2/dict_0003_0144" 7891
"/Engine/EngineMaterials/Substrate/Glints2/dict_0003_0146" 7892
"/Engine/EngineMaterials/Substrate/Glints2/dict_0003_0143" 7893
"/Engine/EngineMaterials/Substrate/Glints2/dict_0003_0139" 7894
"/Engine/EngineMaterials/Substrate/Glints2/dict_0003_0145" 7895
"../../../Engine/Content/EngineMaterials/Substrate/Glints2/dict_0003_0142.uasset" 7896
"/Engine/EngineMaterials/Substrate/Glints2/dict_0003_0126" 7897
"/Engine/EngineMaterials/Substrate/Glints2/dict_0003_0142" 7898
"../../../Engine/Content/EngineMaterials/Substrate/Glints2/dict_0003_0141.uasset" 7899
"../../../Engine/Content/EngineMaterials/Substrate/Glints2/dict_0003_0134.uasset" 7900
"../../../Engine/Content/EngineMaterials/Substrate/Glints2/dict_0003_0148.uasset" 7901
"../../../Engine/Content/EngineMaterials/Substrate/Glints2/dict_0003_0140.uasset" 7902
"../../../Engine/Content/EngineMaterials/Substrate/Glints2/dict_0003_0147.uasset" 7903
"../../../Engine/Content/EngineMaterials/Substrate/Glints2/dict_0003_0151.uasset" 7904
"../../../Engine/Content/EngineMaterials/Substrate/Glints2/dict_0003_0154.uasset" 7905
"/Engine/EngineMaterials/Substrate/Glints2/dict_0003_0141" 7906
"../../../Engine/Content/EngineMaterials/Substrate/Glints2/dict_0003_0135.uasset" 7907
"../../../Engine/Content/EngineMaterials/Substrate/Glints2/dict_0003_0153.uasset" 7908
"../../../Engine/Content/EngineMaterials/Substrate/Glints2/dict_0003_0152.uasset" 7909
"../../../Engine/Content/EngineMaterials/Substrate/Glints2/dict_0003_0155.uasset" 7910
"../../../Engine/Content/EngineMaterials/Substrate/Glints2/dict_0003_0156.uasset" 7911
"/Engine/EngineMaterials/Substrate/Glints2/dict_0003_0134" 7912
"/Engine/EngineMaterials/Substrate/Glints2/dict_0003_0148" 7913
"/Engine/EngineMaterials/Substrate/Glints2/dict_0003_0147" 7914
"../../../Engine/Content/EngineMaterials/Substrate/Glints2/dict_0003_0158.uasset" 7915
"/Engine/EngineMaterials/Substrate/Glints2/dict_0003_0140" 7916
"/Engine/EngineMaterials/Substrate/Glints2/dict_0003_0135" 7917
"/Engine/EngineMaterials/Substrate/Glints2/dict_0003_0154" 7918
"/Engine/EngineMaterials/Substrate/Glints2/dict_0003_0153" 7919
"../../../Engine/Content/EngineMaterials/Substrate/Glints2/dict_0003_0150.uasset" 7920
"/Engine/EngineMaterials/Substrate/Glints2/dict_0003_0152" 7921
"/Engine/EngineMaterials/Substrate/Glints2/dict_0003_0151" 7922
"../../../Engine/Content/EngineMaterials/Substrate/Glints2/dict_0003_0149.uasset" 7923
"/Engine/EngineMaterials/Substrate/Glints2/dict_0003_0156" 7924
"/Engine/EngineMaterials/Substrate/Glints2/dict_0003_0155" 7925
"/Engine/EngineMaterials/Substrate/Glints2/dict_0003_0158" 7926
"/Engine/EngineMaterials/Substrate/Glints2/dict_0003_0150" 7927
"../../../Engine/Content/EngineMaterials/Substrate/Glints2/dict_0003_0157.uasset" 7928
"/Engine/EngineMaterials/Substrate/Glints2/dict_0003_0149" 7929
"/Engine/EngineMaterials/Substrate/Glints2/dict_0003_0157" 7930
"../../../Engine/Content/EngineMaterials/Substrate/Glints2/dict_0003_0164.uasset" 7931
"../../../Engine/Content/EngineMaterials/Substrate/Glints2/dict_0003_0162.uasset" 7932
"../../../Engine/Content/EngineMaterials/Substrate/Glints2/dict_0003_0163.uasset" 7933
"../../../Engine/Content/EngineMaterials/Substrate/Glints2/dict_0003_0165.uasset" 7934
"../../../Engine/Content/EngineMaterials/Substrate/Glints2/dict_0003_0167.uasset" 7935
"../../../Engine/Content/EngineMaterials/Substrate/Glints2/dict_0003_0159.uasset" 7936
"../../../Engine/Content/EngineMaterials/Substrate/Glints2/dict_0003_0160.uasset" 7937
"../../../Engine/Content/EngineMaterials/Substrate/Glints2/dict_0003_0169.uasset" 7938
"../../../Engine/Content/EngineMaterials/Substrate/Glints2/dict_0003_0168.uasset" 7939
"../../../Engine/Content/EngineMaterials/Substrate/Glints2/dict_0003_0161.uasset" 7940
"../../../Engine/Content/EngineMaterials/Substrate/Glints2/dict_0003_0166.uasset" 7941
"/Engine/EngineMaterials/Substrate/Glints2/dict_0003_0167" 7942
"/Engine/EngineMaterials/Substrate/Glints2/dict_0003_0166" 7943
"/Engine/EngineMaterials/Substrate/Glints2/dict_0003_0165" 7944
"/Engine/EngineMaterials/Substrate/Glints2/dict_0003_0164" 7945
"/Engine/EngineMaterials/Substrate/Glints2/dict_0003_0163" 7946
"/Engine/EngineMaterials/Substrate/Glints2/dict_0003_0169" 7947
"/Engine/EngineMaterials/Substrate/Glints2/dict_0003_0162" 7948
"../../../Engine/Content/EngineMaterials/Substrate/Glints2/dict_0003_0170.uasset" 7949
"/Engine/EngineMaterials/Substrate/Glints2/dict_0003_0161" 7950
"/Engine/EngineMaterials/Substrate/Glints2/dict_0003_0160" 7951
"/Engine/EngineMaterials/Substrate/Glints2/dict_0003_0159" 7952
"/Engine/EngineMaterials/Substrate/Glints2/dict_0003_0168" 7953
"/Engine/EngineMaterials/Substrate/Glints2/dict_0003_0170" 7954
"../../../Engine/Content/EngineMaterials/Substrate/Glints2/dict_0003_0176.uasset" 7955
"../../../Engine/Content/EngineMaterials/Substrate/Glints2/dict_0003_0172.uasset" 7956
"../../../Engine/Content/EngineMaterials/Substrate/Glints2/dict_0003_0174.uasset" 7957
"../../../Engine/Content/EngineMaterials/Substrate/Glints2/dict_0003_0179.uasset" 7958
"../../../Engine/Content/EngineMaterials/Substrate/Glints2/dict_0003_0182.uasset" 7959
"../../../Engine/Content/EngineMaterials/Substrate/Glints2/dict_0003_0175.uasset" 7960
"../../../Engine/Content/EngineMaterials/Substrate/Glints2/dict_0003_0181.uasset" 7961
"../../../Engine/Content/EngineMaterials/Substrate/Glints2/dict_0003_0178.uasset" 7962
"../../../Engine/Content/EngineMaterials/Substrate/Glints2/dict_0003_0173.uasset" 7963
"../../../Engine/Content/EngineMaterials/Substrate/Glints2/dict_0003_0171.uasset" 7964
"../../../Engine/Content/EngineMaterials/Substrate/Glints2/dict_0003_0180.uasset" 7965
"../../../Engine/Content/EngineMaterials/Substrate/Glints2/dict_0003_0177.uasset" 7966
"/Engine/EngineMaterials/Substrate/Glints2/dict_0003_0179" 7967
"/Engine/EngineMaterials/Substrate/Glints2/dict_0003_0178" 7968
"/Engine/EngineMaterials/Substrate/Glints2/dict_0003_0177" 7969
"../../../Engine/Content/EngineMaterials/Substrate/Glints2/dict_0003_0183.uasset" 7970
"/Engine/EngineMaterials/Substrate/Glints2/dict_0003_0176" 7971
"/Engine/EngineMaterials/Substrate/Glints2/dict_0003_0173" 7972
"/Engine/EngineMaterials/Substrate/Glints2/dict_0003_0172" 7973
"/Engine/EngineMaterials/Substrate/Glints2/dict_0003_0171" 7974
"/Engine/EngineMaterials/Substrate/Glints2/dict_0003_0175" 7975
"/Engine/EngineMaterials/Substrate/Glints2/dict_0003_0182" 7976
"/Engine/EngineMaterials/Substrate/Glints2/dict_0003_0181" 7977
"/Engine/EngineMaterials/Substrate/Glints2/dict_0003_0174" 7978
"/Engine/EngineMaterials/Substrate/Glints2/dict_0003_0180" 7979
"../../../Engine/Content/EngineMaterials/Substrate/Glints2/dict_0003_0189.uasset" 7980
"../../../Engine/Content/EngineMaterials/Substrate/Glints2/dict_0003_0187.uasset" 7981
"../../../Engine/Content/EngineMaterials/Substrate/Glints2/dict_0003_0191.uasset" 7982
"../../../Engine/Content/EngineMaterials/Substrate/Glints2/dict_0003_0188.uasset" 7983
"/Engine/EngineMaterials/Substrate/Glints2/dict_0003_0183" 7984
"../../../Engine/Content/EngineMaterials/Substrate/Glints2/dict_0003_0186.uasset" 7985
"../../../Engine/Content/EngineMaterials/Substrate/Glints2/dict_0003_0185.uasset" 7986
"../../../Engine/Content/EngineMaterials/Substrate/Glints2/dict_0003_0192.uasset" 7987
"/Engine/EngineMaterials/Substrate/Glints2/dict_0003_0187" 7988
"/Engine/EngineMaterials/Substrate/Glints2/dict_0003_0186" 7989
"/Engine/EngineMaterials/Substrate/Glints2/dict_0003_0185" 7990
"/Engine/EngineMaterials/Substrate/Glints2/dict_0003_0189" 7991
"/Engine/EngineMaterials/Substrate/Glints2/dict_0003_0188" 7992
"/Engine/EngineMaterials/Substrate/Glints2/dict_0003_0192" 7993
"/Engine/EngineMaterials/Substrate/Glints2/dict_0003_0191" 7994
"../../../Engine/Content/EngineMaterials/Substrate/Glints2/dict_0003_0193.uasset" 7995
"../../../Engine/Content/EngineMaterials/Substrate/Glints2/dict_0003_0184.uasset" 7996
"../../../Engine/Content/EngineMaterials/Substrate/Glints2/dict_0003_0194.uasset" 7997
"../../../Engine/Content/EngineMaterials/Substrate/Glints2/dict_0003_0195.uasset" 7998
"../../../Engine/Content/EngineMaterials/Substrate/Glints2/dict_0003_0190.uasset" 7999
"../../../Engine/Content/EngineMaterials/Substrate/Glints2/dict_0003_0202.uasset" 8000
"../../../Engine/Content/EngineMaterials/Substrate/Glints2/dict_0003_0197.uasset" 8001
"../../../Engine/Content/EngineMaterials/Substrate/Glints2/dict_0003_0198.uasset" 8002
"../../../Engine/Content/EngineMaterials/Substrate/Glints2/dict_0003_0203.uasset" 8003
"../../../Engine/Content/EngineMaterials/Substrate/Glints2/dict_0003_0200.uasset" 8004
"../../../Engine/Content/EngineMaterials/Substrate/Glints2/dict_0003_0201.uasset" 8005
"/Engine/EngineMaterials/Substrate/Glints2/dict_0003_0184" 8006
"/Engine/EngineMaterials/Substrate/Glints2/dict_0003_0195" 8007
"/Engine/EngineMaterials/Substrate/Glints2/dict_0003_0194" 8008
"/Engine/EngineMaterials/Substrate/Glints2/dict_0003_0190" 8009
"/Engine/EngineMaterials/Substrate/Glints2/dict_0003_0193" 8010
"/Engine/EngineMaterials/Substrate/Glints2/dict_0003_0201" 8011
"/Engine/EngineMaterials/Substrate/Glints2/dict_0003_0200" 8012
"/Engine/EngineMaterials/Substrate/Glints2/dict_0003_0198" 8013
"/Engine/EngineMaterials/Substrate/Glints2/dict_0003_0202" 8014
"/Engine/EngineMaterials/Substrate/Glints2/dict_0003_0203" 8015
"../../../Engine/Content/EngineMaterials/Substrate/Glints2/dict_0003_0196.uasset" 8016
"/Engine/EngineMaterials/Substrate/Glints2/dict_0003_0197" 8017
"/Engine/EngineMaterials/Substrate/Glints2/dict_0003_0196" 8018
"../../../Engine/Content/EngineMaterials/Substrate/Glints2/dict_0003_0204.uasset" 8019
"../../../Engine/Content/EngineMaterials/Substrate/Glints2/dict_0003_0199.uasset" 8020
"../../../Engine/Content/EngineMaterials/Substrate/Glints2/dict_0003_0208.uasset" 8021
"../../../Engine/Content/EngineMaterials/Substrate/Glints2/dict_0003_0205.uasset" 8022
"../../../Engine/Content/EngineMaterials/Substrate/Glints2/dict_0003_0207.uasset" 8023
"../../../Engine/Content/EngineMaterials/Substrate/Glints2/dict_0003_0210.uasset" 8024
"../../../Engine/Content/EngineMaterials/Substrate/Glints2/dict_0003_0214.uasset" 8025
"../../../Engine/Content/EngineMaterials/Substrate/Glints2/dict_0003_0212.uasset" 8026
"../../../Engine/Content/EngineMaterials/Substrate/Glints2/dict_0003_0213.uasset" 8027
"../../../Engine/Content/EngineMaterials/Substrate/Glints2/dict_0003_0206.uasset" 8028
"../../../Engine/Content/EngineMaterials/Substrate/Glints2/dict_0003_0211.uasset" 8029
"/Engine/EngineMaterials/Substrate/Glints2/dict_0003_0214" 8030
"/Engine/EngineMaterials/Substrate/Glints2/dict_0003_0213" 8031
"/Engine/EngineMaterials/Substrate/Glints2/dict_0003_0199" 8032
"/Engine/EngineMaterials/Substrate/Glints2/dict_0003_0212" 8033
"/Engine/EngineMaterials/Substrate/Glints2/dict_0003_0211" 8034
"/Engine/EngineMaterials/Substrate/Glints2/dict_0003_0210" 8035
"../../../Engine/Content/EngineMaterials/Substrate/Glints2/dict_0003_0217.uasset" 8036
"../../../Engine/Content/EngineMaterials/Substrate/Glints2/dict_0003_0219.uasset" 8037
"/Engine/EngineMaterials/Substrate/Glints2/dict_0003_0208" 8038
"../../../Engine/Content/EngineMaterials/Substrate/Glints2/dict_0003_0216.uasset" 8039
"../../../Engine/Content/EngineMaterials/Substrate/Glints2/dict_0003_0218.uasset" 8040
"/Engine/EngineMaterials/Substrate/Glints2/dict_0003_0207" 8041
"/Engine/EngineMaterials/Substrate/Glints2/dict_0003_0206" 8042
"/Engine/EngineMaterials/Substrate/Glints2/dict_0003_0205" 8043
"/Engine/EngineMaterials/Substrate/Glints2/dict_0003_0204" 8044
"/Engine/EngineMaterials/Substrate/Glints2/dict_0003_0219" 8045
"/Engine/EngineMaterials/Substrate/Glints2/dict_0003_0218" 8046
"/Engine/EngineMaterials/Substrate/Glints2/dict_0003_0217" 8047
"/Engine/EngineMaterials/Substrate/Glints2/dict_0003_0216" 8048
"../../../Engine/Content/EngineMaterials/Substrate/Glints2/dict_0003_0221.uasset" 8049
"../../../Engine/Content/EngineMaterials/Substrate/Glints2/dict_0003_0220.uasset" 8050
"../../../Engine/Content/EngineMaterials/Substrate/Glints2/dict_0003_0209.uasset" 8051
"../../../Engine/Content/EngineMaterials/Substrate/Glints2/dict_0003_0225.uasset" 8052
"../../../Engine/Content/EngineMaterials/Substrate/Glints2/dict_0003_0222.uasset" 8053
"../../../Engine/Content/EngineMaterials/Substrate/Glints2/dict_0003_0227.uasset" 8054
"../../../Engine/Content/EngineMaterials/Substrate/Glints2/dict_0003_0223.uasset" 8055
"../../../Engine/Content/EngineMaterials/Substrate/Glints2/dict_0003_0224.uasset" 8056
"../../../Engine/Content/EngineMaterials/Substrate/Glints2/dict_0003_0215.uasset" 8057
"../../../Engine/Content/EngineMaterials/Substrate/Glints2/dict_0003_0228.uasset" 8058
"../../../Engine/Content/EngineMaterials/Substrate/Glints2/dict_0003_0231.uasset" 8059
"/Engine/EngineMaterials/Substrate/Glints2/dict_0003_0222" 8060
"../../../Engine/Content/EngineMaterials/Substrate/Glints2/dict_0003_0229.uasset" 8061
"../../../Engine/Content/EngineMaterials/Substrate/Glints2/dict_0003_0226.uasset" 8062
"/Engine/EngineMaterials/Substrate/Glints2/dict_0003_0221" 8063
"/Engine/EngineMaterials/Substrate/Glints2/dict_0003_0220" 8064
"/Engine/EngineMaterials/Substrate/Glints2/dict_0003_0227" 8065
"/Engine/EngineMaterials/Substrate/Glints2/dict_0003_0215" 8066
"/Engine/EngineMaterials/Substrate/Glints2/dict_0003_0209" 8067
"/Engine/EngineMaterials/Substrate/Glints2/dict_0003_0225" 8068
"/Engine/EngineMaterials/Substrate/Glints2/dict_0003_0224" 8069
"/Engine/EngineMaterials/Substrate/Glints2/dict_0003_0223" 8070
"/Engine/EngineMaterials/Substrate/Glints2/dict_0003_0231" 8071
"/Engine/EngineMaterials/Substrate/Glints2/dict_0003_0229" 8072
"/Engine/EngineMaterials/Substrate/Glints2/dict_0003_0226" 8073
"../../../Engine/Content/EngineMaterials/Substrate/Glints2/dict_0003_0233.uasset" 8074
"/Engine/EngineMaterials/Substrate/Glints2/dict_0003_0228" 8075
"/Engine/EngineMaterials/Substrate/Glints2/dict_0003_0233" 8076
"../../../Engine/Content/EngineMaterials/Substrate/Glints2/dict_0003_0230.uasset" 8077
"../../../Engine/Content/EngineMaterials/Substrate/Glints2/dict_0003_0237.uasset" 8078
"../../../Engine/Content/EngineMaterials/Substrate/Glints2/dict_0003_0235.uasset" 8079
"../../../Engine/Content/EngineMaterials/Substrate/Glints2/dict_0003_0236.uasset" 8080
"../../../Engine/Content/EngineMaterials/Substrate/Glints2/dict_0003_0238.uasset" 8081
"../../../Engine/Content/EngineMaterials/Substrate/Glints2/dict_0003_0239.uasset" 8082
"../../../Engine/Content/EngineMaterials/Substrate/Glints2/dict_0003_0232.uasset" 8083
"../../../Engine/Content/EngineMaterials/Substrate/Glints2/dict_0003_0234.uasset" 8084
"../../../Engine/Content/EngineMaterials/Substrate/Glints2/dict_0003_0241.uasset" 8085
"../../../Engine/Content/EngineMaterials/Substrate/Glints2/dict_0003_0242.uasset" 8086
"../../../Engine/Content/EngineMaterials/Substrate/Glints2/dict_0003_0243.uasset" 8087
"/Engine/EngineMaterials/Substrate/Glints2/dict_0003_0232" 8088
"/Engine/EngineMaterials/Substrate/Glints2/dict_0003_0243" 8089
"/Engine/EngineMaterials/Substrate/Glints2/dict_0003_0230" 8090
"/Engine/EngineMaterials/Substrate/Glints2/dict_0003_0234" 8091
"/Engine/EngineMaterials/Substrate/Glints2/dict_0003_0242" 8092
"/Engine/EngineMaterials/Substrate/Glints2/dict_0003_0241" 8093
"../../../Engine/Content/EngineMaterials/Substrate/Glints2/dict_0003_0244.uasset" 8094
"/Engine/EngineMaterials/Substrate/Glints2/dict_0003_0239" 8095
"/Engine/EngineMaterials/Substrate/Glints2/dict_0003_0238" 8096
"/Engine/EngineMaterials/Substrate/Glints2/dict_0003_0237" 8097
"/Engine/EngineMaterials/Substrate/Glints2/dict_0003_0236" 8098
"/Engine/EngineMaterials/Substrate/Glints2/dict_0003_0235" 8099
"../../../Engine/Content/EngineMaterials/Substrate/Glints2/dict_0003_0240.uasset" 8100
"../../../Engine/Content/EngineMaterials/Substrate/Glints2/dict_0003_0249.uasset" 8101
"/Engine/EngineMaterials/Substrate/Glints2/dict_0003_0244" 8102
"../../../Engine/Content/EngineMaterials/Substrate/Glints2/dict_0003_0245.uasset" 8103
"../../../Engine/Content/EngineMaterials/Substrate/Glints2/dict_0003_0250.uasset" 8104
"/Engine/EngineMaterials/Substrate/Glints2/dict_0003_0245" 8105
"../../../Engine/Content/EngineMaterials/Substrate/Glints2/dict_0003_0251.uasset" 8106
"../../../Engine/Content/EngineMaterials/Substrate/Glints2/dict_0003_0247.uasset" 8107
"/Engine/EngineMaterials/Substrate/Glints2/dict_0003_0249" 8108
"../../../Engine/Content/EngineMaterials/Substrate/Glints2/dict_0003_0248.uasset" 8109
"/Engine/EngineMaterials/Substrate/Glints2/dict_0003_0240" 8110
"/Engine/EngineMaterials/Substrate/Glints2/dict_0003_0248" 8111
"/Engine/EngineMaterials/Substrate/Glints2/dict_0003_0251" 8112
"/Engine/EngineMaterials/Substrate/Glints2/dict_0003_0250" 8113
"/Engine/EngineMaterials/Substrate/Glints2/dict_0003_0247" 8114
"../../../Engine/Content/EngineMaterials/Substrate/Glints2/dict_0003_0254.uasset" 8115
"../../../Engine/Content/EngineMaterials/Substrate/Glints2/dict_0003_0255.uasset" 8116
"../../../Engine/Content/EngineMaterials/Substrate/Glints2/dict_0003_0246.uasset" 8117
"../../../Engine/Content/EngineMaterials/Substrate/Glints2/dict_0004_0000.uasset" 8118
"../../../Engine/Content/EngineMaterials/Substrate/Glints2/dict_0003_0253.uasset" 8119
"../../../Engine/Content/EngineMaterials/Substrate/Glints2/dict_0003_0252.uasset" 8120
"/Engine/EngineMaterials/Substrate/Glints2/dict_0004_0000" 8121
"../../../Engine/Content/EngineMaterials/Substrate/Glints2/dict_0004_0007.uasset" 8122
"../../../Engine/Content/EngineMaterials/Substrate/Glints2/dict_0004_0008.uasset" 8123
"/Engine/EngineMaterials/Substrate/Glints2/dict_0003_0255" 8124
"../../../Engine/Content/EngineMaterials/Substrate/Glints2/dict_0004_0005.uasset" 8125
"../../../Engine/Content/EngineMaterials/Substrate/Glints2/dict_0004_0002.uasset" 8126
"../../../Engine/Content/EngineMaterials/Substrate/Glints2/dict_0004_0003.uasset" 8127
"../../../Engine/Content/EngineMaterials/Substrate/Glints2/dict_0004_0004.uasset" 8128
"../../../Engine/Content/EngineMaterials/Substrate/Glints2/dict_0004_0006.uasset" 8129
"/Engine/EngineMaterials/Substrate/Glints2/dict_0003_0254" 8130
"/Engine/EngineMaterials/Substrate/Glints2/dict_0003_0253" 8131
"/Engine/EngineMaterials/Substrate/Glints2/dict_0003_0252" 8132
"/Engine/EngineMaterials/Substrate/Glints2/dict_0003_0246" 8133
"/Engine/EngineMaterials/Substrate/Glints2/dict_0004_0006" 8134
"../../../Engine/Content/EngineMaterials/Substrate/Glints2/dict_0004_0013.uasset" 8135
"../../../Engine/Content/EngineMaterials/Substrate/Glints2/dict_0004_0012.uasset" 8136
"../../../Engine/Content/EngineMaterials/Substrate/Glints2/dict_0004_0010.uasset" 8137
"/Engine/EngineMaterials/Substrate/Glints2/dict_0004_0002" 8138
"../../../Engine/Content/EngineMaterials/Substrate/Glints2/dict_0004_0009.uasset" 8139
"/Engine/EngineMaterials/Substrate/Glints2/dict_0004_0005" 8140
"/Engine/EngineMaterials/Substrate/Glints2/dict_0004_0007" 8141
"/Engine/EngineMaterials/Substrate/Glints2/dict_0004_0004" 8142
"../../../Engine/Content/EngineMaterials/Substrate/Glints2/dict_0004_0011.uasset" 8143
"/Engine/EngineMaterials/Substrate/Glints2/dict_0004_0008" 8144
"/Engine/EngineMaterials/Substrate/Glints2/dict_0004_0003" 8145
"/Engine/EngineMaterials/Substrate/Glints2/dict_0004_0013" 8146
"/Engine/EngineMaterials/Substrate/Glints2/dict_0004_0012" 8147
"/Engine/EngineMaterials/Substrate/Glints2/dict_0004_0011" 8148
"/Engine/EngineMaterials/Substrate/Glints2/dict_0004_0010" 8149
"/Engine/EngineMaterials/Substrate/Glints2/dict_0004_0009" 8150
"../../../Engine/Content/EngineMaterials/Substrate/Glints2/dict_0004_0001.uasset" 8151
"../../../Engine/Content/EngineMaterials/Substrate/Glints2/dict_0004_0014.uasset" 8152
"../../../Engine/Content/EngineMaterials/Substrate/Glints2/dict_0004_0022.uasset" 8153
"../../../Engine/Content/EngineMaterials/Substrate/Glints2/dict_0004_0019.uasset" 8154
"../../../Engine/Content/EngineMaterials/Substrate/Glints2/dict_0004_0020.uasset" 8155
"../../../Engine/Content/EngineMaterials/Substrate/Glints2/dict_0004_0018.uasset" 8156
"../../../Engine/Content/EngineMaterials/Substrate/Glints2/dict_0004_0017.uasset" 8157
"../../../Engine/Content/EngineMaterials/Substrate/Glints2/dict_0004_0016.uasset" 8158
"../../../Engine/Content/EngineMaterials/Substrate/Glints2/dict_0004_0021.uasset" 8159
"../../../Engine/Content/EngineMaterials/Substrate/Glints2/dict_0004_0015.uasset" 8160
"/Engine/EngineMaterials/Substrate/Glints2/dict_0004_0018" 8161
"/Engine/EngineMaterials/Substrate/Glints2/dict_0004_0001" 8162
"../../../Engine/Content/EngineMaterials/Substrate/Glints2/dict_0004_0023.uasset" 8163
"/Engine/EngineMaterials/Substrate/Glints2/dict_0004_0022" 8164
"/Engine/EngineMaterials/Substrate/Glints2/dict_0004_0019" 8165
"../../../Engine/Content/EngineMaterials/Substrate/Glints2/dict_0004_0025.uasset" 8166
"../../../Engine/Content/EngineMaterials/Substrate/Glints2/dict_0004_0026.uasset" 8167
"/Engine/EngineMaterials/Substrate/Glints2/dict_0004_0017" 8168
"/Engine/EngineMaterials/Substrate/Glints2/dict_0004_0016" 8169
"/Engine/EngineMaterials/Substrate/Glints2/dict_0004_0015" 8170
"/Engine/EngineMaterials/Substrate/Glints2/dict_0004_0021" 8171
"/Engine/EngineMaterials/Substrate/Glints2/dict_0004_0014" 8172
"/Engine/EngineMaterials/Substrate/Glints2/dict_0004_0020" 8173
"../../../Engine/Content/EngineMaterials/Substrate/Glints2/dict_0004_0024.uasset" 8174
"/Engine/EngineMaterials/Substrate/Glints2/dict_0004_0026" 8175
"/Engine/EngineMaterials/Substrate/Glints2/dict_0004_0025" 8176
"/Engine/EngineMaterials/Substrate/Glints2/dict_0004_0024" 8177
"../../../Engine/Content/EngineMaterials/Substrate/Glints2/dict_0004_0036.uasset" 8178
"../../../Engine/Content/EngineMaterials/Substrate/Glints2/dict_0004_0034.uasset" 8179
"/Engine/EngineMaterials/Substrate/Glints2/dict_0004_0023" 8180
"../../../Engine/Content/EngineMaterials/Substrate/Glints2/dict_0004_0033.uasset" 8181
"../../../Engine/Content/EngineMaterials/Substrate/Glints2/dict_0004_0032.uasset" 8182
"../../../Engine/Content/EngineMaterials/Substrate/Glints2/dict_0004_0030.uasset" 8183
"../../../Engine/Content/EngineMaterials/Substrate/Glints2/dict_0004_0031.uasset" 8184
"../../../Engine/Content/EngineMaterials/Substrate/Glints2/dict_0004_0027.uasset" 8185
"../../../Engine/Content/EngineMaterials/Substrate/Glints2/dict_0004_0035.uasset" 8186
"../../../Engine/Content/EngineMaterials/Substrate/Glints2/dict_0004_0029.uasset" 8187
"../../../Engine/Content/EngineMaterials/Substrate/Glints2/dict_0004_0028.uasset" 8188
"/Engine/EngineMaterials/Substrate/Glints2/dict_0004_0032" 8189
"/Engine/EngineMaterials/Substrate/Glints2/dict_0004_0031" 8190
"/Engine/EngineMaterials/Substrate/Glints2/dict_0004_0030" 8191
"/Engine/EngineMaterials/Substrate/Glints2/dict_0004_0029" 8192
"/Engine/EngineMaterials/Substrate/Glints2/dict_0004_0036" 8193
"../../../Engine/Content/EngineMaterials/Substrate/Glints2/dict_0004_0037.uasset" 8194
"/Engine/EngineMaterials/Substrate/Glints2/dict_0004_0035" 8195
"../../../Engine/Content/EngineMaterials/Substrate/Glints2/dict_0004_0038.uasset" 8196
"../../../Engine/Content/EngineMaterials/Substrate/Glints2/dict_0004_0039.uasset" 8197
"/Engine/EngineMaterials/Substrate/Glints2/dict_0004_0028" 8198
"/Engine/EngineMaterials/Substrate/Glints2/dict_0004_0034" 8199
"/Engine/EngineMaterials/Substrate/Glints2/dict_0004_0033" 8200
"/Engine/EngineMaterials/Substrate/Glints2/dict_0004_0027" 8201
"/Engine/EngineMaterials/Substrate/Glints2/dict_0004_0039" 8202
"/Engine/EngineMaterials/Substrate/Glints2/dict_0004_0038" 8203
"/Engine/EngineMaterials/Substrate/Glints2/dict_0004_0037" 8204
"../../../Engine/Content/EngineMaterials/Substrate/Glints2/dict_0004_0040.uasset" 8205
"../../../Engine/Content/EngineMaterials/Substrate/Glints2/dict_0004_0049.uasset" 8206
"../../../Engine/Content/EngineMaterials/Substrate/Glints2/dict_0004_0052.uasset" 8207
"../../../Engine/Content/EngineMaterials/Substrate/Glints2/dict_0004_0042.uasset" 8208
"../../../Engine/Content/EngineMaterials/Substrate/Glints2/dict_0004_0050.uasset" 8209
"../../../Engine/Content/EngineMaterials/Substrate/Glints2/dict_0004_0043.uasset" 8210
"../../../Engine/Content/EngineMaterials/Substrate/Glints2/dict_0004_0041.uasset" 8211
"../../../Engine/Content/EngineMaterials/Substrate/Glints2/dict_0004_0044.uasset" 8212
"../../../Engine/Content/EngineMaterials/Substrate/Glints2/dict_0004_0045.uasset" 8213
"../../../Engine/Content/EngineMaterials/Substrate/Glints2/dict_0004_0046.uasset" 8214
"../../../Engine/Content/EngineMaterials/Substrate/Glints2/dict_0004_0047.uasset" 8215
"../../../Engine/Content/EngineMaterials/Substrate/Glints2/dict_0004_0051.uasset" 8216
"/Engine/EngineMaterials/Substrate/Glints2/dict_0004_0052" 8217
"../../../Engine/Content/EngineMaterials/Substrate/Glints2/dict_0004_0048.uasset" 8218
"/Engine/EngineMaterials/Substrate/Glints2/dict_0004_0051" 8219
"/Engine/EngineMaterials/Substrate/Glints2/dict_0004_0050" 8220
"/Engine/EngineMaterials/Substrate/Glints2/dict_0004_0049" 8221
"../../../Engine/Content/EngineMaterials/Substrate/Glints2/dict_0004_0053.uasset" 8222
"/Engine/EngineMaterials/Substrate/Glints2/dict_0004_0047" 8223
"/Engine/EngineMaterials/Substrate/Glints2/dict_0004_0046" 8224
"/Engine/EngineMaterials/Substrate/Glints2/dict_0004_0044" 8225
"/Engine/EngineMaterials/Substrate/Glints2/dict_0004_0045" 8226
"/Engine/EngineMaterials/Substrate/Glints2/dict_0004_0043" 8227
"../../../Engine/Content/EngineMaterials/Substrate/Glints2/dict_0004_0054.uasset" 8228
"/Engine/EngineMaterials/Substrate/Glints2/dict_0004_0042" 8229
"/Engine/EngineMaterials/Substrate/Glints2/dict_0004_0041" 8230
"/Engine/EngineMaterials/Substrate/Glints2/dict_0004_0040" 8231
"/Engine/EngineMaterials/Substrate/Glints2/dict_0004_0054" 8232
"/Engine/EngineMaterials/Substrate/Glints2/dict_0004_0053" 8233
"/Engine/EngineMaterials/Substrate/Glints2/dict_0004_0048" 8234
"../../../Engine/Content/EngineMaterials/Substrate/Glints2/dict_0004_0059.uasset" 8235
"../../../Engine/Content/EngineMaterials/Substrate/Glints2/dict_0004_0057.uasset" 8236
"../../../Engine/Content/EngineMaterials/Substrate/Glints2/dict_0004_0056.uasset" 8237
"../../../Engine/Content/EngineMaterials/Substrate/Glints2/dict_0004_0063.uasset" 8238
"../../../Engine/Content/EngineMaterials/Substrate/Glints2/dict_0004_0062.uasset" 8239
"../../../Engine/Content/EngineMaterials/Substrate/Glints2/dict_0004_0061.uasset" 8240
"../../../Engine/Content/EngineMaterials/Substrate/Glints2/dict_0004_0060.uasset" 8241
"../../../Engine/Content/EngineMaterials/Substrate/Glints2/dict_0004_0066.uasset" 8242
"../../../Engine/Content/EngineMaterials/Substrate/Glints2/dict_0004_0058.uasset" 8243
"../../../Engine/Content/EngineMaterials/Substrate/Glints2/dict_0004_0055.uasset" 8244
"../../../Engine/Content/EngineMaterials/Substrate/Glints2/dict_0004_0064.uasset" 8245
"../../../Engine/Content/EngineMaterials/Substrate/Glints2/dict_0004_0065.uasset" 8246
"/Engine/EngineMaterials/Substrate/Glints2/dict_0004_0066" 8247
"../../../Engine/Content/EngineMaterials/Substrate/Glints2/dict_0004_0068.uasset" 8248
"../../../Engine/Content/EngineMaterials/Substrate/Glints2/dict_0004_0078.uasset" 8249
"../../../Engine/Content/EngineMaterials/Substrate/Glints2/dict_0004_0079.uasset" 8250
"../../../Engine/Content/EngineMaterials/Substrate/Glints2/dict_0004_0077.uasset" 8251
"../../../Engine/Content/EngineMaterials/Substrate/Glints2/dict_0004_0074.uasset" 8252
"../../../Engine/Content/EngineMaterials/Substrate/Glints2/dict_0004_0075.uasset" 8253
"../../../Engine/Content/EngineMaterials/Substrate/Glints2/dict_0004_0071.uasset" 8254
"../../../Engine/Content/EngineMaterials/Substrate/Glints2/dict_0004_0073.uasset" 8255
"../../../Engine/Content/EngineMaterials/Substrate/Glints2/dict_0004_0070.uasset" 8256
"../../../Engine/Content/EngineMaterials/Substrate/Glints2/dict_0004_0076.uasset" 8257
"../../../Engine/Content/EngineMaterials/Substrate/Glints2/dict_0004_0072.uasset" 8258
"/Engine/EngineMaterials/Substrate/Glints2/dict_0004_0058" 8259
"../../../Engine/Content/EngineMaterials/Substrate/Glints2/dict_0004_0067.uasset" 8260
"../../../Engine/Content/EngineMaterials/Substrate/Glints2/dict_0004_0069.uasset" 8261
"/Engine/EngineMaterials/Substrate/Glints2/dict_0004_0065" 8262
"/Engine/EngineMaterials/Substrate/Glints2/dict_0004_0064" 8263
"/Engine/EngineMaterials/Substrate/Glints2/dict_0004_0063" 8264
"/Engine/EngineMaterials/Substrate/Glints2/dict_0004_0062" 8265
"/Engine/EngineMaterials/Substrate/Glints2/dict_0004_0057" 8266
"/Engine/EngineMaterials/Substrate/Glints2/dict_0004_0056" 8267
"/Engine/EngineMaterials/Substrate/Glints2/dict_0004_0055" 8268
"/Engine/EngineMaterials/Substrate/Glints2/dict_0004_0061" 8269
"/Engine/EngineMaterials/Substrate/Glints2/dict_0004_0060" 8270
"/Engine/EngineMaterials/Substrate/Glints2/dict_0004_0059" 8271
"/Engine/EngineMaterials/Substrate/Glints2/dict_0004_0071" 8272
"/Engine/EngineMaterials/Substrate/Glints2/dict_0004_0070" 8273
"/Engine/EngineMaterials/Substrate/Glints2/dict_0004_0068" 8274
"/Engine/EngineMaterials/Substrate/Glints2/dict_0004_0067" 8275
"/Engine/EngineMaterials/Substrate/Glints2/dict_0004_0079" 8276
"/Engine/EngineMaterials/Substrate/Glints2/dict_0004_0078" 8277
"/Engine/EngineMaterials/Substrate/Glints2/dict_0004_0077" 8278
"/Engine/EngineMaterials/Substrate/Glints2/dict_0004_0076" 8279
"/Engine/EngineMaterials/Substrate/Glints2/dict_0004_0075" 8280
"/Engine/EngineMaterials/Substrate/Glints2/dict_0004_0074" 8281
"/Engine/EngineMaterials/Substrate/Glints2/dict_0004_0069" 8282
"/Engine/EngineMaterials/Substrate/Glints2/dict_0004_0073" 8283
"/Engine/EngineMaterials/Substrate/Glints2/dict_0004_0072" 8284
"../../../Engine/Content/EngineMaterials/Substrate/Glints2/dict_0004_0085.uasset" 8285
"../../../Engine/Content/EngineMaterials/Substrate/Glints2/dict_0004_0086.uasset" 8286
"../../../Engine/Content/EngineMaterials/Substrate/Glints2/dict_0004_0083.uasset" 8287
"../../../Engine/Content/EngineMaterials/Substrate/Glints2/dict_0004_0080.uasset" 8288
"../../../Engine/Content/EngineMaterials/Substrate/Glints2/dict_0004_0082.uasset" 8289
"../../../Engine/Content/EngineMaterials/Substrate/Glints2/dict_0004_0081.uasset" 8290
"../../../Engine/Content/EngineMaterials/Substrate/Glints2/dict_0004_0084.uasset" 8291
"/Engine/EngineMaterials/Substrate/Glints2/dict_0004_0086" 8292
"/Engine/EngineMaterials/Substrate/Glints2/dict_0004_0085" 8293
"/Engine/EngineMaterials/Substrate/Glints2/dict_0004_0083" 8294
"/Engine/EngineMaterials/Substrate/Glints2/dict_0004_0082" 8295
"/Engine/EngineMaterials/Substrate/Glints2/dict_0004_0081" 8296
"/Engine/EngineMaterials/Substrate/Glints2/dict_0004_0080" 8297
"/Engine/EngineMaterials/Substrate/Glints2/dict_0004_0084" 8298
"../../../Engine/Content/EngineMaterials/Substrate/Glints2/dict_0004_0089.uasset" 8299
"../../../Engine/Content/EngineMaterials/Substrate/Glints2/dict_0004_0090.uasset" 8300
"../../../Engine/Content/EngineMaterials/Substrate/Glints2/dict_0004_0088.uasset" 8301
"../../../Engine/Content/EngineMaterials/Substrate/Glints2/dict_0004_0091.uasset" 8302
"../../../Engine/Content/EngineMaterials/Substrate/Glints2/dict_0004_0093.uasset" 8303
"../../../Engine/Content/EngineMaterials/Substrate/Glints2/dict_0004_0092.uasset" 8304
"../../../Engine/Content/EngineMaterials/Substrate/Glints2/dict_0004_0087.uasset" 8305
"/Engine/EngineMaterials/Substrate/Glints2/dict_0004_0093" 8306
"/Engine/EngineMaterials/Substrate/Glints2/dict_0004_0092" 8307
"/Engine/EngineMaterials/Substrate/Glints2/dict_0004_0091" 8308
"/Engine/EngineMaterials/Substrate/Glints2/dict_0004_0090" 8309
"/Engine/EngineMaterials/Substrate/Glints2/dict_0004_0089" 8310
"/Engine/EngineMaterials/Substrate/Glints2/dict_0004_0088" 8311
"/Engine/EngineMaterials/Substrate/Glints2/dict_0004_0087" 8312
"../../../Engine/Content/EngineMaterials/Substrate/Glints2/dict_0004_0094.uasset" 8313
"../../../Engine/Content/EngineMaterials/Substrate/Glints2/dict_0004_0095.uasset" 8314
"../../../Engine/Content/EngineMaterials/Substrate/Glints2/dict_0004_0101.uasset" 8315
"../../../Engine/Content/EngineMaterials/Substrate/Glints2/dict_0004_0103.uasset" 8316
"../../../Engine/Content/EngineMaterials/Substrate/Glints2/dict_0004_0102.uasset" 8317
"../../../Engine/Content/EngineMaterials/Substrate/Glints2/dict_0004_0099.uasset" 8318
"../../../Engine/Content/EngineMaterials/Substrate/Glints2/dict_0004_0098.uasset" 8319
"../../../Engine/Content/EngineMaterials/Substrate/Glints2/dict_0004_0096.uasset" 8320
"../../../Engine/Content/EngineMaterials/Substrate/Glints2/dict_0004_0097.uasset" 8321
"../../../Engine/Content/EngineMaterials/Substrate/Glints2/dict_0004_0100.uasset" 8322
"/Engine/EngineMaterials/Substrate/Glints2/dict_0004_0098" 8323
"/Engine/EngineMaterials/Substrate/Glints2/dict_0004_0097" 8324
"/Engine/EngineMaterials/Substrate/Glints2/dict_0004_0096" 8325
"/Engine/EngineMaterials/Substrate/Glints2/dict_0004_0103" 8326
"/Engine/EngineMaterials/Substrate/Glints2/dict_0004_0102" 8327
"/Engine/EngineMaterials/Substrate/Glints2/dict_0004_0101" 8328
"/Engine/EngineMaterials/Substrate/Glints2/dict_0004_0095" 8329
"/Engine/EngineMaterials/Substrate/Glints2/dict_0004_0094" 8330
"/Engine/EngineMaterials/Substrate/Glints2/dict_0004_0100" 8331
"/Engine/EngineMaterials/Substrate/Glints2/dict_0004_0099" 8332
"../../../Engine/Content/EngineMaterials/Substrate/Glints2/dict_0004_0106.uasset" 8333
"../../../Engine/Content/EngineMaterials/Substrate/Glints2/dict_0004_0105.uasset" 8334
"../../../Engine/Content/EngineMaterials/Substrate/Glints2/dict_0004_0107.uasset" 8335
"../../../Engine/Content/EngineMaterials/Substrate/Glints2/dict_0004_0108.uasset" 8336
"../../../Engine/Content/EngineMaterials/Substrate/Glints2/dict_0004_0110.uasset" 8337
"../../../Engine/Content/EngineMaterials/Substrate/Glints2/dict_0004_0112.uasset" 8338
"../../../Engine/Content/EngineMaterials/Substrate/Glints2/dict_0004_0109.uasset" 8339
"../../../Engine/Content/EngineMaterials/Substrate/Glints2/dict_0004_0111.uasset" 8340
"../../../Engine/Content/EngineMaterials/Substrate/Glints2/dict_0004_0104.uasset" 8341
"/Engine/EngineMaterials/Substrate/Glints2/dict_0004_0111" 8342
"/Engine/EngineMaterials/Substrate/Glints2/dict_0004_0110" 8343
"/Engine/EngineMaterials/Substrate/Glints2/dict_0004_0109" 8344
"/Engine/EngineMaterials/Substrate/Glints2/dict_0004_0108" 8345
"/Engine/EngineMaterials/Substrate/Glints2/dict_0004_0112" 8346
"/Engine/EngineMaterials/Substrate/Glints2/dict_0004_0107" 8347
"/Engine/EngineMaterials/Substrate/Glints2/dict_0004_0106" 8348
"../../../Engine/Content/EngineMaterials/Substrate/Glints2/dict_0004_0117.uasset" 8349
"../../../Engine/Content/EngineMaterials/Substrate/Glints2/dict_0004_0114.uasset" 8350
"/Engine/EngineMaterials/Substrate/Glints2/dict_0004_0105" 8351
"../../../Engine/Content/EngineMaterials/Substrate/Glints2/dict_0004_0116.uasset" 8352
"../../../Engine/Content/EngineMaterials/Substrate/Glints2/dict_0004_0115.uasset" 8353
"/Engine/EngineMaterials/Substrate/Glints2/dict_0004_0104" 8354
"/Engine/EngineMaterials/Substrate/Glints2/dict_0004_0117" 8355
"../../../Engine/Content/EngineMaterials/Substrate/Glints2/dict_0004_0113.uasset" 8356
"/Engine/EngineMaterials/Substrate/Glints2/dict_0004_0116" 8357
"/Engine/EngineMaterials/Substrate/Glints2/dict_0004_0115" 8358
"../../../Engine/Content/EngineMaterials/Substrate/Glints2/dict_0004_0122.uasset" 8359
"../../../Engine/Content/EngineMaterials/Substrate/Glints2/dict_0004_0119.uasset" 8360
"../../../Engine/Content/EngineMaterials/Substrate/Glints2/dict_0004_0123.uasset" 8361
"../../../Engine/Content/EngineMaterials/Substrate/Glints2/dict_0004_0120.uasset" 8362
"/Engine/EngineMaterials/Substrate/Glints2/dict_0004_0114" 8363
"../../../Engine/Content/EngineMaterials/Substrate/Glints2/dict_0004_0124.uasset" 8364
"/Engine/EngineMaterials/Substrate/Glints2/dict_0004_0113" 8365
"/Engine/EngineMaterials/Substrate/Glints2/dict_0004_0124" 8366
"/Engine/EngineMaterials/Substrate/Glints2/dict_0004_0123" 8367
"/Engine/EngineMaterials/Substrate/Glints2/dict_0004_0122" 8368
"/Engine/EngineMaterials/Substrate/Glints2/dict_0004_0119" 8369
"/Engine/EngineMaterials/Substrate/Glints2/dict_0004_0120" 8370
"../../../Engine/Content/EngineMaterials/Substrate/Glints2/dict_0004_0118.uasset" 8371
"/Engine/EngineMaterials/Substrate/Glints2/dict_0004_0118" 8372
"../../../Engine/Content/EngineMaterials/Substrate/Glints2/dict_0004_0121.uasset" 8373
"../../../Engine/Content/EngineMaterials/Substrate/Glints2/dict_0004_0128.uasset" 8374
"../../../Engine/Content/EngineMaterials/Substrate/Glints2/dict_0004_0129.uasset" 8375
"../../../Engine/Content/EngineMaterials/Substrate/Glints2/dict_0004_0127.uasset" 8376
"../../../Engine/Content/EngineMaterials/Substrate/Glints2/dict_0004_0125.uasset" 8377
"../../../Engine/Content/EngineMaterials/Substrate/Glints2/dict_0004_0126.uasset" 8378
"/Engine/EngineMaterials/Substrate/Glints2/dict_0004_0129" 8379
"../../../Engine/Content/EngineMaterials/Substrate/Glints2/dict_0004_0134.uasset" 8380
"../../../Engine/Content/EngineMaterials/Substrate/Glints2/dict_0004_0130.uasset" 8381
"../../../Engine/Content/EngineMaterials/Substrate/Glints2/dict_0004_0131.uasset" 8382
"/Engine/EngineMaterials/Substrate/Glints2/dict_0004_0128" 8383
"/Engine/EngineMaterials/Substrate/Glints2/dict_0004_0125" 8384
"/Engine/EngineMaterials/Substrate/Glints2/dict_0004_0127" 8385
"/Engine/EngineMaterials/Substrate/Glints2/dict_0004_0126" 8386
"/Engine/EngineMaterials/Substrate/Glints2/dict_0004_0121" 8387
"/Engine/EngineMaterials/Substrate/Glints2/dict_0004_0134" 8388
"/Engine/EngineMaterials/Substrate/Glints2/dict_0004_0131" 8389
"/Engine/EngineMaterials/Substrate/Glints2/dict_0004_0130" 8390
"../../../Engine/Content/EngineMaterials/Substrate/Glints2/dict_0004_0132.uasset" 8391
"../../../Engine/Content/EngineMaterials/Substrate/Glints2/dict_0004_0133.uasset" 8392
"../../../Engine/Content/EngineMaterials/Substrate/Glints2/dict_0004_0136.uasset" 8393
"../../../Engine/Content/EngineMaterials/Substrate/Glints2/dict_0004_0137.uasset" 8394
"../../../Engine/Content/EngineMaterials/Substrate/Glints2/dict_0004_0143.uasset" 8395
"../../../Engine/Content/EngineMaterials/Substrate/Glints2/dict_0004_0141.uasset" 8396
"../../../Engine/Content/EngineMaterials/Substrate/Glints2/dict_0004_0142.uasset" 8397
"../../../Engine/Content/EngineMaterials/Substrate/Glints2/dict_0004_0138.uasset" 8398
"../../../Engine/Content/EngineMaterials/Substrate/Glints2/dict_0004_0135.uasset" 8399
"../../../Engine/Content/EngineMaterials/Substrate/Glints2/dict_0004_0146.uasset" 8400
"/Engine/EngineMaterials/Substrate/Glints2/dict_0004_0143" 8401
"../../../Engine/Content/EngineMaterials/Substrate/Glints2/dict_0004_0144.uasset" 8402
"/Engine/EngineMaterials/Substrate/Glints2/dict_0004_0142" 8403
"/Engine/EngineMaterials/Substrate/Glints2/dict_0004_0141" 8404
"/Engine/EngineMaterials/Substrate/Glints2/dict_0004_0135" 8405
"/Engine/EngineMaterials/Substrate/Glints2/dict_0004_0138" 8406
"/Engine/EngineMaterials/Substrate/Glints2/dict_0004_0137" 8407
"/Engine/EngineMaterials/Substrate/Glints2/dict_0004_0136" 8408
"../../../Engine/Content/EngineMaterials/Substrate/Glints2/dict_0004_0152.uasset" 8409
"../../../Engine/Content/EngineMaterials/Substrate/Glints2/dict_0004_0140.uasset" 8410
"/Engine/EngineMaterials/Substrate/Glints2/dict_0004_0133" 8411
"/Engine/EngineMaterials/Substrate/Glints2/dict_0004_0132" 8412
"../../../Engine/Content/EngineMaterials/Substrate/Glints2/dict_0004_0139.uasset" 8413
"../../../Engine/Content/EngineMaterials/Substrate/Glints2/dict_0004_0145.uasset" 8414
"../../../Engine/Content/EngineMaterials/Substrate/Glints2/dict_0004_0148.uasset" 8415
"/Engine/EngineMaterials/Substrate/Glints2/dict_0004_0144" 8416
"/Engine/EngineMaterials/Substrate/Glints2/dict_0004_0148" 8417
"/Engine/EngineMaterials/Substrate/Glints2/dict_0004_0146" 8418
"/Engine/EngineMaterials/Substrate/Glints2/dict_0004_0145" 8419
"/Engine/EngineMaterials/Substrate/Glints2/dict_0004_0140" 8420
"/Engine/EngineMaterials/Substrate/Glints2/dict_0004_0139" 8421
"/Engine/EngineMaterials/Substrate/Glints2/dict_0004_0152" 8422
"../../../Engine/Content/EngineMaterials/Substrate/Glints2/dict_0004_0150.uasset" 8423
"../../../Engine/Content/EngineMaterials/Substrate/Glints2/dict_0004_0151.uasset" 8424
"../../../Engine/Content/EngineMaterials/Substrate/Glints2/dict_0004_0149.uasset" 8425
"../../../Engine/Content/EngineMaterials/Substrate/Glints2/dict_0004_0154.uasset" 8426
"../../../Engine/Content/EngineMaterials/Substrate/Glints2/dict_0004_0147.uasset" 8427
"../../../Engine/Content/EngineMaterials/Substrate/Glints2/dict_0004_0155.uasset" 8428
"../../../Engine/Content/EngineMaterials/Substrate/Glints2/dict_0004_0153.uasset" 8429
"../../../Engine/Content/EngineMaterials/Substrate/Glints2/dict_0004_0158.uasset" 8430
"../../../Engine/Content/EngineMaterials/Substrate/Glints2/dict_0004_0161.uasset" 8431
"../../../Engine/Content/EngineMaterials/Substrate/Glints2/dict_0004_0159.uasset" 8432
"/Engine/EngineMaterials/Substrate/Glints2/dict_0004_0155" 8433
"/Engine/EngineMaterials/Substrate/Glints2/dict_0004_0147" 8434
"/Engine/EngineMaterials/Substrate/Glints2/dict_0004_0153" 8435
"../../../Engine/Content/EngineMaterials/Substrate/Glints2/dict_0004_0157.uasset" 8436
"../../../Engine/Content/EngineMaterials/Substrate/Glints2/dict_0004_0162.uasset" 8437
"/Engine/EngineMaterials/Substrate/Glints2/dict_0004_0161" 8438
"/Engine/EngineMaterials/Substrate/Glints2/dict_0004_0159" 8439
"/Engine/EngineMaterials/Substrate/Glints2/dict_0004_0158" 8440
"/Engine/EngineMaterials/Substrate/Glints2/dict_0004_0151" 8441
"/Engine/EngineMaterials/Substrate/Glints2/dict_0004_0150" 8442
"/Engine/EngineMaterials/Substrate/Glints2/dict_0004_0154" 8443
"/Engine/EngineMaterials/Substrate/Glints2/dict_0004_0149" 8444
"../../../Engine/Content/EngineMaterials/Substrate/Glints2/dict_0004_0156.uasset" 8445
"/Engine/EngineMaterials/Substrate/Glints2/dict_0004_0162" 8446
"../../../Engine/Content/EngineMaterials/Substrate/Glints2/dict_0004_0160.uasset" 8447
"../../../Engine/Content/EngineMaterials/Substrate/Glints2/dict_0004_0163.uasset" 8448
"/Engine/EngineMaterials/Substrate/Glints2/dict_0004_0157" 8449
"/Engine/EngineMaterials/Substrate/Glints2/dict_0004_0163" 8450
"/Engine/EngineMaterials/Substrate/Glints2/dict_0004_0160" 8451
"/Engine/EngineMaterials/Substrate/Glints2/dict_0004_0156" 8452
"../../../Engine/Content/EngineMaterials/Substrate/Glints2/dict_0004_0164.uasset" 8453
"../../../Engine/Content/EngineMaterials/Substrate/Glints2/dict_0004_0167.uasset" 8454
"/Engine/EngineMaterials/Substrate/Glints2/dict_0004_0164" 8455
"../../../Engine/Content/EngineMaterials/Substrate/Glints2/dict_0004_0165.uasset" 8456
"/Engine/EngineMaterials/Substrate/Glints2/dict_0004_0167" 8457
"/Engine/EngineMaterials/Substrate/Glints2/dict_0004_0165" 8458
"../../../Engine/Content/EngineMaterials/Substrate/Glints2/dict_0004_0166.uasset" 8459
"../../../Engine/Content/EngineMaterials/Substrate/Glints2/dict_0004_0170.uasset" 8460
"../../../Engine/Content/EngineMaterials/Substrate/Glints2/dict_0004_0171.uasset" 8461
"../../../Engine/Content/EngineMaterials/Substrate/Glints2/dict_0004_0174.uasset" 8462
"../../../Engine/Content/EngineMaterials/Substrate/Glints2/dict_0004_0169.uasset" 8463
"../../../Engine/Content/EngineMaterials/Substrate/Glints2/dict_0004_0172.uasset" 8464
"/Engine/EngineMaterials/Substrate/Glints2/dict_0004_0172" 8465
"../../../Engine/Content/EngineMaterials/Substrate/Glints2/dict_0004_0177.uasset" 8466
"../../../Engine/Content/EngineMaterials/Substrate/Glints2/dict_0004_0175.uasset" 8467
"../../../Engine/Content/EngineMaterials/Substrate/Glints2/dict_0004_0179.uasset" 8468
"../../../Engine/Content/EngineMaterials/Substrate/Glints2/dict_0004_0173.uasset" 8469
"../../../Engine/Content/EngineMaterials/Substrate/Glints2/dict_0004_0176.uasset" 8470
"/Engine/EngineMaterials/Substrate/Glints2/dict_0004_0171" 8471
"/Engine/EngineMaterials/Substrate/Glints2/dict_0004_0170" 8472
"../../../Engine/Content/EngineMaterials/Substrate/Glints2/dict_0004_0168.uasset" 8473
"/Engine/EngineMaterials/Substrate/Glints2/dict_0004_0169" 8474
"/Engine/EngineMaterials/Substrate/Glints2/dict_0004_0166" 8475
"/Engine/EngineMaterials/Substrate/Glints2/dict_0004_0174" 8476
"/Engine/EngineMaterials/Substrate/Glints2/dict_0004_0173" 8477
"/Engine/EngineMaterials/Substrate/Glints2/dict_0004_0179" 8478
"/Engine/EngineMaterials/Substrate/Glints2/dict_0004_0177" 8479
"/Engine/EngineMaterials/Substrate/Glints2/dict_0004_0176" 8480
"/Engine/EngineMaterials/Substrate/Glints2/dict_0004_0175" 8481
"/Engine/EngineMaterials/Substrate/Glints2/dict_0004_0168" 8482
"../../../Engine/Content/EngineMaterials/Substrate/Glints2/dict_0004_0182.uasset" 8483
"../../../Engine/Content/EngineMaterials/Substrate/Glints2/dict_0004_0183.uasset" 8484
"../../../Engine/Content/EngineMaterials/Substrate/Glints2/dict_0004_0181.uasset" 8485
"../../../Engine/Content/EngineMaterials/Substrate/Glints2/dict_0004_0180.uasset" 8486
"/Engine/EngineMaterials/Substrate/Glints2/dict_0004_0180" 8487
"../../../Engine/Content/EngineMaterials/Substrate/Glints2/dict_0004_0178.uasset" 8488
"/Engine/EngineMaterials/Substrate/Glints2/dict_0004_0183" 8489
"/Engine/EngineMaterials/Substrate/Glints2/dict_0004_0182" 8490
"/Engine/EngineMaterials/Substrate/Glints2/dict_0004_0181" 8491
"/Engine/EngineMaterials/Substrate/Glints2/dict_0004_0178" 8492
"../../../Engine/Content/EngineMaterials/Substrate/Glints2/dict_0004_0186.uasset" 8493
"../../../Engine/Content/EngineMaterials/Substrate/Glints2/dict_0004_0184.uasset" 8494
"../../../Engine/Content/EngineMaterials/Substrate/Glints2/dict_0004_0188.uasset" 8495
"../../../Engine/Content/EngineMaterials/Substrate/Glints2/dict_0004_0190.uasset" 8496
"../../../Engine/Content/EngineMaterials/Substrate/Glints2/dict_0004_0191.uasset" 8497
"../../../Engine/Content/EngineMaterials/Substrate/Glints2/dict_0004_0187.uasset" 8498
"../../../Engine/Content/EngineMaterials/Substrate/Glints2/dict_0004_0189.uasset" 8499
"../../../Engine/Content/EngineMaterials/Substrate/Glints2/dict_0004_0185.uasset" 8500
"/Engine/EngineMaterials/Substrate/Glints2/dict_0004_0190" 8501
"/Engine/EngineMaterials/Substrate/Glints2/dict_0004_0189" 8502
"/Engine/EngineMaterials/Substrate/Glints2/dict_0004_0188" 8503
"../../../Engine/Content/EngineMaterials/Substrate/Glints2/dict_0004_0194.uasset" 8504
"/Engine/EngineMaterials/Substrate/Glints2/dict_0004_0187" 8505
"/Engine/EngineMaterials/Substrate/Glints2/dict_0004_0186" 8506
"../../../Engine/Content/EngineMaterials/Substrate/Glints2/dict_0004_0193.uasset" 8507
"../../../Engine/Content/EngineMaterials/Substrate/Glints2/dict_0004_0196.uasset" 8508
"/Engine/EngineMaterials/Substrate/Glints2/dict_0004_0185" 8509
"../../../Engine/Content/EngineMaterials/Substrate/Glints2/dict_0004_0195.uasset" 8510
"../../../Engine/Content/EngineMaterials/Substrate/Glints2/dict_0004_0197.uasset" 8511
"/Engine/EngineMaterials/Substrate/Glints2/dict_0004_0191" 8512
"/Engine/EngineMaterials/Substrate/Glints2/dict_0004_0184" 8513
"/Engine/EngineMaterials/Substrate/Glints2/dict_0004_0196" 8514
"/Engine/EngineMaterials/Substrate/Glints2/dict_0004_0197" 8515
"/Engine/EngineMaterials/Substrate/Glints2/dict_0004_0195" 8516
"../../../Engine/Content/EngineMaterials/Substrate/Glints2/dict_0004_0199.uasset" 8517
"/Engine/EngineMaterials/Substrate/Glints2/dict_0004_0194" 8518
"../../../Engine/Content/EngineMaterials/Substrate/Glints2/dict_0004_0204.uasset" 8519
"../../../Engine/Content/EngineMaterials/Substrate/Glints2/dict_0004_0201.uasset" 8520
"../../../Engine/Content/EngineMaterials/Substrate/Glints2/dict_0004_0202.uasset" 8521
"/Engine/EngineMaterials/Substrate/Glints2/dict_0004_0193" 8522
"../../../Engine/Content/EngineMaterials/Substrate/Glints2/dict_0004_0200.uasset" 8523
"../../../Engine/Content/EngineMaterials/Substrate/Glints2/dict_0004_0192.uasset" 8524
"../../../Engine/Content/EngineMaterials/Substrate/Glints2/dict_0004_0198.uasset" 8525
"../../../Engine/Content/EngineMaterials/Substrate/Glints2/dict_0004_0203.uasset" 8526
"/Engine/EngineMaterials/Substrate/Glints2/dict_0004_0204" 8527
"/Engine/EngineMaterials/Substrate/Glints2/dict_0004_0203" 8528
"/Engine/EngineMaterials/Substrate/Glints2/dict_0004_0202" 8529
"/Engine/EngineMaterials/Substrate/Glints2/dict_0004_0201" 8530
"/Engine/EngineMaterials/Substrate/Glints2/dict_0004_0198" 8531
"/Engine/EngineMaterials/Substrate/Glints2/dict_0004_0200" 8532
"/Engine/EngineMaterials/Substrate/Glints2/dict_0004_0192" 8533
"/Engine/EngineMaterials/Substrate/Glints2/dict_0004_0199" 8534
"../../../Engine/Content/EngineMaterials/Substrate/Glints2/dict_0004_0205.uasset" 8535
"../../../Engine/Content/EngineMaterials/Substrate/Glints2/dict_0004_0207.uasset" 8536
"../../../Engine/Content/EngineMaterials/Substrate/Glints2/dict_0004_0208.uasset" 8537
"../../../Engine/Content/EngineMaterials/Substrate/Glints2/dict_0004_0209.uasset" 8538
"../../../Engine/Content/EngineMaterials/Substrate/Glints2/dict_0004_0206.uasset" 8539
"../../../Engine/Content/EngineMaterials/Substrate/Glints2/dict_0004_0215.uasset" 8540
"../../../Engine/Content/EngineMaterials/Substrate/Glints2/dict_0004_0211.uasset" 8541
"../../../Engine/Content/EngineMaterials/Substrate/Glints2/dict_0004_0217.uasset" 8542
"../../../Engine/Content/EngineMaterials/Substrate/Glints2/dict_0004_0214.uasset" 8543
"/Engine/EngineMaterials/Substrate/Glints2/dict_0004_0209" 8544
"../../../Engine/Content/EngineMaterials/Substrate/Glints2/dict_0004_0212.uasset" 8545
"../../../Engine/Content/EngineMaterials/Substrate/Glints2/dict_0004_0213.uasset" 8546
"../../../Engine/Content/EngineMaterials/Substrate/Glints2/dict_0004_0210.uasset" 8547
"/Engine/EngineMaterials/Substrate/Glints2/dict_0004_0215" 8548
"/Engine/EngineMaterials/Substrate/Glints2/dict_0004_0208" 8549
"/Engine/EngineMaterials/Substrate/Glints2/dict_0004_0207" 8550
"/Engine/EngineMaterials/Substrate/Glints2/dict_0004_0206" 8551
"/Engine/EngineMaterials/Substrate/Glints2/dict_0004_0205" 8552
"/Engine/EngineMaterials/Substrate/Glints2/dict_0004_0211" 8553
"/Engine/EngineMaterials/Substrate/Glints2/dict_0004_0214" 8554
"/Engine/EngineMaterials/Substrate/Glints2/dict_0004_0210" 8555
"/Engine/EngineMaterials/Substrate/Glints2/dict_0004_0217" 8556
"/Engine/EngineMaterials/Substrate/Glints2/dict_0004_0213" 8557
"/Engine/EngineMaterials/Substrate/Glints2/dict_0004_0212" 8558
"../../../Engine/Content/EngineMaterials/Substrate/Glints2/dict_0004_0218.uasset" 8559
"../../../Engine/Content/EngineMaterials/Substrate/Glints2/dict_0004_0223.uasset" 8560
"../../../Engine/Content/EngineMaterials/Substrate/Glints2/dict_0004_0222.uasset" 8561
"../../../Engine/Content/EngineMaterials/Substrate/Glints2/dict_0004_0224.uasset" 8562
"../../../Engine/Content/EngineMaterials/Substrate/Glints2/dict_0004_0220.uasset" 8563
"../../../Engine/Content/EngineMaterials/Substrate/Glints2/dict_0004_0219.uasset" 8564
"../../../Engine/Content/EngineMaterials/Substrate/Glints2/dict_0004_0226.uasset" 8565
"../../../Engine/Content/EngineMaterials/Substrate/Glints2/dict_0004_0227.uasset" 8566
"../../../Engine/Content/EngineMaterials/Substrate/Glints2/dict_0004_0228.uasset" 8567
"../../../Engine/Content/EngineMaterials/Substrate/Glints2/dict_0004_0230.uasset" 8568
"../../../Engine/Content/EngineMaterials/Substrate/Glints2/dict_0004_0216.uasset" 8569
"../../../Engine/Content/EngineMaterials/Substrate/Glints2/dict_0004_0225.uasset" 8570
"/Engine/EngineMaterials/Substrate/Glints2/dict_0004_0223" 8571
"../../../Engine/Content/EngineMaterials/Substrate/Glints2/dict_0004_0229.uasset" 8572
"/Engine/EngineMaterials/Substrate/Glints2/dict_0004_0222" 8573
"../../../Engine/Content/EngineMaterials/Substrate/Glints2/dict_0004_0231.uasset" 8574
"/Engine/EngineMaterials/Substrate/Glints2/dict_0004_0228" 8575
"/Engine/EngineMaterials/Substrate/Glints2/dict_0004_0227" 8576
"/Engine/EngineMaterials/Substrate/Glints2/dict_0004_0226" 8577
"/Engine/EngineMaterials/Substrate/Glints2/dict_0004_0230" 8578
"/Engine/EngineMaterials/Substrate/Glints2/dict_0004_0220" 8579
"/Engine/EngineMaterials/Substrate/Glints2/dict_0004_0225" 8580
"../../../Engine/Content/EngineMaterials/Substrate/Glints2/dict_0004_0221.uasset" 8581
"../../../Engine/Content/EngineMaterials/Substrate/Glints2/dict_0004_0232.uasset" 8582
"../../../Engine/Content/EngineMaterials/Substrate/Glints2/dict_0004_0233.uasset" 8583
"/Engine/EngineMaterials/Substrate/Glints2/dict_0004_0219" 8584
"../../../Engine/Content/EngineMaterials/Substrate/Glints2/dict_0004_0235.uasset" 8585
"/Engine/EngineMaterials/Substrate/Glints2/dict_0004_0218" 8586
"/Engine/EngineMaterials/Substrate/Glints2/dict_0004_0216" 8587
"../../../Engine/Content/EngineMaterials/Substrate/Glints2/dict_0004_0236.uasset" 8588
"/Engine/EngineMaterials/Substrate/Glints2/dict_0004_0224" 8589
"../../../Engine/Content/EngineMaterials/Substrate/Glints2/dict_0004_0234.uasset" 8590
"/Engine/EngineMaterials/Substrate/Glints2/dict_0004_0236" 8591
"/Engine/EngineMaterials/Substrate/Glints2/dict_0004_0235" 8592
"/Engine/EngineMaterials/Substrate/Glints2/dict_0004_0221" 8593
"/Engine/EngineMaterials/Substrate/Glints2/dict_0004_0233" 8594
"/Engine/EngineMaterials/Substrate/Glints2/dict_0004_0232" 8595
"/Engine/EngineMaterials/Substrate/Glints2/dict_0004_0231" 8596
"/Engine/EngineMaterials/Substrate/Glints2/dict_0004_0229" 8597
"/Engine/EngineMaterials/Substrate/Glints2/dict_0004_0234" 8598
"../../../Engine/Content/EngineMaterials/Substrate/Glints2/dict_0004_0239.uasset" 8599
"../../../Engine/Content/EngineMaterials/Substrate/Glints2/dict_0004_0238.uasset" 8600
"../../../Engine/Content/EngineMaterials/Substrate/Glints2/dict_0004_0237.uasset" 8601
"../../../Engine/Content/EngineMaterials/Substrate/Glints2/dict_0004_0244.uasset" 8602
"../../../Engine/Content/EngineMaterials/Substrate/Glints2/dict_0004_0240.uasset" 8603
"../../../Engine/Content/EngineMaterials/Substrate/Glints2/dict_0004_0243.uasset" 8604
"../../../Engine/Content/EngineMaterials/Substrate/Glints2/dict_0004_0248.uasset" 8605
"../../../Engine/Content/EngineMaterials/Substrate/Glints2/dict_0004_0246.uasset" 8606
"../../../Engine/Content/EngineMaterials/Substrate/Glints2/dict_0004_0242.uasset" 8607
"../../../Engine/Content/EngineMaterials/Substrate/Glints2/dict_0004_0241.uasset" 8608
"../../../Engine/Content/EngineMaterials/Substrate/Glints2/dict_0004_0247.uasset" 8609
"/Engine/EngineMaterials/Substrate/Glints2/dict_0004_0248" 8610
"/Engine/EngineMaterials/Substrate/Glints2/dict_0004_0247" 8611
"/Engine/EngineMaterials/Substrate/Glints2/dict_0004_0243" 8612
"/Engine/EngineMaterials/Substrate/Glints2/dict_0004_0242" 8613
"/Engine/EngineMaterials/Substrate/Glints2/dict_0004_0241" 8614
"../../../Engine/Content/EngineMaterials/Substrate/Glints2/dict_0004_0245.uasset" 8615
"../../../Engine/Content/EngineMaterials/Substrate/Glints2/dict_0004_0250.uasset" 8616
"/Engine/EngineMaterials/Substrate/Glints2/dict_0004_0240" 8617
"/Engine/EngineMaterials/Substrate/Glints2/dict_0004_0239" 8618
"../../../Engine/Content/EngineMaterials/Substrate/Glints2/dict_0004_0249.uasset" 8619
"/Engine/EngineMaterials/Substrate/Glints2/dict_0004_0238" 8620
"/Engine/EngineMaterials/Substrate/Glints2/dict_0004_0246" 8621
"../../../Engine/Content/EngineMaterials/Substrate/Glints2/dict_0004_0252.uasset" 8622
"/Engine/EngineMaterials/Substrate/Glints2/dict_0004_0244" 8623
"/Engine/EngineMaterials/Substrate/Glints2/dict_0004_0237" 8624
"../../../Engine/Content/EngineMaterials/Substrate/Glints2/dict_0004_0251.uasset" 8625
"/Engine/EngineMaterials/Substrate/Glints2/dict_0004_0252" 8626
"/Engine/EngineMaterials/Substrate/Glints2/dict_0004_0250" 8627
"/Engine/EngineMaterials/Substrate/Glints2/dict_0004_0245" 8628
"/Engine/EngineMaterials/Substrate/Glints2/dict_0004_0249" 8629
"/Engine/EngineMaterials/Substrate/Glints2/dict_0004_0251" 8630
"../../../Engine/Content/EngineMaterials/Substrate/Glints2/dict_0005_0000.uasset" 8631
"../../../Engine/Content/EngineMaterials/Substrate/Glints2/dict_0005_0002.uasset" 8632
"/Engine/EngineMaterials/Substrate/Glints2/dict_0005_0000" 8633
"/Engine/EngineMaterials/Substrate/Glints2/dict_0005_0002" 8634
"../../../Engine/Content/EngineMaterials/Substrate/Glints2/dict_0005_0003.uasset" 8635
"../../../Engine/Content/EngineMaterials/Substrate/Glints2/dict_0005_0001.uasset" 8636
"../../../Engine/Content/EngineMaterials/Substrate/Glints2/dict_0005_0005.uasset" 8637
"../../../Engine/Content/EngineMaterials/Substrate/Glints2/dict_0004_0253.uasset" 8638
"/Engine/EngineMaterials/Substrate/Glints2/dict_0005_0003" 8639
"/Engine/EngineMaterials/Substrate/Glints2/dict_0005_0001" 8640
"/Engine/EngineMaterials/Substrate/Glints2/dict_0004_0253" 8641
"/Engine/EngineMaterials/Substrate/Glints2/dict_0005_0005" 8642
"../../../Engine/Content/EngineMaterials/Substrate/Glints2/dict_0004_0254.uasset" 8643
"../../../Engine/Content/EngineMaterials/Substrate/Glints2/dict_0004_0255.uasset" 8644
"../../../Engine/Content/EngineMaterials/Substrate/Glints2/dict_0005_0012.uasset" 8645
"../../../Engine/Content/EngineMaterials/Substrate/Glints2/dict_0005_0016.uasset" 8646
"/Engine/EngineMaterials/Substrate/Glints2/dict_0004_0255" 8647
"../../../Engine/Content/EngineMaterials/Substrate/Glints2/dict_0005_0008.uasset" 8648
"../../../Engine/Content/EngineMaterials/Substrate/Glints2/dict_0005_0004.uasset" 8649
"/Engine/EngineMaterials/Substrate/Glints2/dict_0004_0254" 8650
"/Engine/EngineMaterials/Substrate/Glints2/dict_0005_0004" 8651
"../../../Engine/Content/EngineMaterials/Substrate/Glints2/dict_0005_0010.uasset" 8652
"../../../Engine/Content/EngineMaterials/Substrate/Glints2/dict_0005_0006.uasset" 8653
"../../../Engine/Content/EngineMaterials/Substrate/Glints2/dict_0005_0015.uasset" 8654
"../../../Engine/Content/EngineMaterials/Substrate/Glints2/dict_0005_0013.uasset" 8655
"/Engine/EngineMaterials/Substrate/Glints2/dict_0005_0012" 8656
"../../../Engine/Content/EngineMaterials/Substrate/Glints2/dict_0005_0007.uasset" 8657
"/Engine/EngineMaterials/Substrate/Glints2/dict_0005_0008" 8658
"../../../Engine/Content/EngineMaterials/Substrate/Glints2/dict_0005_0009.uasset" 8659
"/Engine/EngineMaterials/Substrate/Glints2/dict_0005_0016" 8660
"/Engine/EngineMaterials/Substrate/Glints2/dict_0005_0010" 8661
"/Engine/EngineMaterials/Substrate/Glints2/dict_0005_0009" 8662
"/Engine/EngineMaterials/Substrate/Glints2/dict_0005_0007" 8663
"/Engine/EngineMaterials/Substrate/Glints2/dict_0005_0006" 8664
"../../../Engine/Content/EngineMaterials/Substrate/Glints2/dict_0005_0014.uasset" 8665
"/Engine/EngineMaterials/Substrate/Glints2/dict_0005_0015" 8666
"/Engine/EngineMaterials/Substrate/Glints2/dict_0005_0013" 8667
"../../../Engine/Content/EngineMaterials/Substrate/Glints2/dict_0005_0011.uasset" 8668
"/Engine/EngineMaterials/Substrate/Glints2/dict_0005_0011" 8669
"/Engine/EngineMaterials/Substrate/Glints2/dict_0005_0014" 8670
"../../../Engine/Content/EngineMaterials/Substrate/Glints2/dict_0005_0019.uasset" 8671
"../../../Engine/Content/EngineMaterials/Substrate/Glints2/dict_0005_0021.uasset" 8672
"../../../Engine/Content/EngineMaterials/Substrate/Glints2/dict_0005_0025.uasset" 8673
"../../../Engine/Content/EngineMaterials/Substrate/Glints2/dict_0005_0024.uasset" 8674
"../../../Engine/Content/EngineMaterials/Substrate/Glints2/dict_0005_0023.uasset" 8675
"../../../Engine/Content/EngineMaterials/Substrate/Glints2/dict_0005_0020.uasset" 8676
"/Engine/EngineMaterials/Substrate/Glints2/dict_0005_0023" 8677
"/Engine/EngineMaterials/Substrate/Glints2/dict_0005_0021" 8678
"../../../Engine/Content/EngineMaterials/Substrate/Glints2/dict_0005_0017.uasset" 8679
"../../../Engine/Content/EngineMaterials/Substrate/Glints2/dict_0005_0028.uasset" 8680
"/Engine/EngineMaterials/Substrate/Glints2/dict_0005_0020" 8681
"../../../Engine/Content/EngineMaterials/Substrate/Glints2/dict_0005_0029.uasset" 8682
"/Engine/EngineMaterials/Substrate/Glints2/dict_0005_0019" 8683
"../../../Engine/Content/EngineMaterials/Substrate/Glints2/dict_0005_0018.uasset" 8684
"/Engine/EngineMaterials/Substrate/Glints2/dict_0005_0025" 8685
"/Engine/EngineMaterials/Substrate/Glints2/dict_0005_0024" 8686
"/Engine/EngineMaterials/Substrate/Glints2/dict_0005_0018" 8687
"../../../Engine/Content/EngineMaterials/Substrate/Glints2/dict_0005_0030.uasset" 8688
"/Engine/EngineMaterials/Substrate/Glints2/dict_0005_0017" 8689
"/Engine/EngineMaterials/Substrate/Glints2/dict_0005_0029" 8690
"/Engine/EngineMaterials/Substrate/Glints2/dict_0005_0028" 8691
"/Engine/EngineMaterials/Substrate/Glints2/dict_0005_0030" 8692
"../../../Engine/Content/EngineMaterials/Substrate/Glints2/dict_0005_0027.uasset" 8693
"../../../Engine/Content/EngineMaterials/Substrate/Glints2/dict_0005_0022.uasset" 8694
"../../../Engine/Content/EngineMaterials/Substrate/Glints2/dict_0005_0031.uasset" 8695
"../../../Engine/Content/EngineMaterials/Substrate/Glints2/dict_0005_0032.uasset" 8696
"../../../Engine/Content/EngineMaterials/Substrate/Glints2/dict_0005_0035.uasset" 8697
"../../../Engine/Content/EngineMaterials/Substrate/Glints2/dict_0005_0036.uasset" 8698
"../../../Engine/Content/EngineMaterials/Substrate/Glints2/dict_0005_0033.uasset" 8699
"../../../Engine/Content/EngineMaterials/Substrate/Glints2/dict_0005_0034.uasset" 8700
"../../../Engine/Content/EngineMaterials/Substrate/Glints2/dict_0005_0038.uasset" 8701
"../../../Engine/Content/EngineMaterials/Substrate/Glints2/dict_0005_0039.uasset" 8702
"../../../Engine/Content/EngineMaterials/Substrate/Glints2/dict_0005_0026.uasset" 8703
"../../../Engine/Content/EngineMaterials/Substrate/Glints2/dict_0005_0041.uasset" 8704
"/Engine/EngineMaterials/Substrate/Glints2/dict_0005_0022" 8705
"../../../Engine/Content/EngineMaterials/Substrate/Glints2/dict_0005_0040.uasset" 8706
"/Engine/EngineMaterials/Substrate/Glints2/dict_0005_0034" 8707
"/Engine/EngineMaterials/Substrate/Glints2/dict_0005_0039" 8708
"/Engine/EngineMaterials/Substrate/Glints2/dict_0005_0038" 8709
"/Engine/EngineMaterials/Substrate/Glints2/dict_0005_0033" 8710
"/Engine/EngineMaterials/Substrate/Glints2/dict_0005_0036" 8711
"/Engine/EngineMaterials/Substrate/Glints2/dict_0005_0035" 8712
"/Engine/EngineMaterials/Substrate/Glints2/dict_0005_0032" 8713
"/Engine/EngineMaterials/Substrate/Glints2/dict_0005_0027" 8714
"/Engine/EngineMaterials/Substrate/Glints2/dict_0005_0031" 8715
"/Engine/EngineMaterials/Substrate/Glints2/dict_0005_0026" 8716
"/Engine/EngineMaterials/Substrate/Glints2/dict_0005_0041" 8717
"/Engine/EngineMaterials/Substrate/Glints2/dict_0005_0040" 8718
"../../../Engine/Content/EngineMaterials/Substrate/Glints2/dict_0005_0037.uasset" 8719
"../../../Engine/Content/EngineMaterials/Substrate/Glints2/dict_0005_0049.uasset" 8720
"../../../Engine/Content/EngineMaterials/Substrate/Glints2/dict_0005_0047.uasset" 8721
"../../../Engine/Content/EngineMaterials/Substrate/Glints2/dict_0005_0045.uasset" 8722
"../../../Engine/Content/EngineMaterials/Substrate/Glints2/dict_0005_0044.uasset" 8723
"../../../Engine/Content/EngineMaterials/Substrate/Glints2/dict_0005_0048.uasset" 8724
"../../../Engine/Content/EngineMaterials/Substrate/Glints2/dict_0005_0042.uasset" 8725
"../../../Engine/Content/EngineMaterials/Substrate/Glints2/dict_0005_0051.uasset" 8726
"../../../Engine/Content/EngineMaterials/Substrate/Glints2/dict_0005_0050.uasset" 8727
"../../../Engine/Content/EngineMaterials/Substrate/Glints2/dict_0005_0046.uasset" 8728
"../../../Engine/Content/EngineMaterials/Substrate/Glints2/dict_0005_0053.uasset" 8729
"../../../Engine/Content/EngineMaterials/Substrate/Glints2/dict_0005_0043.uasset" 8730
"../../../Engine/Content/EngineMaterials/Substrate/Glints2/dict_0005_0052.uasset" 8731
"/Engine/EngineMaterials/Substrate/Glints2/dict_0005_0053" 8732
"/Engine/EngineMaterials/Substrate/Glints2/dict_0005_0048" 8733
"/Engine/EngineMaterials/Substrate/Glints2/dict_0005_0046" 8734
"../../../Engine/Content/EngineMaterials/Substrate/Glints2/dict_0005_0061.uasset" 8735
"../../../Engine/Content/EngineMaterials/Substrate/Glints2/dict_0005_0056.uasset" 8736
"../../../Engine/Content/EngineMaterials/Substrate/Glints2/dict_0005_0060.uasset" 8737
"../../../Engine/Content/EngineMaterials/Substrate/Glints2/dict_0005_0059.uasset" 8738
"../../../Engine/Content/EngineMaterials/Substrate/Glints2/dict_0005_0062.uasset" 8739
"../../../Engine/Content/EngineMaterials/Substrate/Glints2/dict_0005_0063.uasset" 8740
"../../../Engine/Content/EngineMaterials/Substrate/Glints2/dict_0005_0058.uasset" 8741
"../../../Engine/Content/EngineMaterials/Substrate/Glints2/dict_0005_0064.uasset" 8742
"../../../Engine/Content/EngineMaterials/Substrate/Glints2/dict_0005_0057.uasset" 8743
"/Engine/EngineMaterials/Substrate/Glints2/dict_0005_0051" 8744
"/Engine/EngineMaterials/Substrate/Glints2/dict_0005_0045" 8745
"../../../Engine/Content/EngineMaterials/Substrate/Glints2/dict_0005_0054.uasset" 8746
"/Engine/EngineMaterials/Substrate/Glints2/dict_0005_0037" 8747
"/Engine/EngineMaterials/Substrate/Glints2/dict_0005_0044" 8748
"../../../Engine/Content/EngineMaterials/Substrate/Glints2/dict_0005_0055.uasset" 8749
"/Engine/EngineMaterials/Substrate/Glints2/dict_0005_0043" 8750
"/Engine/EngineMaterials/Substrate/Glints2/dict_0005_0042" 8751
"/Engine/EngineMaterials/Substrate/Glints2/dict_0005_0050" 8752
"/Engine/EngineMaterials/Substrate/Glints2/dict_0005_0049" 8753
"/Engine/EngineMaterials/Substrate/Glints2/dict_0005_0047" 8754
"/Engine/EngineMaterials/Substrate/Glints2/dict_0005_0054" 8755
"/Engine/EngineMaterials/Substrate/Glints2/dict_0005_0052" 8756
"/Engine/EngineMaterials/Substrate/Glints2/dict_0005_0058" 8757
"/Engine/EngineMaterials/Substrate/Glints2/dict_0005_0057" 8758
"/Engine/EngineMaterials/Substrate/Glints2/dict_0005_0059" 8759
"/Engine/EngineMaterials/Substrate/Glints2/dict_0005_0056" 8760
"/Engine/EngineMaterials/Substrate/Glints2/dict_0005_0064" 8761
"/Engine/EngineMaterials/Substrate/Glints2/dict_0005_0063" 8762
"/Engine/EngineMaterials/Substrate/Glints2/dict_0005_0062" 8763
"/Engine/EngineMaterials/Substrate/Glints2/dict_0005_0055" 8764
"/Engine/EngineMaterials/Substrate/Glints2/dict_0005_0061" 8765
"../../../Engine/Content/EngineMaterials/Substrate/Glints2/dict_0005_0067.uasset" 8766
"/Engine/EngineMaterials/Substrate/Glints2/dict_0005_0060" 8767
"../../../Engine/Content/EngineMaterials/Substrate/Glints2/dict_0005_0065.uasset" 8768
"/Engine/EngineMaterials/Substrate/Glints2/dict_0005_0067" 8769
"../../../Engine/Content/EngineMaterials/Substrate/Glints2/dict_0005_0066.uasset" 8770
"/Engine/EngineMaterials/Substrate/Glints2/dict_0005_0065" 8771
"/Engine/EngineMaterials/Substrate/Glints2/dict_0005_0066" 8772
"../../../Engine/Content/EngineMaterials/Substrate/Glints2/dict_0005_0069.uasset" 8773
"../../../Engine/Content/EngineMaterials/Substrate/Glints2/dict_0005_0072.uasset" 8774
"../../../Engine/Content/EngineMaterials/Substrate/Glints2/dict_0005_0071.uasset" 8775
"../../../Engine/Content/EngineMaterials/Substrate/Glints2/dict_0005_0068.uasset" 8776
"../../../Engine/Content/EngineMaterials/Substrate/Glints2/dict_0005_0070.uasset" 8777
"../../../Engine/Content/EngineMaterials/Substrate/Glints2/dict_0005_0074.uasset" 8778
"../../../Engine/Content/EngineMaterials/Substrate/Glints2/dict_0005_0073.uasset" 8779
"../../../Engine/Content/EngineMaterials/Substrate/Glints2/dict_0005_0078.uasset" 8780
"../../../Engine/Content/EngineMaterials/Substrate/Glints2/dict_0005_0076.uasset" 8781
"/Engine/EngineMaterials/Substrate/Glints2/dict_0005_0072" 8782
"/Engine/EngineMaterials/Substrate/Glints2/dict_0005_0071" 8783
"../../../Engine/Content/EngineMaterials/Substrate/Glints2/dict_0005_0077.uasset" 8784
"/Engine/EngineMaterials/Substrate/Glints2/dict_0005_0070" 8785
"../../../Engine/Content/EngineMaterials/Substrate/Glints2/dict_0005_0079.uasset" 8786
"/Engine/EngineMaterials/Substrate/Glints2/dict_0005_0069" 8787
"/Engine/EngineMaterials/Substrate/Glints2/dict_0005_0068" 8788
"../../../Engine/Content/EngineMaterials/Substrate/Glints2/dict_0005_0075.uasset" 8789
"/Engine/EngineMaterials/Substrate/Glints2/dict_0005_0078" 8790
"/Engine/EngineMaterials/Substrate/Glints2/dict_0005_0076" 8791
"../../../Engine/Content/EngineMaterials/Substrate/Glints2/dict_0005_0086.uasset" 8792
"../../../Engine/Content/EngineMaterials/Substrate/Glints2/dict_0005_0084.uasset" 8793
"/Engine/EngineMaterials/Substrate/Glints2/dict_0005_0074" 8794
"../../../Engine/Content/EngineMaterials/Substrate/Glints2/dict_0005_0085.uasset" 8795
"../../../Engine/Content/EngineMaterials/Substrate/Glints2/dict_0005_0082.uasset" 8796
"../../../Engine/Content/EngineMaterials/Substrate/Glints2/dict_0005_0083.uasset" 8797
"/Engine/EngineMaterials/Substrate/Glints2/dict_0005_0073" 8798
"../../../Engine/Content/EngineMaterials/Substrate/Glints2/dict_0005_0081.uasset" 8799
"../../../Engine/Content/EngineMaterials/Substrate/Glints2/dict_0005_0080.uasset" 8800
"/Engine/EngineMaterials/Substrate/Glints2/dict_0005_0084" 8801
"/Engine/EngineMaterials/Substrate/Glints2/dict_0005_0083" 8802
"/Engine/EngineMaterials/Substrate/Glints2/dict_0005_0082" 8803
"/Engine/EngineMaterials/Substrate/Glints2/dict_0005_0079" 8804
"/Engine/EngineMaterials/Substrate/Glints2/dict_0005_0077" 8805
"/Engine/EngineMaterials/Substrate/Glints2/dict_0005_0086" 8806
"/Engine/EngineMaterials/Substrate/Glints2/dict_0005_0075" 8807
"/Engine/EngineMaterials/Substrate/Glints2/dict_0005_0085" 8808
"/Engine/EngineMaterials/Substrate/Glints2/dict_0005_0080" 8809
"../../../Engine/Content/EngineMaterials/Substrate/Glints2/dict_0005_0087.uasset" 8810
"../../../Engine/Content/EngineMaterials/Substrate/Glints2/dict_0005_0088.uasset" 8811
"../../../Engine/Content/EngineMaterials/Substrate/Glints2/dict_0005_0089.uasset" 8812
"../../../Engine/Content/EngineMaterials/Substrate/Glints2/dict_0005_0095.uasset" 8813
"../../../Engine/Content/EngineMaterials/Substrate/Glints2/dict_0005_0090.uasset" 8814
"../../../Engine/Content/EngineMaterials/Substrate/Glints2/dict_0005_0092.uasset" 8815
"../../../Engine/Content/EngineMaterials/Substrate/Glints2/dict_0005_0091.uasset" 8816
"../../../Engine/Content/EngineMaterials/Substrate/Glints2/dict_0005_0094.uasset" 8817
"../../../Engine/Content/EngineMaterials/Substrate/Glints2/dict_0005_0097.uasset" 8818
"../../../Engine/Content/EngineMaterials/Substrate/Glints2/dict_0005_0098.uasset" 8819
"../../../Engine/Content/EngineMaterials/Substrate/Glints2/dict_0005_0096.uasset" 8820
"/Engine/EngineMaterials/Substrate/Glints2/dict_0005_0096" 8821
"/Engine/EngineMaterials/Substrate/Glints2/dict_0005_0095" 8822
"/Engine/EngineMaterials/Substrate/Glints2/dict_0005_0081" 8823
"/Engine/EngineMaterials/Substrate/Glints2/dict_0005_0094" 8824
"/Engine/EngineMaterials/Substrate/Glints2/dict_0005_0092" 8825
"/Engine/EngineMaterials/Substrate/Glints2/dict_0005_0098" 8826
"/Engine/EngineMaterials/Substrate/Glints2/dict_0005_0091" 8827
"/Engine/EngineMaterials/Substrate/Glints2/dict_0005_0097" 8828
"/Engine/EngineMaterials/Substrate/Glints2/dict_0005_0090" 8829
"/Engine/EngineMaterials/Substrate/Glints2/dict_0005_0089" 8830
"/Engine/EngineMaterials/Substrate/Glints2/dict_0005_0088" 8831
"../../../Engine/Content/EngineMaterials/Substrate/Glints2/dict_0005_0101.uasset" 8832
"/Engine/EngineMaterials/Substrate/Glints2/dict_0005_0087" 8833
"../../../Engine/Content/EngineMaterials/Substrate/Glints2/dict_0005_0103.uasset" 8834
"../../../Engine/Content/EngineMaterials/Substrate/Glints2/dict_0005_0102.uasset" 8835
"../../../Engine/Content/EngineMaterials/Substrate/Glints2/dict_0005_0093.uasset" 8836
"/Engine/EngineMaterials/Substrate/Glints2/dict_0005_0103" 8837
"../../../Engine/Content/EngineMaterials/Substrate/Glints2/dict_0005_0099.uasset" 8838
"../../../Engine/Content/EngineMaterials/Substrate/Glints2/dict_0005_0100.uasset" 8839
"/Engine/EngineMaterials/Substrate/Glints2/dict_0005_0102" 8840
"/Engine/EngineMaterials/Substrate/Glints2/dict_0005_0101" 8841
"/Engine/EngineMaterials/Substrate/Glints2/dict_0005_0093" 8842
"/Engine/EngineMaterials/Substrate/Glints2/dict_0005_0099" 8843
"/Engine/EngineMaterials/Substrate/Glints2/dict_0005_0100" 8844
"../../../Engine/Content/EngineMaterials/Substrate/Glints2/dict_0005_0105.uasset" 8845
"../../../Engine/Content/EngineMaterials/Substrate/Glints2/dict_0005_0110.uasset" 8846
"../../../Engine/Content/EngineMaterials/Substrate/Glints2/dict_0005_0109.uasset" 8847
"../../../Engine/Content/EngineMaterials/Substrate/Glints2/dict_0005_0111.uasset" 8848
"../../../Engine/Content/EngineMaterials/Substrate/Glints2/dict_0005_0106.uasset" 8849
"../../../Engine/Content/EngineMaterials/Substrate/Glints2/dict_0005_0104.uasset" 8850
"../../../Engine/Content/EngineMaterials/Substrate/Glints2/dict_0005_0108.uasset" 8851
"../../../Engine/Content/EngineMaterials/Substrate/Glints2/dict_0005_0116.uasset" 8852
"../../../Engine/Content/EngineMaterials/Substrate/Glints2/dict_0005_0114.uasset" 8853
"../../../Engine/Content/EngineMaterials/Substrate/Glints2/dict_0005_0112.uasset" 8854
"/Engine/EngineMaterials/Substrate/Glints2/dict_0005_0108" 8855
"../../../Engine/Content/EngineMaterials/Substrate/Glints2/dict_0005_0107.uasset" 8856
"../../../Engine/Content/EngineMaterials/Substrate/Glints2/dict_0005_0113.uasset" 8857
"/Engine/EngineMaterials/Substrate/Glints2/dict_0005_0116" 8858
"../../../Engine/Content/EngineMaterials/Substrate/Glints2/dict_0005_0117.uasset" 8859
"/Engine/EngineMaterials/Substrate/Glints2/dict_0005_0114" 8860
"/Engine/EngineMaterials/Substrate/Glints2/dict_0005_0106" 8861
"/Engine/EngineMaterials/Substrate/Glints2/dict_0005_0105" 8862
"/Engine/EngineMaterials/Substrate/Glints2/dict_0005_0104" 8863
"/Engine/EngineMaterials/Substrate/Glints2/dict_0005_0111" 8864
"/Engine/EngineMaterials/Substrate/Glints2/dict_0005_0110" 8865
"/Engine/EngineMaterials/Substrate/Glints2/dict_0005_0109" 8866
"/Engine/EngineMaterials/Substrate/Glints2/dict_0005_0107" 8867
"../../../Engine/Content/EngineMaterials/Substrate/Glints2/dict_0005_0115.uasset" 8868
"/Engine/EngineMaterials/Substrate/Glints2/dict_0005_0117" 8869
"/Engine/EngineMaterials/Substrate/Glints2/dict_0005_0113" 8870
"/Engine/EngineMaterials/Substrate/Glints2/dict_0005_0112" 8871
"/Engine/EngineMaterials/Substrate/Glints2/dict_0005_0115" 8872
"../../../Engine/Content/EngineMaterials/Substrate/Glints2/dict_0005_0120.uasset" 8873
"../../../Engine/Content/EngineMaterials/Substrate/Glints2/dict_0005_0122.uasset" 8874
"../../../Engine/Content/EngineMaterials/Substrate/Glints2/dict_0005_0118.uasset" 8875
"../../../Engine/Content/EngineMaterials/Substrate/Glints2/dict_0005_0121.uasset" 8876
"/Engine/EngineMaterials/Substrate/Glints2/dict_0005_0122" 8877
"../../../Engine/Content/EngineMaterials/Substrate/Glints2/dict_0005_0123.uasset" 8878
"/Engine/EngineMaterials/Substrate/Glints2/dict_0005_0121" 8879
"/Engine/EngineMaterials/Substrate/Glints2/dict_0005_0120" 8880
"/Engine/EngineMaterials/Substrate/Glints2/dict_0005_0118" 8881
"/Engine/EngineMaterials/Substrate/Glints2/dict_0005_0123" 8882
"../../../Engine/Content/EngineMaterials/Substrate/Glints2/dict_0005_0119.uasset" 8883
"../../../Engine/Content/EngineMaterials/Substrate/Glints2/dict_0005_0125.uasset" 8884
"../../../Engine/Content/EngineMaterials/Substrate/Glints2/dict_0005_0124.uasset" 8885
"../../../Engine/Content/EngineMaterials/Substrate/Glints2/dict_0005_0127.uasset" 8886
"../../../Engine/Content/EngineMaterials/Substrate/Glints2/dict_0005_0126.uasset" 8887
"../../../Engine/Content/EngineMaterials/Substrate/Glints2/dict_0005_0129.uasset" 8888
"../../../Engine/Content/EngineMaterials/Substrate/Glints2/dict_0005_0130.uasset" 8889
"/Engine/EngineMaterials/Substrate/Glints2/dict_0005_0129" 8890
"../../../Engine/Content/EngineMaterials/Substrate/Glints2/dict_0005_0136.uasset" 8891
"../../../Engine/Content/EngineMaterials/Substrate/Glints2/dict_0005_0134.uasset" 8892
"../../../Engine/Content/EngineMaterials/Substrate/Glints2/dict_0005_0133.uasset" 8893
"../../../Engine/Content/EngineMaterials/Substrate/Glints2/dict_0005_0131.uasset" 8894
"/Engine/EngineMaterials/Substrate/Glints2/dict_0005_0127" 8895
"../../../Engine/Content/EngineMaterials/Substrate/Glints2/dict_0005_0135.uasset" 8896
"../../../Engine/Content/EngineMaterials/Substrate/Glints2/dict_0005_0128.uasset" 8897
"/Engine/EngineMaterials/Substrate/Glints2/dict_0005_0126" 8898
"../../../Engine/Content/EngineMaterials/Substrate/Glints2/dict_0005_0132.uasset" 8899
"/Engine/EngineMaterials/Substrate/Glints2/dict_0005_0125" 8900
"/Engine/EngineMaterials/Substrate/Glints2/dict_0005_0124" 8901
"/Engine/EngineMaterials/Substrate/Glints2/dict_0005_0119" 8902
"/Engine/EngineMaterials/Substrate/Glints2/dict_0005_0130" 8903
"/Engine/EngineMaterials/Substrate/Glints2/dict_0005_0128" 8904
"/Engine/EngineMaterials/Substrate/Glints2/dict_0005_0135" 8905
"/Engine/EngineMaterials/Substrate/Glints2/dict_0005_0132" 8906
"/Engine/EngineMaterials/Substrate/Glints2/dict_0005_0134" 8907
"/Engine/EngineMaterials/Substrate/Glints2/dict_0005_0131" 8908
"/Engine/EngineMaterials/Substrate/Glints2/dict_0005_0133" 8909
"/Engine/EngineMaterials/Substrate/Glints2/dict_0005_0136" 8910
"../../../Engine/Content/EngineMaterials/Substrate/Glints2/dict_0005_0137.uasset" 8911
"../../../Engine/Content/EngineMaterials/Substrate/Glints2/dict_0005_0141.uasset" 8912
"../../../Engine/Content/EngineMaterials/Substrate/Glints2/dict_0005_0140.uasset" 8913
"../../../Engine/Content/EngineMaterials/Substrate/Glints2/dict_0005_0139.uasset" 8914
"../../../Engine/Content/EngineMaterials/Substrate/Glints2/dict_0005_0138.uasset" 8915
"../../../Engine/Content/EngineMaterials/Substrate/Glints2/dict_0005_0146.uasset" 8916
"../../../Engine/Content/EngineMaterials/Substrate/Glints2/dict_0005_0144.uasset" 8917
"../../../Engine/Content/EngineMaterials/Substrate/Glints2/dict_0005_0142.uasset" 8918
"../../../Engine/Content/EngineMaterials/Substrate/Glints2/dict_0005_0148.uasset" 8919
"../../../Engine/Content/EngineMaterials/Substrate/Glints2/dict_0005_0150.uasset" 8920
"../../../Engine/Content/EngineMaterials/Substrate/Glints2/dict_0005_0145.uasset" 8921
"../../../Engine/Content/EngineMaterials/Substrate/Glints2/dict_0005_0149.uasset" 8922
"../../../Engine/Content/EngineMaterials/Substrate/Glints2/dict_0005_0143.uasset" 8923
"/Engine/EngineMaterials/Substrate/Glints2/dict_0005_0144" 8924
"/Engine/EngineMaterials/Substrate/Glints2/dict_0005_0148" 8925
"/Engine/EngineMaterials/Substrate/Glints2/dict_0005_0143" 8926
"/Engine/EngineMaterials/Substrate/Glints2/dict_0005_0149" 8927
"/Engine/EngineMaterials/Substrate/Glints2/dict_0005_0142" 8928
"/Engine/EngineMaterials/Substrate/Glints2/dict_0005_0141" 8929
"/Engine/EngineMaterials/Substrate/Glints2/dict_0005_0140" 8930
"/Engine/EngineMaterials/Substrate/Glints2/dict_0005_0139" 8931
"/Engine/EngineMaterials/Substrate/Glints2/dict_0005_0146" 8932
"/Engine/EngineMaterials/Substrate/Glints2/dict_0005_0145" 8933
"../../../Engine/Content/EngineMaterials/Substrate/Glints2/dict_0005_0151.uasset" 8934
"/Engine/EngineMaterials/Substrate/Glints2/dict_0005_0150" 8935
"../../../Engine/Content/EngineMaterials/Substrate/Glints2/dict_0005_0152.uasset" 8936
"../../../Engine/Content/EngineMaterials/Substrate/Glints2/dict_0005_0155.uasset" 8937
"/Engine/EngineMaterials/Substrate/Glints2/dict_0005_0138" 8938
"../../../Engine/Content/EngineMaterials/Substrate/Glints2/dict_0005_0154.uasset" 8939
"../../../Engine/Content/EngineMaterials/Substrate/Glints2/dict_0005_0153.uasset" 8940
"/Engine/EngineMaterials/Substrate/Glints2/dict_0005_0137" 8941
"/Engine/EngineMaterials/Substrate/Glints2/dict_0005_0154" 8942
"/Engine/EngineMaterials/Substrate/Glints2/dict_0005_0153" 8943
"/Engine/EngineMaterials/Substrate/Glints2/dict_0005_0152" 8944
"/Engine/EngineMaterials/Substrate/Glints2/dict_0005_0151" 8945
"/Engine/EngineMaterials/Substrate/Glints2/dict_0005_0155" 8946
"../../../Engine/Content/EngineMaterials/Substrate/Glints2/dict_0005_0156.uasset" 8947
"../../../Engine/Content/EngineMaterials/Substrate/Glints2/dict_0005_0161.uasset" 8948
"../../../Engine/Content/EngineMaterials/Substrate/Glints2/dict_0005_0160.uasset" 8949
"../../../Engine/Content/EngineMaterials/Substrate/Glints2/dict_0005_0158.uasset" 8950
"../../../Engine/Content/EngineMaterials/Substrate/Glints2/dict_0005_0159.uasset" 8951
"../../../Engine/Content/EngineMaterials/Substrate/Glints2/dict_0005_0162.uasset" 8952
"../../../Engine/Content/EngineMaterials/Substrate/Glints2/dict_0005_0163.uasset" 8953
"../../../Engine/Content/EngineMaterials/Substrate/Glints2/dict_0005_0147.uasset" 8954
"../../../Engine/Content/EngineMaterials/Substrate/Glints2/dict_0005_0157.uasset" 8955
"/Engine/EngineMaterials/Substrate/Glints2/dict_0005_0161" 8956
"/Engine/EngineMaterials/Substrate/Glints2/dict_0005_0160" 8957
"../../../Engine/Content/EngineMaterials/Substrate/Glints2/dict_0005_0167.uasset" 8958
"../../../Engine/Content/EngineMaterials/Substrate/Glints2/dict_0005_0166.uasset" 8959
"../../../Engine/Content/EngineMaterials/Substrate/Glints2/dict_0005_0168.uasset" 8960
"/Engine/EngineMaterials/Substrate/Glints2/dict_0005_0147" 8961
"../../../Engine/Content/EngineMaterials/Substrate/Glints2/dict_0005_0165.uasset" 8962
"/Engine/EngineMaterials/Substrate/Glints2/dict_0005_0159" 8963
"/Engine/EngineMaterials/Substrate/Glints2/dict_0005_0158" 8964
"../../../Engine/Content/EngineMaterials/Substrate/Glints2/dict_0005_0164.uasset" 8965
"/Engine/EngineMaterials/Substrate/Glints2/dict_0005_0157" 8966
"/Engine/EngineMaterials/Substrate/Glints2/dict_0005_0156" 8967
"/Engine/EngineMaterials/Substrate/Glints2/dict_0005_0163" 8968
"/Engine/EngineMaterials/Substrate/Glints2/dict_0005_0162" 8969
"/Engine/EngineMaterials/Substrate/Glints2/dict_0005_0168" 8970
"/Engine/EngineMaterials/Substrate/Glints2/dict_0005_0167" 8971
"/Engine/EngineMaterials/Substrate/Glints2/dict_0005_0166" 8972
"/Engine/EngineMaterials/Substrate/Glints2/dict_0005_0165" 8973
"/Engine/EngineMaterials/Substrate/Glints2/dict_0005_0164" 8974
"../../../Engine/Content/EngineMaterials/Substrate/Glints2/dict_0005_0177.uasset" 8975
"../../../Engine/Content/EngineMaterials/Substrate/Glints2/dict_0005_0173.uasset" 8976
"../../../Engine/Content/EngineMaterials/Substrate/Glints2/dict_0005_0172.uasset" 8977
"../../../Engine/Content/EngineMaterials/Substrate/Glints2/dict_0005_0171.uasset" 8978
"../../../Engine/Content/EngineMaterials/Substrate/Glints2/dict_0005_0169.uasset" 8979
"../../../Engine/Content/EngineMaterials/Substrate/Glints2/dict_0005_0170.uasset" 8980
"../../../Engine/Content/EngineMaterials/Substrate/Glints2/dict_0005_0175.uasset" 8981
"../../../Engine/Content/EngineMaterials/Substrate/Glints2/dict_0005_0176.uasset" 8982
"../../../Engine/Content/EngineMaterials/Substrate/Glints2/dict_0005_0180.uasset" 8983
"../../../Engine/Content/EngineMaterials/Substrate/Glints2/dict_0005_0181.uasset" 8984
"../../../Engine/Content/EngineMaterials/Substrate/Glints2/dict_0005_0179.uasset" 8985
"../../../Engine/Content/EngineMaterials/Substrate/Glints2/dict_0005_0174.uasset" 8986
"../../../Engine/Content/EngineMaterials/Substrate/Glints2/dict_0005_0182.uasset" 8987
"/Engine/EngineMaterials/Substrate/Glints2/dict_0005_0181" 8988
"/Engine/EngineMaterials/Substrate/Glints2/dict_0005_0180" 8989
"/Engine/EngineMaterials/Substrate/Glints2/dict_0005_0179" 8990
"/Engine/EngineMaterials/Substrate/Glints2/dict_0005_0177" 8991
"/Engine/EngineMaterials/Substrate/Glints2/dict_0005_0176" 8992
"/Engine/EngineMaterials/Substrate/Glints2/dict_0005_0175" 8993
"../../../Engine/Content/EngineMaterials/Substrate/Glints2/dict_0005_0185.uasset" 8994
"../../../Engine/Content/EngineMaterials/Substrate/Glints2/dict_0005_0187.uasset" 8995
"/Engine/EngineMaterials/Substrate/Glints2/dict_0005_0174" 8996
"../../../Engine/Content/EngineMaterials/Substrate/Glints2/dict_0005_0183.uasset" 8997
"../../../Engine/Content/EngineMaterials/Substrate/Glints2/dict_0005_0186.uasset" 8998
"/Engine/EngineMaterials/Substrate/Glints2/dict_0005_0173" 8999
"../../../Engine/Content/EngineMaterials/Substrate/Glints2/dict_0005_0178.uasset" 9000
"/Engine/EngineMaterials/Substrate/Glints2/dict_0005_0172" 9001
"/Engine/EngineMaterials/Substrate/Glints2/dict_0005_0171" 9002
"../../../Engine/Content/EngineMaterials/Substrate/Glints2/dict_0005_0189.uasset" 9003
"../../../Engine/Content/EngineMaterials/Substrate/Glints2/dict_0005_0188.uasset" 9004
"../../../Engine/Content/EngineMaterials/Substrate/Glints2/dict_0005_0184.uasset" 9005
"/Engine/EngineMaterials/Substrate/Glints2/dict_0005_0170" 9006
"/Engine/EngineMaterials/Substrate/Glints2/dict_0005_0169" 9007
"/Engine/EngineMaterials/Substrate/Glints2/dict_0005_0182" 9008
"/Engine/EngineMaterials/Substrate/Glints2/dict_0005_0178" 9009
"/Engine/EngineMaterials/Substrate/Glints2/dict_0005_0186" 9010
"/Engine/EngineMaterials/Substrate/Glints2/dict_0005_0185" 9011
"/Engine/EngineMaterials/Substrate/Glints2/dict_0005_0184" 9012
"/Engine/EngineMaterials/Substrate/Glints2/dict_0005_0183" 9013
"/Engine/EngineMaterials/Substrate/Glints2/dict_0005_0189" 9014
"/Engine/EngineMaterials/Substrate/Glints2/dict_0005_0188" 9015
"/Engine/EngineMaterials/Substrate/Glints2/dict_0005_0187" 9016
"../../../Engine/Content/EngineMaterials/Substrate/Glints2/dict_0005_0194.uasset" 9017
"../../../Engine/Content/EngineMaterials/Substrate/Glints2/dict_0005_0191.uasset" 9018
"../../../Engine/Content/EngineMaterials/Substrate/Glints2/dict_0005_0193.uasset" 9019
"../../../Engine/Content/EngineMaterials/Substrate/Glints2/dict_0005_0192.uasset" 9020
"../../../Engine/Content/EngineMaterials/Substrate/Glints2/dict_0005_0197.uasset" 9021
"../../../Engine/Content/EngineMaterials/Substrate/Glints2/dict_0005_0195.uasset" 9022
"../../../Engine/Content/EngineMaterials/Substrate/Glints2/dict_0005_0200.uasset" 9023
"../../../Engine/Content/EngineMaterials/Substrate/Glints2/dict_0005_0190.uasset" 9024
"../../../Engine/Content/EngineMaterials/Substrate/Glints2/dict_0005_0196.uasset" 9025
"../../../Engine/Content/EngineMaterials/Substrate/Glints2/dict_0005_0202.uasset" 9026
"../../../Engine/Content/EngineMaterials/Substrate/Glints2/dict_0005_0198.uasset" 9027
"../../../Engine/Content/EngineMaterials/Substrate/Glints2/dict_0005_0199.uasset" 9028
"/Engine/EngineMaterials/Substrate/Glints2/dict_0005_0195" 9029
"../../../Engine/Content/EngineMaterials/Substrate/Glints2/dict_0005_0203.uasset" 9030
"/Engine/EngineMaterials/Substrate/Glints2/dict_0005_0200" 9031
"/Engine/EngineMaterials/Substrate/Glints2/dict_0005_0194" 9032
"/Engine/EngineMaterials/Substrate/Glints2/dict_0005_0193" 9033
"/Engine/EngineMaterials/Substrate/Glints2/dict_0005_0192" 9034
"/Engine/EngineMaterials/Substrate/Glints2/dict_0005_0199" 9035
"/Engine/EngineMaterials/Substrate/Glints2/dict_0005_0191" 9036
"/Engine/EngineMaterials/Substrate/Glints2/dict_0005_0198" 9037
"/Engine/EngineMaterials/Substrate/Glints2/dict_0005_0190" 9038
"/Engine/EngineMaterials/Substrate/Glints2/dict_0005_0197" 9039
"/Engine/EngineMaterials/Substrate/Glints2/dict_0005_0196" 9040
"/Engine/EngineMaterials/Substrate/Glints2/dict_0005_0202" 9041
"/Engine/EngineMaterials/Substrate/Glints2/dict_0005_0203" 9042
"../../../Engine/Content/EngineMaterials/Substrate/Glints2/dict_0005_0206.uasset" 9043
"../../../Engine/Content/EngineMaterials/Substrate/Glints2/dict_0005_0205.uasset" 9044
"../../../Engine/Content/EngineMaterials/Substrate/Glints2/dict_0005_0207.uasset" 9045
"../../../Engine/Content/EngineMaterials/Substrate/Glints2/dict_0005_0201.uasset" 9046
"../../../Engine/Content/EngineMaterials/Substrate/Glints2/dict_0005_0209.uasset" 9047
"../../../Engine/Content/EngineMaterials/Substrate/Glints2/dict_0005_0208.uasset" 9048
"../../../Engine/Content/EngineMaterials/Substrate/Glints2/dict_0005_0210.uasset" 9049
"../../../Engine/Content/EngineMaterials/Substrate/Glints2/dict_0005_0204.uasset" 9050
"../../../Engine/Content/EngineMaterials/Substrate/Glints2/dict_0005_0213.uasset" 9051
"../../../Engine/Content/EngineMaterials/Substrate/Glints2/dict_0005_0212.uasset" 9052
"../../../Engine/Content/EngineMaterials/Substrate/Glints2/dict_0005_0214.uasset" 9053
"../../../Engine/Content/EngineMaterials/Substrate/Glints2/dict_0005_0216.uasset" 9054
"../../../Engine/Content/EngineMaterials/Substrate/Glints2/dict_0005_0211.uasset" 9055
"../../../Engine/Content/EngineMaterials/Substrate/Glints2/dict_0005_0215.uasset" 9056
"/Engine/EngineMaterials/Substrate/Glints2/dict_0005_0213" 9057
"/Engine/EngineMaterials/Substrate/Glints2/dict_0005_0212" 9058
"/Engine/EngineMaterials/Substrate/Glints2/dict_0005_0211" 9059
"/Engine/EngineMaterials/Substrate/Glints2/dict_0005_0210" 9060
"/Engine/EngineMaterials/Substrate/Glints2/dict_0005_0209" 9061
"/Engine/EngineMaterials/Substrate/Glints2/dict_0005_0208" 9062
"/Engine/EngineMaterials/Substrate/Glints2/dict_0005_0207" 9063
"/Engine/EngineMaterials/Substrate/Glints2/dict_0005_0206" 9064
"/Engine/EngineMaterials/Substrate/Glints2/dict_0005_0205" 9065
"/Engine/EngineMaterials/Substrate/Glints2/dict_0005_0216" 9066
"/Engine/EngineMaterials/Substrate/Glints2/dict_0005_0204" 9067
"/Engine/EngineMaterials/Substrate/Glints2/dict_0005_0201" 9068
"/Engine/EngineMaterials/Substrate/Glints2/dict_0005_0214" 9069
"../../../Engine/Content/EngineMaterials/Substrate/Glints2/dict_0005_0217.uasset" 9070
"../../../Engine/Content/EngineMaterials/Substrate/Glints2/dict_0005_0222.uasset" 9071
"../../../Engine/Content/EngineMaterials/Substrate/Glints2/dict_0005_0218.uasset" 9072
"../../../Engine/Content/EngineMaterials/Substrate/Glints2/dict_0005_0219.uasset" 9073
"../../../Engine/Content/EngineMaterials/Substrate/Glints2/dict_0005_0224.uasset" 9074
"/Engine/EngineMaterials/Substrate/Glints2/dict_0005_0219" 9075
"/Engine/EngineMaterials/Substrate/Glints2/dict_0005_0218" 9076
"/Engine/EngineMaterials/Substrate/Glints2/dict_0005_0217" 9077
"../../../Engine/Content/EngineMaterials/Substrate/Glints2/dict_0005_0221.uasset" 9078
"/Engine/EngineMaterials/Substrate/Glints2/dict_0005_0222" 9079
"/Engine/EngineMaterials/Substrate/Glints2/dict_0005_0215" 9080
"/Engine/EngineMaterials/Substrate/Glints2/dict_0005_0221" 9081
"/Engine/EngineMaterials/Substrate/Glints2/dict_0005_0224" 9082
"../../../Engine/Content/EngineMaterials/Substrate/Glints2/dict_0005_0220.uasset" 9083
"../../../Engine/Content/EngineMaterials/Substrate/Glints2/dict_0005_0223.uasset" 9084
"/Engine/EngineMaterials/Substrate/Glints2/dict_0005_0220" 9085
"/Engine/EngineMaterials/Substrate/Glints2/dict_0005_0223" 9086
"../../../Engine/Content/EngineMaterials/Substrate/Glints2/dict_0005_0225.uasset" 9087
"../../../Engine/Content/EngineMaterials/Substrate/Glints2/dict_0005_0226.uasset" 9088
"../../../Engine/Content/EngineMaterials/Substrate/Glints2/dict_0005_0227.uasset" 9089
"../../../Engine/Content/EngineMaterials/Substrate/Glints2/dict_0005_0228.uasset" 9090
"../../../Engine/Content/EngineMaterials/Substrate/Glints2/dict_0005_0229.uasset" 9091
"../../../Engine/Content/EngineMaterials/Substrate/Glints2/dict_0005_0232.uasset" 9092
"../../../Engine/Content/EngineMaterials/Substrate/Glints2/dict_0005_0239.uasset" 9093
"../../../Engine/Content/EngineMaterials/Substrate/Glints2/dict_0005_0231.uasset" 9094
"../../../Engine/Content/EngineMaterials/Substrate/Glints2/dict_0005_0235.uasset" 9095
"../../../Engine/Content/EngineMaterials/Substrate/Glints2/dict_0005_0237.uasset" 9096
"../../../Engine/Content/EngineMaterials/Substrate/Glints2/dict_0005_0238.uasset" 9097
"../../../Engine/Content/EngineMaterials/Substrate/Glints2/dict_0005_0233.uasset" 9098
"../../../Engine/Content/EngineMaterials/Substrate/Glints2/dict_0005_0234.uasset" 9099
"../../../Engine/Content/EngineMaterials/Substrate/Glints2/dict_0005_0236.uasset" 9100
"../../../Engine/Content/EngineMaterials/Substrate/Glints2/dict_0005_0241.uasset" 9101
"../../../Engine/Content/EngineMaterials/Substrate/Glints2/dict_0005_0240.uasset" 9102
"../../../Engine/Content/EngineMaterials/Substrate/Glints2/dict_0005_0230.uasset" 9103
"/Engine/EngineMaterials/Substrate/Glints2/dict_0005_0233" 9104
"/Engine/EngineMaterials/Substrate/Glints2/dict_0005_0232" 9105
"/Engine/EngineMaterials/Substrate/Glints2/dict_0005_0231" 9106
"/Engine/EngineMaterials/Substrate/Glints2/dict_0005_0230" 9107
"/Engine/EngineMaterials/Substrate/Glints2/dict_0005_0229" 9108
"/Engine/EngineMaterials/Substrate/Glints2/dict_0005_0228" 9109
"/Engine/EngineMaterials/Substrate/Glints2/dict_0005_0227" 9110
"/Engine/EngineMaterials/Substrate/Glints2/dict_0005_0241" 9111
"/Engine/EngineMaterials/Substrate/Glints2/dict_0005_0240" 9112
"/Engine/EngineMaterials/Substrate/Glints2/dict_0005_0226" 9113
"/Engine/EngineMaterials/Substrate/Glints2/dict_0005_0239" 9114
"/Engine/EngineMaterials/Substrate/Glints2/dict_0005_0225" 9115
"/Engine/EngineMaterials/Substrate/Glints2/dict_0005_0238" 9116
"/Engine/EngineMaterials/Substrate/Glints2/dict_0005_0237" 9117
"/Engine/EngineMaterials/Substrate/Glints2/dict_0005_0234" 9118
"/Engine/EngineMaterials/Substrate/Glints2/dict_0005_0236" 9119
"/Engine/EngineMaterials/Substrate/Glints2/dict_0005_0235" 9120
"../../../Engine/Content/EngineMaterials/Substrate/Glints2/dict_0005_0243.uasset" 9121
"../../../Engine/Content/EngineMaterials/Substrate/Glints2/dict_0005_0253.uasset" 9122
"../../../Engine/Content/EngineMaterials/Substrate/Glints2/dict_0005_0252.uasset" 9123
"../../../Engine/Content/EngineMaterials/Substrate/Glints2/dict_0005_0250.uasset" 9124
"../../../Engine/Content/EngineMaterials/Substrate/Glints2/dict_0005_0248.uasset" 9125
"../../../Engine/Content/EngineMaterials/Substrate/Glints2/dict_0005_0247.uasset" 9126
"../../../Engine/Content/EngineMaterials/Substrate/Glints2/dict_0005_0246.uasset" 9127
"../../../Engine/Content/EngineMaterials/Substrate/Glints2/dict_0005_0245.uasset" 9128
"../../../Engine/Content/EngineMaterials/Substrate/Glints2/dict_0005_0254.uasset" 9129
"../../../Engine/Content/EngineMaterials/Substrate/Glints2/dict_0005_0251.uasset" 9130
"../../../Engine/Content/EngineMaterials/Substrate/Glints2/dict_0005_0249.uasset" 9131
"../../../Engine/Content/EngineMaterials/Substrate/Glints2/dict_0005_0244.uasset" 9132
"/Engine/EngineMaterials/Substrate/Glints2/dict_0005_0247" 9133
"../../../Engine/Content/EngineMaterials/Substrate/Glints2/dict_0005_0255.uasset" 9134
"../../../Engine/Content/EngineMaterials/Substrate/Glints2/dict_0005_0242.uasset" 9135
"/Engine/EngineMaterials/Substrate/Glints2/dict_0005_0246" 9136
"/Engine/EngineMaterials/Substrate/Glints2/dict_0005_0245" 9137
"/Engine/EngineMaterials/Substrate/Glints2/dict_0005_0254" 9138
"/Engine/EngineMaterials/Substrate/Glints2/dict_0005_0244" 9139
"/Engine/EngineMaterials/Substrate/Glints2/dict_0005_0243" 9140
"/Engine/EngineMaterials/Substrate/Glints2/dict_0005_0253" 9141
"/Engine/EngineMaterials/Substrate/Glints2/dict_0005_0252" 9142
"/Engine/EngineMaterials/Substrate/Glints2/dict_0005_0251" 9143
"/Engine/EngineMaterials/Substrate/Glints2/dict_0005_0250" 9144
"/Engine/EngineMaterials/Substrate/Glints2/dict_0005_0249" 9145
"/Engine/EngineMaterials/Substrate/Glints2/dict_0005_0248" 9146
"/Engine/EngineMaterials/Substrate/Glints2/dict_0005_0242" 9147
"/Engine/EngineMaterials/Substrate/Glints2/dict_0005_0255" 9148
"../../../Engine/Content/EngineMaterials/Substrate/Glints2/dict_0006_0003.uasset" 9149
"../../../Engine/Content/EngineMaterials/Substrate/Glints2/dict_0006_0006.uasset" 9150
"../../../Engine/Content/EngineMaterials/Substrate/Glints2/dict_0006_0011.uasset" 9151
"../../../Engine/Content/EngineMaterials/Substrate/Glints2/dict_0006_0005.uasset" 9152
"../../../Engine/Content/EngineMaterials/Substrate/Glints2/dict_0006_0002.uasset" 9153
"../../../Engine/Content/EngineMaterials/Substrate/Glints2/dict_0006_0009.uasset" 9154
"../../../Engine/Content/EngineMaterials/Substrate/Glints2/dict_0006_0008.uasset" 9155
"../../../Engine/Content/EngineMaterials/Substrate/Glints2/dict_0006_0001.uasset" 9156
"../../../Engine/Content/EngineMaterials/Substrate/Glints2/dict_0006_0000.uasset" 9157
"../../../Engine/Content/EngineMaterials/Substrate/Glints2/dict_0006_0007.uasset" 9158
"../../../Engine/Content/EngineMaterials/Substrate/Glints2/dict_0006_0004.uasset" 9159
"../../../Engine/Content/EngineMaterials/Substrate/Glints2/dict_0006_0010.uasset" 9160
"/Engine/EngineMaterials/Substrate/Glints2/dict_0006_0011" 9161
"/Engine/EngineMaterials/Substrate/Glints2/dict_0006_0010" 9162
"/Engine/EngineMaterials/Substrate/Glints2/dict_0006_0009" 9163
"/Engine/EngineMaterials/Substrate/Glints2/dict_0006_0008" 9164
"../../../Engine/Content/EngineMaterials/Substrate/Glints2/dict_0006_0012.uasset" 9165
"/Engine/EngineMaterials/Substrate/Glints2/dict_0006_0007" 9166
"/Engine/EngineMaterials/Substrate/Glints2/dict_0006_0006" 9167
"/Engine/EngineMaterials/Substrate/Glints2/dict_0006_0005" 9168
"../../../Engine/Content/EngineMaterials/Substrate/Glints2/dict_0006_0014.uasset" 9169
"../../../Engine/Content/EngineMaterials/Substrate/Glints2/dict_0006_0016.uasset" 9170
"/Engine/EngineMaterials/Substrate/Glints2/dict_0006_0004" 9171
"../../../Engine/Content/EngineMaterials/Substrate/Glints2/dict_0006_0015.uasset" 9172
"../../../Engine/Content/EngineMaterials/Substrate/Glints2/dict_0006_0020.uasset" 9173
"../../../Engine/Content/EngineMaterials/Substrate/Glints2/dict_0006_0019.uasset" 9174
"../../../Engine/Content/EngineMaterials/Substrate/Glints2/dict_0006_0023.uasset" 9175
"../../../Engine/Content/EngineMaterials/Substrate/Glints2/dict_0006_0024.uasset" 9176
"../../../Engine/Content/EngineMaterials/Substrate/Glints2/dict_0006_0022.uasset" 9177
"../../../Engine/Content/EngineMaterials/Substrate/Glints2/dict_0006_0021.uasset" 9178
"../../../Engine/Content/EngineMaterials/Substrate/Glints2/dict_0006_0025.uasset" 9179
"../../../Engine/Content/EngineMaterials/Substrate/Glints2/dict_0006_0018.uasset" 9180
"/Engine/EngineMaterials/Substrate/Glints2/dict_0006_0000" 9181
"../../../Engine/Content/EngineMaterials/Substrate/Glints2/dict_0006_0017.uasset" 9182
"/Engine/EngineMaterials/Substrate/Glints2/dict_0006_0003" 9183
"../../../Engine/Content/EngineMaterials/Substrate/Glints2/dict_0006_0013.uasset" 9184
"/Engine/EngineMaterials/Substrate/Glints2/dict_0006_0002" 9185
"/Engine/EngineMaterials/Substrate/Glints2/dict_0006_0001" 9186
"/Engine/EngineMaterials/Substrate/Glints2/dict_0006_0017" 9187
"/Engine/EngineMaterials/Substrate/Glints2/dict_0006_0025" 9188
"/Engine/EngineMaterials/Substrate/Glints2/dict_0006_0024" 9189
"/Engine/EngineMaterials/Substrate/Glints2/dict_0006_0016" 9190
"/Engine/EngineMaterials/Substrate/Glints2/dict_0006_0015" 9191
"/Engine/EngineMaterials/Substrate/Glints2/dict_0006_0014" 9192
"/Engine/EngineMaterials/Substrate/Glints2/dict_0006_0013" 9193
"/Engine/EngineMaterials/Substrate/Glints2/dict_0006_0012" 9194
"/Engine/EngineMaterials/Substrate/Glints2/dict_0006_0023" 9195
"/Engine/EngineMaterials/Substrate/Glints2/dict_0006_0022" 9196
"/Engine/EngineMaterials/Substrate/Glints2/dict_0006_0021" 9197
"/Engine/EngineMaterials/Substrate/Glints2/dict_0006_0020" 9198
"/Engine/EngineMaterials/Substrate/Glints2/dict_0006_0019" 9199
"/Engine/EngineMaterials/Substrate/Glints2/dict_0006_0018" 9200
"../../../Engine/Content/EngineMaterials/Substrate/Glints2/dict_0006_0029.uasset" 9201
"../../../Engine/Content/EngineMaterials/Substrate/Glints2/dict_0006_0035.uasset" 9202
"../../../Engine/Content/EngineMaterials/Substrate/Glints2/dict_0006_0027.uasset" 9203
"../../../Engine/Content/EngineMaterials/Substrate/Glints2/dict_0006_0030.uasset" 9204
"../../../Engine/Content/EngineMaterials/Substrate/Glints2/dict_0006_0028.uasset" 9205
"../../../Engine/Content/EngineMaterials/Substrate/Glints2/dict_0006_0033.uasset" 9206
"../../../Engine/Content/EngineMaterials/Substrate/Glints2/dict_0006_0026.uasset" 9207
"../../../Engine/Content/EngineMaterials/Substrate/Glints2/dict_0006_0036.uasset" 9208
"../../../Engine/Content/EngineMaterials/Substrate/Glints2/dict_0006_0032.uasset" 9209
"../../../Engine/Content/EngineMaterials/Substrate/Glints2/dict_0006_0031.uasset" 9210
"../../../Engine/Content/EngineMaterials/Substrate/Glints2/dict_0006_0037.uasset" 9211
"../../../Engine/Content/EngineMaterials/Substrate/Glints2/dict_0006_0034.uasset" 9212
"/Engine/EngineMaterials/Substrate/Glints2/dict_0006_0029" 9213
"/Engine/EngineMaterials/Substrate/Glints2/dict_0006_0028" 9214
"/Engine/EngineMaterials/Substrate/Glints2/dict_0006_0027" 9215
"/Engine/EngineMaterials/Substrate/Glints2/dict_0006_0026" 9216
"/Engine/EngineMaterials/Substrate/Glints2/dict_0006_0031" 9217
"../../../Engine/Content/EngineMaterials/Substrate/Glints2/dict_0006_0038.uasset" 9218
"/Engine/EngineMaterials/Substrate/Glints2/dict_0006_0030" 9219
"/Engine/EngineMaterials/Substrate/Glints2/dict_0006_0037" 9220
"/Engine/EngineMaterials/Substrate/Glints2/dict_0006_0036" 9221
"/Engine/EngineMaterials/Substrate/Glints2/dict_0006_0035" 9222
"/Engine/EngineMaterials/Substrate/Glints2/dict_0006_0034" 9223
"/Engine/EngineMaterials/Substrate/Glints2/dict_0006_0033" 9224
"/Engine/EngineMaterials/Substrate/Glints2/dict_0006_0032" 9225
"../../../Engine/Content/EngineMaterials/Substrate/Glints2/dict_0006_0042.uasset" 9226
"../../../Engine/Content/EngineMaterials/Substrate/Glints2/dict_0006_0043.uasset" 9227
"/Engine/EngineMaterials/Substrate/Glints2/dict_0006_0038" 9228
"../../../Engine/Content/EngineMaterials/Substrate/Glints2/dict_0006_0049.uasset" 9229
"../../../Engine/Content/EngineMaterials/Substrate/Glints2/dict_0006_0040.uasset" 9230
"../../../Engine/Content/EngineMaterials/Substrate/Glints2/dict_0006_0041.uasset" 9231
"/Engine/EngineMaterials/Substrate/Glints2/dict_0006_0043" 9232
"../../../Engine/Content/EngineMaterials/Substrate/Glints2/dict_0006_0045.uasset" 9233
"../../../Engine/Content/EngineMaterials/Substrate/Glints2/dict_0006_0050.uasset" 9234
"/Engine/EngineMaterials/Substrate/Glints2/dict_0006_0042" 9235
"/Engine/EngineMaterials/Substrate/Glints2/dict_0006_0041" 9236
"/Engine/EngineMaterials/Substrate/Glints2/dict_0006_0040" 9237
"/Engine/EngineMaterials/Substrate/Glints2/dict_0006_0049" 9238
"../../../Engine/Content/EngineMaterials/Substrate/Glints2/dict_0006_0046.uasset" 9239
"/Engine/EngineMaterials/Substrate/Glints2/dict_0006_0046" 9240
"../../../Engine/Content/EngineMaterials/Substrate/Glints2/dict_0006_0044.uasset" 9241
"/Engine/EngineMaterials/Substrate/Glints2/dict_0006_0045" 9242
"../../../Engine/Content/EngineMaterials/Substrate/Glints2/dict_0006_0048.uasset" 9243
"../../../Engine/Content/EngineMaterials/Substrate/Glints2/dict_0006_0039.uasset" 9244
"/Engine/EngineMaterials/Substrate/Glints2/dict_0006_0050" 9245
"../../../Engine/Content/EngineMaterials/Substrate/Glints2/dict_0006_0047.uasset" 9246
"/Engine/EngineMaterials/Substrate/Glints2/dict_0006_0039" 9247
"/Engine/EngineMaterials/Substrate/Glints2/dict_0006_0048" 9248
"../../../Engine/Content/EngineMaterials/Substrate/Glints2/dict_0006_0051.uasset" 9249
"/Engine/EngineMaterials/Substrate/Glints2/dict_0006_0044" 9250
"../../../Engine/Content/EngineMaterials/Substrate/Glints2/dict_0006_0053.uasset" 9251
"../../../Engine/Content/EngineMaterials/Substrate/Glints2/dict_0006_0052.uasset" 9252
"/Engine/EngineMaterials/Substrate/Glints2/dict_0006_0053" 9253
"../../../Engine/Content/EngineMaterials/Substrate/Glints2/dict_0006_0057.uasset" 9254
"/Engine/EngineMaterials/Substrate/Glints2/dict_0006_0051" 9255
"/Engine/EngineMaterials/Substrate/Glints2/dict_0006_0047" 9256
"/Engine/EngineMaterials/Substrate/Glints2/dict_0006_0057" 9257
"../../../Engine/Content/EngineMaterials/Substrate/Glints2/dict_0006_0056.uasset" 9258
"/Engine/EngineMaterials/Substrate/Glints2/dict_0006_0052" 9259
"/Engine/EngineMaterials/Substrate/Glints2/dict_0006_0056" 9260
"../../../Engine/Content/EngineMaterials/Substrate/Glints2/dict_0006_0054.uasset" 9261
"/Engine/EngineMaterials/Substrate/Glints2/dict_0006_0054" 9262
"../../../Engine/Content/EngineMaterials/Substrate/Glints2/dict_0006_0055.uasset" 9263
"/Engine/EngineMaterials/Substrate/Glints2/dict_0006_0055" 9264
"../../../Engine/Content/EngineMaterials/Substrate/Glints2/dict_0006_0066.uasset" 9265
"../../../Engine/Content/EngineMaterials/Substrate/Glints2/dict_0006_0062.uasset" 9266
"../../../Engine/Content/EngineMaterials/Substrate/Glints2/dict_0006_0063.uasset" 9267
"../../../Engine/Content/EngineMaterials/Substrate/Glints2/dict_0006_0067.uasset" 9268
"../../../Engine/Content/EngineMaterials/Substrate/Glints2/dict_0006_0059.uasset" 9269
"../../../Engine/Content/EngineMaterials/Substrate/Glints2/dict_0006_0060.uasset" 9270
"../../../Engine/Content/EngineMaterials/Substrate/Glints2/dict_0006_0065.uasset" 9271
"../../../Engine/Content/EngineMaterials/Substrate/Glints2/dict_0006_0058.uasset" 9272
"../../../Engine/Content/EngineMaterials/Substrate/Glints2/dict_0006_0061.uasset" 9273
"/Engine/EngineMaterials/Substrate/Glints2/dict_0006_0067" 9274
"/Engine/EngineMaterials/Substrate/Glints2/dict_0006_0066" 9275
"../../../Engine/Content/EngineMaterials/Substrate/Glints2/dict_0006_0069.uasset" 9276
"../../../Engine/Content/EngineMaterials/Substrate/Glints2/dict_0006_0071.uasset" 9277
"../../../Engine/Content/EngineMaterials/Substrate/Glints2/dict_0006_0068.uasset" 9278
"/Engine/EngineMaterials/Substrate/Glints2/dict_0006_0065" 9279
"../../../Engine/Content/EngineMaterials/Substrate/Glints2/dict_0006_0070.uasset" 9280
"/Engine/EngineMaterials/Substrate/Glints2/dict_0006_0063" 9281
"/Engine/EngineMaterials/Substrate/Glints2/dict_0006_0062" 9282
"../../../Engine/Content/EngineMaterials/Substrate/Glints2/dict_0006_0064.uasset" 9283
"/Engine/EngineMaterials/Substrate/Glints2/dict_0006_0061" 9284
"/Engine/EngineMaterials/Substrate/Glints2/dict_0006_0060" 9285
"/Engine/EngineMaterials/Substrate/Glints2/dict_0006_0059" 9286
"/Engine/EngineMaterials/Substrate/Glints2/dict_0006_0058" 9287
"/Engine/EngineMaterials/Substrate/Glints2/dict_0006_0069" 9288
"/Engine/EngineMaterials/Substrate/Glints2/dict_0006_0068" 9289
"/Engine/EngineMaterials/Substrate/Glints2/dict_0006_0070" 9290
"/Engine/EngineMaterials/Substrate/Glints2/dict_0006_0064" 9291
"/Engine/EngineMaterials/Substrate/Glints2/dict_0006_0071" 9292
"../../../Engine/Content/EngineMaterials/Substrate/Glints2/dict_0006_0072.uasset" 9293
"../../../Engine/Content/EngineMaterials/Substrate/Glints2/dict_0006_0073.uasset" 9294
"../../../Engine/Content/EngineMaterials/Substrate/Glints2/dict_0006_0078.uasset" 9295
"../../../Engine/Content/EngineMaterials/Substrate/Glints2/dict_0006_0075.uasset" 9296
"../../../Engine/Content/EngineMaterials/Substrate/Glints2/dict_0006_0074.uasset" 9297
"../../../Engine/Content/EngineMaterials/Substrate/Glints2/dict_0006_0079.uasset" 9298
"../../../Engine/Content/EngineMaterials/Substrate/Glints2/dict_0006_0077.uasset" 9299
"../../../Engine/Content/EngineMaterials/Substrate/Glints2/dict_0006_0081.uasset" 9300
"../../../Engine/Content/EngineMaterials/Substrate/Glints2/dict_0006_0083.uasset" 9301
"../../../Engine/Content/EngineMaterials/Substrate/Glints2/dict_0006_0080.uasset" 9302
"/Engine/EngineMaterials/Substrate/Glints2/dict_0006_0083" 9303
"/Engine/EngineMaterials/Substrate/Glints2/dict_0006_0081" 9304
"/Engine/EngineMaterials/Substrate/Glints2/dict_0006_0075" 9305
"/Engine/EngineMaterials/Substrate/Glints2/dict_0006_0074" 9306
"/Engine/EngineMaterials/Substrate/Glints2/dict_0006_0073" 9307
"/Engine/EngineMaterials/Substrate/Glints2/dict_0006_0072" 9308
"/Engine/EngineMaterials/Substrate/Glints2/dict_0006_0080" 9309
"/Engine/EngineMaterials/Substrate/Glints2/dict_0006_0079" 9310
"/Engine/EngineMaterials/Substrate/Glints2/dict_0006_0077" 9311
"../../../Engine/Content/EngineMaterials/Substrate/Glints2/dict_0006_0085.uasset" 9312
"/Engine/EngineMaterials/Substrate/Glints2/dict_0006_0078" 9313
"/Engine/EngineMaterials/Substrate/Glints2/dict_0006_0085" 9314
"../../../Engine/Content/EngineMaterials/Substrate/Glints2/dict_0006_0084.uasset" 9315
"../../../Engine/Content/EngineMaterials/Substrate/Glints2/dict_0006_0088.uasset" 9316
"../../../Engine/Content/EngineMaterials/Substrate/Glints2/dict_0006_0087.uasset" 9317
"../../../Engine/Content/EngineMaterials/Substrate/Glints2/dict_0006_0086.uasset" 9318
"../../../Engine/Content/EngineMaterials/Substrate/Glints2/dict_0006_0090.uasset" 9319
"../../../Engine/Content/EngineMaterials/Substrate/Glints2/dict_0006_0082.uasset" 9320
"../../../Engine/Content/EngineMaterials/Substrate/Glints2/dict_0006_0089.uasset" 9321
"../../../Engine/Content/EngineMaterials/Substrate/Glints2/dict_0006_0076.uasset" 9322
"../../../Engine/Content/EngineMaterials/Substrate/Glints2/dict_0006_0091.uasset" 9323
"../../../Engine/Content/EngineMaterials/Substrate/Glints2/dict_0006_0093.uasset" 9324
"../../../Engine/Content/EngineMaterials/Substrate/Glints2/dict_0006_0092.uasset" 9325
"/Engine/EngineMaterials/Substrate/Glints2/dict_0006_0086" 9326
"../../../Engine/Content/EngineMaterials/Substrate/Glints2/dict_0006_0094.uasset" 9327
"/Engine/EngineMaterials/Substrate/Glints2/dict_0006_0087" 9328
"/Engine/EngineMaterials/Substrate/Glints2/dict_0006_0089" 9329
"/Engine/EngineMaterials/Substrate/Glints2/dict_0006_0088" 9330
"/Engine/EngineMaterials/Substrate/Glints2/dict_0006_0084" 9331
"/Engine/EngineMaterials/Substrate/Glints2/dict_0006_0082" 9332
"/Engine/EngineMaterials/Substrate/Glints2/dict_0006_0093" 9333
"/Engine/EngineMaterials/Substrate/Glints2/dict_0006_0092" 9334
"/Engine/EngineMaterials/Substrate/Glints2/dict_0006_0076" 9335
"/Engine/EngineMaterials/Substrate/Glints2/dict_0006_0091" 9336
"/Engine/EngineMaterials/Substrate/Glints2/dict_0006_0090" 9337
"/Engine/EngineMaterials/Substrate/Glints2/dict_0006_0094" 9338
"../../../Engine/Content/EngineMaterials/Substrate/Glints2/dict_0006_0099.uasset" 9339
"../../../Engine/Content/EngineMaterials/Substrate/Glints2/dict_0006_0101.uasset" 9340
"../../../Engine/Content/EngineMaterials/Substrate/Glints2/dict_0006_0097.uasset" 9341
"../../../Engine/Content/EngineMaterials/Substrate/Glints2/dict_0006_0096.uasset" 9342
"../../../Engine/Content/EngineMaterials/Substrate/Glints2/dict_0006_0100.uasset" 9343
"../../../Engine/Content/EngineMaterials/Substrate/Glints2/dict_0006_0095.uasset" 9344
"../../../Engine/Content/EngineMaterials/Substrate/Glints2/dict_0006_0098.uasset" 9345
"../../../Engine/Content/EngineMaterials/Substrate/Glints2/dict_0006_0102.uasset" 9346
"../../../Engine/Content/EngineMaterials/Substrate/Glints2/dict_0006_0103.uasset" 9347
"../../../Engine/Content/EngineMaterials/Substrate/Glints2/dict_0006_0106.uasset" 9348
"../../../Engine/Content/EngineMaterials/Substrate/Glints2/dict_0006_0105.uasset" 9349
"../../../Engine/Content/EngineMaterials/Substrate/Glints2/dict_0006_0107.uasset" 9350
"../../../Engine/Content/EngineMaterials/Substrate/Glints2/dict_0006_0104.uasset" 9351
"/Engine/EngineMaterials/Substrate/Glints2/dict_0006_0103" 9352
"../../../Engine/Content/EngineMaterials/Substrate/Glints2/dict_0006_0108.uasset" 9353
"/Engine/EngineMaterials/Substrate/Glints2/dict_0006_0102" 9354
"/Engine/EngineMaterials/Substrate/Glints2/dict_0006_0098" 9355
"/Engine/EngineMaterials/Substrate/Glints2/dict_0006_0097" 9356
"/Engine/EngineMaterials/Substrate/Glints2/dict_0006_0096" 9357
"../../../Engine/Content/EngineMaterials/Substrate/Glints2/dict_0006_0115.uasset" 9358
"../../../Engine/Content/EngineMaterials/Substrate/Glints2/dict_0006_0113.uasset" 9359
"/Engine/EngineMaterials/Substrate/Glints2/dict_0006_0107" 9360
"../../../Engine/Content/EngineMaterials/Substrate/Glints2/dict_0006_0116.uasset" 9361
"/Engine/EngineMaterials/Substrate/Glints2/dict_0006_0101" 9362
"/Engine/EngineMaterials/Substrate/Glints2/dict_0006_0100" 9363
"/Engine/EngineMaterials/Substrate/Glints2/dict_0006_0099" 9364
"/Engine/EngineMaterials/Substrate/Glints2/dict_0006_0106" 9365
"../../../Engine/Content/EngineMaterials/Substrate/Glints2/dict_0006_0111.uasset" 9366
"/Engine/EngineMaterials/Substrate/Glints2/dict_0006_0105" 9367
"../../../Engine/Content/EngineMaterials/Substrate/Glints2/dict_0006_0112.uasset" 9368
"/Engine/EngineMaterials/Substrate/Glints2/dict_0006_0095" 9369
"/Engine/EngineMaterials/Substrate/Glints2/dict_0006_0104" 9370
"../../../Engine/Content/EngineMaterials/Substrate/Glints2/dict_0006_0109.uasset" 9371
"../../../Engine/Content/EngineMaterials/Substrate/Glints2/dict_0006_0119.uasset" 9372
"../../../Engine/Content/EngineMaterials/Substrate/Glints2/dict_0006_0118.uasset" 9373
"../../../Engine/Content/EngineMaterials/Substrate/Glints2/dict_0006_0114.uasset" 9374
"../../../Engine/Content/EngineMaterials/Substrate/Glints2/dict_0006_0117.uasset" 9375
"/Engine/EngineMaterials/Substrate/Glints2/dict_0006_0114" 9376
"../../../Engine/Content/EngineMaterials/Substrate/Glints2/dict_0006_0110.uasset" 9377
"/Engine/EngineMaterials/Substrate/Glints2/dict_0006_0113" 9378
"/Engine/EngineMaterials/Substrate/Glints2/dict_0006_0112" 9379
"/Engine/EngineMaterials/Substrate/Glints2/dict_0006_0111" 9380
"/Engine/EngineMaterials/Substrate/Glints2/dict_0006_0109" 9381
"/Engine/EngineMaterials/Substrate/Glints2/dict_0006_0108" 9382
"/Engine/EngineMaterials/Substrate/Glints2/dict_0006_0119" 9383
"/Engine/EngineMaterials/Substrate/Glints2/dict_0006_0118" 9384
"/Engine/EngineMaterials/Substrate/Glints2/dict_0006_0116" 9385
"/Engine/EngineMaterials/Substrate/Glints2/dict_0006_0115" 9386
"/Engine/EngineMaterials/Substrate/Glints2/dict_0006_0110" 9387
"/Engine/EngineMaterials/Substrate/Glints2/dict_0006_0117" 9388
"../../../Engine/Content/EngineMaterials/Substrate/Glints2/dict_0006_0120.uasset" 9389
"../../../Engine/Content/EngineMaterials/Substrate/Glints2/dict_0006_0125.uasset" 9390
"../../../Engine/Content/EngineMaterials/Substrate/Glints2/dict_0006_0124.uasset" 9391
"../../../Engine/Content/EngineMaterials/Substrate/Glints2/dict_0006_0122.uasset" 9392
"../../../Engine/Content/EngineMaterials/Substrate/Glints2/dict_0006_0123.uasset" 9393
"../../../Engine/Content/EngineMaterials/Substrate/Glints2/dict_0006_0121.uasset" 9394
"../../../Engine/Content/EngineMaterials/Substrate/Glints2/dict_0006_0128.uasset" 9395
"../../../Engine/Content/EngineMaterials/Substrate/Glints2/dict_0006_0126.uasset" 9396
"../../../Engine/Content/EngineMaterials/Substrate/Glints2/dict_0006_0127.uasset" 9397
"/Engine/EngineMaterials/Substrate/Glints2/dict_0006_0125" 9398
"/Engine/EngineMaterials/Substrate/Glints2/dict_0006_0124" 9399
"/Engine/EngineMaterials/Substrate/Glints2/dict_0006_0123" 9400
"/Engine/EngineMaterials/Substrate/Glints2/dict_0006_0122" 9401
"/Engine/EngineMaterials/Substrate/Glints2/dict_0006_0121" 9402
"/Engine/EngineMaterials/Substrate/Glints2/dict_0006_0120" 9403
"/Engine/EngineMaterials/Substrate/Glints2/dict_0006_0128" 9404
"/Engine/EngineMaterials/Substrate/Glints2/dict_0006_0126" 9405
"../../../Engine/Content/EngineMaterials/Substrate/Glints2/dict_0006_0129.uasset" 9406
"../../../Engine/Content/EngineMaterials/Substrate/Glints2/dict_0006_0130.uasset" 9407
"../../../Engine/Content/EngineMaterials/Substrate/Glints2/dict_0006_0131.uasset" 9408
"../../../Engine/Content/EngineMaterials/Substrate/Glints2/dict_0006_0132.uasset" 9409
"../../../Engine/Content/EngineMaterials/Substrate/Glints2/dict_0006_0133.uasset" 9410
"../../../Engine/Content/EngineMaterials/Substrate/Glints2/dict_0006_0135.uasset" 9411
"../../../Engine/Content/EngineMaterials/Substrate/Glints2/dict_0006_0138.uasset" 9412
"../../../Engine/Content/EngineMaterials/Substrate/Glints2/dict_0006_0136.uasset" 9413
"../../../Engine/Content/EngineMaterials/Substrate/Glints2/dict_0006_0134.uasset" 9414
"../../../Engine/Content/EngineMaterials/Substrate/Glints2/dict_0006_0137.uasset" 9415
"/Engine/EngineMaterials/Substrate/Glints2/dict_0006_0138" 9416
"/Engine/EngineMaterials/Substrate/Glints2/dict_0006_0137" 9417
"/Engine/EngineMaterials/Substrate/Glints2/dict_0006_0136" 9418
"/Engine/EngineMaterials/Substrate/Glints2/dict_0006_0135" 9419
"/Engine/EngineMaterials/Substrate/Glints2/dict_0006_0134" 9420
"/Engine/EngineMaterials/Substrate/Glints2/dict_0006_0133" 9421
"/Engine/EngineMaterials/Substrate/Glints2/dict_0006_0132" 9422
"/Engine/EngineMaterials/Substrate/Glints2/dict_0006_0131" 9423
"../../../Engine/Content/EngineMaterials/Substrate/Glints2/dict_0006_0143.uasset" 9424
"/Engine/EngineMaterials/Substrate/Glints2/dict_0006_0130" 9425
"../../../Engine/Content/EngineMaterials/Substrate/Glints2/dict_0006_0144.uasset" 9426
"../../../Engine/Content/EngineMaterials/Substrate/Glints2/dict_0006_0145.uasset" 9427
"../../../Engine/Content/EngineMaterials/Substrate/Glints2/dict_0006_0142.uasset" 9428
"../../../Engine/Content/EngineMaterials/Substrate/Glints2/dict_0006_0141.uasset" 9429
"/Engine/EngineMaterials/Substrate/Glints2/dict_0006_0129" 9430
"/Engine/EngineMaterials/Substrate/Glints2/dict_0006_0127" 9431
"/Engine/EngineMaterials/Substrate/Glints2/dict_0006_0145" 9432
"/Engine/EngineMaterials/Substrate/Glints2/dict_0006_0144" 9433
"/Engine/EngineMaterials/Substrate/Glints2/dict_0006_0143" 9434
"/Engine/EngineMaterials/Substrate/Glints2/dict_0006_0142" 9435
"/Engine/EngineMaterials/Substrate/Glints2/dict_0006_0141" 9436
"../../../Engine/Content/EngineMaterials/Substrate/Glints2/dict_0006_0140.uasset" 9437
"../../../Engine/Content/EngineMaterials/Substrate/Glints2/dict_0006_0147.uasset" 9438
"../../../Engine/Content/EngineMaterials/Substrate/Glints2/dict_0006_0146.uasset" 9439
"../../../Engine/Content/EngineMaterials/Substrate/Glints2/dict_0006_0154.uasset" 9440
"../../../Engine/Content/EngineMaterials/Substrate/Glints2/dict_0006_0150.uasset" 9441
"../../../Engine/Content/EngineMaterials/Substrate/Glints2/dict_0006_0148.uasset" 9442
"../../../Engine/Content/EngineMaterials/Substrate/Glints2/dict_0006_0151.uasset" 9443
"../../../Engine/Content/EngineMaterials/Substrate/Glints2/dict_0006_0153.uasset" 9444
"../../../Engine/Content/EngineMaterials/Substrate/Glints2/dict_0006_0155.uasset" 9445
"../../../Engine/Content/EngineMaterials/Substrate/Glints2/dict_0006_0152.uasset" 9446
"/Engine/EngineMaterials/Substrate/Glints2/dict_0006_0155" 9447
"../../../Engine/Content/EngineMaterials/Substrate/Glints2/dict_0006_0139.uasset" 9448
"../../../Engine/Content/EngineMaterials/Substrate/Glints2/dict_0006_0149.uasset" 9449
"/Engine/EngineMaterials/Substrate/Glints2/dict_0006_0148" 9450
"/Engine/EngineMaterials/Substrate/Glints2/dict_0006_0147" 9451
"/Engine/EngineMaterials/Substrate/Glints2/dict_0006_0146" 9452
"/Engine/EngineMaterials/Substrate/Glints2/dict_0006_0151" 9453
"/Engine/EngineMaterials/Substrate/Glints2/dict_0006_0154" 9454
"/Engine/EngineMaterials/Substrate/Glints2/dict_0006_0153" 9455
"/Engine/EngineMaterials/Substrate/Glints2/dict_0006_0152" 9456
"/Engine/EngineMaterials/Substrate/Glints2/dict_0006_0150" 9457
"/Engine/EngineMaterials/Substrate/Glints2/dict_0006_0140" 9458
"/Engine/EngineMaterials/Substrate/Glints2/dict_0006_0139" 9459
"/Engine/EngineMaterials/Substrate/Glints2/dict_0006_0149" 9460
"../../../Engine/Content/EngineMaterials/Substrate/Glints2/dict_0006_0157.uasset" 9461
"../../../Engine/Content/EngineMaterials/Substrate/Glints2/dict_0006_0158.uasset" 9462
"../../../Engine/Content/EngineMaterials/Substrate/Glints2/dict_0006_0161.uasset" 9463
"../../../Engine/Content/EngineMaterials/Substrate/Glints2/dict_0006_0164.uasset" 9464
"../../../Engine/Content/EngineMaterials/Substrate/Glints2/dict_0006_0160.uasset" 9465
"../../../Engine/Content/EngineMaterials/Substrate/Glints2/dict_0006_0163.uasset" 9466
"../../../Engine/Content/EngineMaterials/Substrate/Glints2/dict_0006_0159.uasset" 9467
"../../../Engine/Content/EngineMaterials/Substrate/Glints2/dict_0006_0165.uasset" 9468
"../../../Engine/Content/EngineMaterials/Substrate/Glints2/dict_0006_0166.uasset" 9469
"../../../Engine/Content/EngineMaterials/Substrate/Glints2/dict_0006_0162.uasset" 9470
"/Engine/EngineMaterials/Substrate/Glints2/dict_0006_0159" 9471
"../../../Engine/Content/EngineMaterials/Substrate/Glints2/dict_0006_0171.uasset" 9472
"../../../Engine/Content/EngineMaterials/Substrate/Glints2/dict_0006_0170.uasset" 9473
"../../../Engine/Content/EngineMaterials/Substrate/Glints2/dict_0006_0169.uasset" 9474
"../../../Engine/Content/EngineMaterials/Substrate/Glints2/dict_0006_0167.uasset" 9475
"/Engine/EngineMaterials/Substrate/Glints2/dict_0006_0158" 9476
"/Engine/EngineMaterials/Substrate/Glints2/dict_0006_0157" 9477
"../../../Engine/Content/EngineMaterials/Substrate/Glints2/dict_0006_0168.uasset" 9478
"/Engine/EngineMaterials/Substrate/Glints2/dict_0006_0166" 9479
"/Engine/EngineMaterials/Substrate/Glints2/dict_0006_0165" 9480
"/Engine/EngineMaterials/Substrate/Glints2/dict_0006_0164" 9481
"/Engine/EngineMaterials/Substrate/Glints2/dict_0006_0163" 9482
"/Engine/EngineMaterials/Substrate/Glints2/dict_0006_0162" 9483
"/Engine/EngineMaterials/Substrate/Glints2/dict_0006_0161" 9484
"/Engine/EngineMaterials/Substrate/Glints2/dict_0006_0160" 9485
"/Engine/EngineMaterials/Substrate/Glints2/dict_0006_0170" 9486
"../../../Engine/Content/EngineMaterials/Substrate/Glints2/dict_0006_0177.uasset" 9487
"../../../Engine/Content/EngineMaterials/Substrate/Glints2/dict_0006_0178.uasset" 9488
"../../../Engine/Content/EngineMaterials/Substrate/Glints2/dict_0006_0173.uasset" 9489
"../../../Engine/Content/EngineMaterials/Substrate/Glints2/dict_0006_0179.uasset" 9490
"/Engine/EngineMaterials/Substrate/Glints2/dict_0006_0169" 9491
"../../../Engine/Content/EngineMaterials/Substrate/Glints2/dict_0006_0176.uasset" 9492
"/Engine/EngineMaterials/Substrate/Glints2/dict_0006_0168" 9493
"/Engine/EngineMaterials/Substrate/Glints2/dict_0006_0167" 9494
"../../../Engine/Content/EngineMaterials/Substrate/Glints2/dict_0006_0174.uasset" 9495
"/Engine/EngineMaterials/Substrate/Glints2/dict_0006_0171" 9496
"../../../Engine/Content/EngineMaterials/Substrate/Glints2/dict_0006_0175.uasset" 9497
"/Engine/EngineMaterials/Substrate/Glints2/dict_0006_0174" 9498
"/Engine/EngineMaterials/Substrate/Glints2/dict_0006_0179" 9499
"/Engine/EngineMaterials/Substrate/Glints2/dict_0006_0178" 9500
"/Engine/EngineMaterials/Substrate/Glints2/dict_0006_0173" 9501
"/Engine/EngineMaterials/Substrate/Glints2/dict_0006_0177" 9502
"/Engine/EngineMaterials/Substrate/Glints2/dict_0006_0176" 9503
"/Engine/EngineMaterials/Substrate/Glints2/dict_0006_0175" 9504
"../../../Engine/Content/EngineMaterials/Substrate/Glints2/dict_0006_0172.uasset" 9505
"../../../Engine/Content/EngineMaterials/Substrate/Glints2/dict_0006_0182.uasset" 9506
"../../../Engine/Content/EngineMaterials/Substrate/Glints2/dict_0006_0181.uasset" 9507
"../../../Engine/Content/EngineMaterials/Substrate/Glints2/dict_0006_0156.uasset" 9508
"../../../Engine/Content/EngineMaterials/Substrate/Glints2/dict_0006_0180.uasset" 9509
"../../../Engine/Content/EngineMaterials/Substrate/Glints2/dict_0006_0189.uasset" 9510
"../../../Engine/Content/EngineMaterials/Substrate/Glints2/dict_0006_0188.uasset" 9511
"../../../Engine/Content/EngineMaterials/Substrate/Glints2/dict_0006_0190.uasset" 9512
"../../../Engine/Content/EngineMaterials/Substrate/Glints2/dict_0006_0187.uasset" 9513
"../../../Engine/Content/EngineMaterials/Substrate/Glints2/dict_0006_0186.uasset" 9514
"../../../Engine/Content/EngineMaterials/Substrate/Glints2/dict_0006_0184.uasset" 9515
"/Engine/EngineMaterials/Substrate/Glints2/dict_0006_0187" 9516
"../../../Engine/Content/EngineMaterials/Substrate/Glints2/dict_0006_0185.uasset" 9517
"/Engine/EngineMaterials/Substrate/Glints2/dict_0006_0156" 9518
"/Engine/EngineMaterials/Substrate/Glints2/dict_0006_0186" 9519
"/Engine/EngineMaterials/Substrate/Glints2/dict_0006_0184" 9520
"/Engine/EngineMaterials/Substrate/Glints2/dict_0006_0182" 9521
"../../../Engine/Content/EngineMaterials/Substrate/Glints2/dict_0006_0191.uasset" 9522
"../../../Engine/Content/EngineMaterials/Substrate/Glints2/dict_0006_0192.uasset" 9523
"../../../Engine/Content/EngineMaterials/Substrate/Glints2/dict_0006_0196.uasset" 9524
"/Engine/EngineMaterials/Substrate/Glints2/dict_0006_0181" 9525
"../../../Engine/Content/EngineMaterials/Substrate/Glints2/dict_0006_0193.uasset" 9526
"/Engine/EngineMaterials/Substrate/Glints2/dict_0006_0190" 9527
"../../../Engine/Content/EngineMaterials/Substrate/Glints2/dict_0006_0194.uasset" 9528
"/Engine/EngineMaterials/Substrate/Glints2/dict_0006_0180" 9529
"/Engine/EngineMaterials/Substrate/Glints2/dict_0006_0189" 9530
"/Engine/EngineMaterials/Substrate/Glints2/dict_0006_0172" 9531
"/Engine/EngineMaterials/Substrate/Glints2/dict_0006_0188" 9532
"/Engine/EngineMaterials/Substrate/Glints2/dict_0006_0196" 9533
"/Engine/EngineMaterials/Substrate/Glints2/dict_0006_0185" 9534
"/Engine/EngineMaterials/Substrate/Glints2/dict_0006_0194" 9535
"/Engine/EngineMaterials/Substrate/Glints2/dict_0006_0193" 9536
"/Engine/EngineMaterials/Substrate/Glints2/dict_0006_0192" 9537
"/Engine/EngineMaterials/Substrate/Glints2/dict_0006_0191" 9538
"../../../Engine/Content/EngineMaterials/Substrate/Glints2/dict_0006_0201.uasset" 9539
"../../../Engine/Content/EngineMaterials/Substrate/Glints2/dict_0006_0197.uasset" 9540
"../../../Engine/Content/EngineMaterials/Substrate/Glints2/dict_0006_0200.uasset" 9541
"../../../Engine/Content/EngineMaterials/Substrate/Glints2/dict_0006_0199.uasset" 9542
"/Engine/EngineMaterials/Substrate/Glints2/dict_0006_0197" 9543
"/Engine/EngineMaterials/Substrate/Glints2/dict_0006_0201" 9544
"/Engine/EngineMaterials/Substrate/Glints2/dict_0006_0200" 9545
"/Engine/EngineMaterials/Substrate/Glints2/dict_0006_0199" 9546
"../../../Engine/Content/EngineMaterials/Substrate/Glints2/dict_0006_0183.uasset" 9547
"../../../Engine/Content/EngineMaterials/Substrate/Glints2/dict_0006_0198.uasset" 9548
"../../../Engine/Content/EngineMaterials/Substrate/Glints2/dict_0006_0195.uasset" 9549
"../../../Engine/Content/EngineMaterials/Substrate/Glints2/dict_0006_0203.uasset" 9550
"../../../Engine/Content/EngineMaterials/Substrate/Glints2/dict_0006_0204.uasset" 9551
"../../../Engine/Content/EngineMaterials/Substrate/Glints2/dict_0006_0208.uasset" 9552
"../../../Engine/Content/EngineMaterials/Substrate/Glints2/dict_0006_0210.uasset" 9553
"../../../Engine/Content/EngineMaterials/Substrate/Glints2/dict_0006_0212.uasset" 9554
"../../../Engine/Content/EngineMaterials/Substrate/Glints2/dict_0006_0209.uasset" 9555
"../../../Engine/Content/EngineMaterials/Substrate/Glints2/dict_0006_0207.uasset" 9556
"../../../Engine/Content/EngineMaterials/Substrate/Glints2/dict_0006_0205.uasset" 9557
"../../../Engine/Content/EngineMaterials/Substrate/Glints2/dict_0006_0206.uasset" 9558
"../../../Engine/Content/EngineMaterials/Substrate/Glints2/dict_0006_0211.uasset" 9559
"/Engine/EngineMaterials/Substrate/Glints2/dict_0006_0195" 9560
"/Engine/EngineMaterials/Substrate/Glints2/dict_0006_0183" 9561
"../../../Engine/Content/EngineMaterials/Substrate/Glints2/dict_0006_0216.uasset" 9562
"/Engine/EngineMaterials/Substrate/Glints2/dict_0006_0209" 9563
"../../../Engine/Content/EngineMaterials/Substrate/Glints2/dict_0006_0214.uasset" 9564
"/Engine/EngineMaterials/Substrate/Glints2/dict_0006_0208" 9565
"../../../Engine/Content/EngineMaterials/Substrate/Glints2/dict_0006_0202.uasset" 9566
"/Engine/EngineMaterials/Substrate/Glints2/dict_0006_0212" 9567
"/Engine/EngineMaterials/Substrate/Glints2/dict_0006_0204" 9568
"/Engine/EngineMaterials/Substrate/Glints2/dict_0006_0198" 9569
"/Engine/EngineMaterials/Substrate/Glints2/dict_0006_0210" 9570
"/Engine/EngineMaterials/Substrate/Glints2/dict_0006_0203" 9571
"/Engine/EngineMaterials/Substrate/Glints2/dict_0006_0202" 9572
"../../../Engine/Content/EngineMaterials/Substrate/Glints2/dict_0006_0218.uasset" 9573
"../../../Engine/Content/EngineMaterials/Substrate/Glints2/dict_0006_0217.uasset" 9574
"/Engine/EngineMaterials/Substrate/Glints2/dict_0006_0216" 9575
"/Engine/EngineMaterials/Substrate/Glints2/dict_0006_0214" 9576
"/Engine/EngineMaterials/Substrate/Glints2/dict_0006_0207" 9577
"/Engine/EngineMaterials/Substrate/Glints2/dict_0006_0206" 9578
"/Engine/EngineMaterials/Substrate/Glints2/dict_0006_0205" 9579
"/Engine/EngineMaterials/Substrate/Glints2/dict_0006_0211" 9580
"/Engine/EngineMaterials/Substrate/Glints2/dict_0006_0218" 9581
"/Engine/EngineMaterials/Substrate/Glints2/dict_0006_0217" 9582
"../../../Engine/Content/EngineMaterials/Substrate/Glints2/dict_0006_0225.uasset" 9583
"../../../Engine/Content/EngineMaterials/Substrate/Glints2/dict_0006_0219.uasset" 9584
"../../../Engine/Content/EngineMaterials/Substrate/Glints2/dict_0006_0220.uasset" 9585
"../../../Engine/Content/EngineMaterials/Substrate/Glints2/dict_0006_0213.uasset" 9586
"../../../Engine/Content/EngineMaterials/Substrate/Glints2/dict_0006_0223.uasset" 9587
"../../../Engine/Content/EngineMaterials/Substrate/Glints2/dict_0006_0222.uasset" 9588
"../../../Engine/Content/EngineMaterials/Substrate/Glints2/dict_0006_0224.uasset" 9589
"../../../Engine/Content/EngineMaterials/Substrate/Glints2/dict_0006_0215.uasset" 9590
"../../../Engine/Content/EngineMaterials/Substrate/Glints2/dict_0006_0221.uasset" 9591
"../../../Engine/Content/EngineMaterials/Substrate/Glints2/dict_0006_0226.uasset" 9592
"../../../Engine/Content/EngineMaterials/Substrate/Glints2/dict_0006_0229.uasset" 9593
"/Engine/EngineMaterials/Substrate/Glints2/dict_0006_0220" 9594
"../../../Engine/Content/EngineMaterials/Substrate/Glints2/dict_0006_0230.uasset" 9595
"../../../Engine/Content/EngineMaterials/Substrate/Glints2/dict_0006_0228.uasset" 9596
"/Engine/EngineMaterials/Substrate/Glints2/dict_0006_0226" 9597
"/Engine/EngineMaterials/Substrate/Glints2/dict_0006_0219" 9598
"/Engine/EngineMaterials/Substrate/Glints2/dict_0006_0225" 9599
"/Engine/EngineMaterials/Substrate/Glints2/dict_0006_0215" 9600
"/Engine/EngineMaterials/Substrate/Glints2/dict_0006_0224" 9601
"../../../Engine/Content/EngineMaterials/Substrate/Glints2/dict_0006_0236.uasset" 9602
"../../../Engine/Content/EngineMaterials/Substrate/Glints2/dict_0006_0235.uasset" 9603
"/Engine/EngineMaterials/Substrate/Glints2/dict_0006_0223" 9604
"../../../Engine/Content/EngineMaterials/Substrate/Glints2/dict_0006_0227.uasset" 9605
"/Engine/EngineMaterials/Substrate/Glints2/dict_0006_0222" 9606
"../../../Engine/Content/EngineMaterials/Substrate/Glints2/dict_0006_0231.uasset" 9607
"../../../Engine/Content/EngineMaterials/Substrate/Glints2/dict_0006_0237.uasset" 9608
"../../../Engine/Content/EngineMaterials/Substrate/Glints2/dict_0006_0233.uasset" 9609
"/Engine/EngineMaterials/Substrate/Glints2/dict_0006_0221" 9610
"../../../Engine/Content/EngineMaterials/Substrate/Glints2/dict_0006_0234.uasset" 9611
"/Engine/EngineMaterials/Substrate/Glints2/dict_0006_0213" 9612
"/Engine/EngineMaterials/Substrate/Glints2/dict_0006_0229" 9613
"/Engine/EngineMaterials/Substrate/Glints2/dict_0006_0228" 9614
"/Engine/EngineMaterials/Substrate/Glints2/dict_0006_0227" 9615
"/Engine/EngineMaterials/Substrate/Glints2/dict_0006_0230" 9616
"/Engine/EngineMaterials/Substrate/Glints2/dict_0006_0237" 9617
"/Engine/EngineMaterials/Substrate/Glints2/dict_0006_0236" 9618
"/Engine/EngineMaterials/Substrate/Glints2/dict_0006_0235" 9619
"/Engine/EngineMaterials/Substrate/Glints2/dict_0006_0234" 9620
"../../../Engine/Content/EngineMaterials/Substrate/Glints2/dict_0006_0238.uasset" 9621
"/Engine/EngineMaterials/Substrate/Glints2/dict_0006_0233" 9622
"/Engine/EngineMaterials/Substrate/Glints2/dict_0006_0231" 9623
"/Engine/EngineMaterials/Substrate/Glints2/dict_0006_0238" 9624
"../../../Engine/Content/EngineMaterials/Substrate/Glints2/dict_0006_0232.uasset" 9625
"../../../Engine/Content/EngineMaterials/Substrate/Glints2/dict_0006_0241.uasset" 9626
"../../../Engine/Content/EngineMaterials/Substrate/Glints2/dict_0006_0240.uasset" 9627
"../../../Engine/Content/EngineMaterials/Substrate/Glints2/dict_0006_0245.uasset" 9628
"../../../Engine/Content/EngineMaterials/Substrate/Glints2/dict_0006_0244.uasset" 9629
"../../../Engine/Content/EngineMaterials/Substrate/Glints2/dict_0006_0239.uasset" 9630
"../../../Engine/Content/EngineMaterials/Substrate/Glints2/dict_0006_0243.uasset" 9631
"../../../Engine/Content/EngineMaterials/Substrate/Glints2/dict_0006_0246.uasset" 9632
"../../../Engine/Content/EngineMaterials/Substrate/Glints2/dict_0006_0242.uasset" 9633
"/Engine/EngineMaterials/Substrate/Glints2/dict_0006_0246" 9634
"/Engine/EngineMaterials/Substrate/Glints2/dict_0006_0239" 9635
"/Engine/EngineMaterials/Substrate/Glints2/dict_0006_0245" 9636
"/Engine/EngineMaterials/Substrate/Glints2/dict_0006_0244" 9637
"/Engine/EngineMaterials/Substrate/Glints2/dict_0006_0242" 9638
"../../../Engine/Content/EngineMaterials/Substrate/Glints2/dict_0006_0248.uasset" 9639
"/Engine/EngineMaterials/Substrate/Glints2/dict_0006_0241" 9640
"/Engine/EngineMaterials/Substrate/Glints2/dict_0006_0240" 9641
"/Engine/EngineMaterials/Substrate/Glints2/dict_0006_0232" 9642
"../../../Engine/Content/EngineMaterials/Substrate/Glints2/dict_0006_0250.uasset" 9643
"/Engine/EngineMaterials/Substrate/Glints2/dict_0006_0248" 9644
"/Engine/EngineMaterials/Substrate/Glints2/dict_0006_0243" 9645
"../../../Engine/Content/EngineMaterials/Substrate/Glints2/dict_0006_0251.uasset" 9646
"/Engine/EngineMaterials/Substrate/Glints2/dict_0006_0251" 9647
"../../../Engine/Content/EngineMaterials/Substrate/Glints2/dict_0006_0247.uasset" 9648
"/Engine/EngineMaterials/Substrate/Glints2/dict_0006_0250" 9649
"/Engine/EngineMaterials/Substrate/Glints2/dict_0006_0247" 9650
"../../../Engine/Content/EngineMaterials/Substrate/Glints2/dict_0007_0000.uasset" 9651
"../../../Engine/Content/EngineMaterials/Substrate/Glints2/dict_0006_0253.uasset" 9652
"../../../Engine/Content/EngineMaterials/Substrate/Glints2/dict_0006_0255.uasset" 9653
"../../../Engine/Content/EngineMaterials/Substrate/Glints2/dict_0006_0254.uasset" 9654
"../../../Engine/Content/EngineMaterials/Substrate/Glints2/dict_0006_0252.uasset" 9655
"/Engine/EngineMaterials/Substrate/Glints2/dict_0007_0000" 9656
"../../../Engine/Content/EngineMaterials/Substrate/Glints2/dict_0007_0008.uasset" 9657
"../../../Engine/Content/EngineMaterials/Substrate/Glints2/dict_0007_0007.uasset" 9658
"../../../Engine/Content/EngineMaterials/Substrate/Glints2/dict_0007_0002.uasset" 9659
"../../../Engine/Content/EngineMaterials/Substrate/Glints2/dict_0007_0005.uasset" 9660
"../../../Engine/Content/EngineMaterials/Substrate/Glints2/dict_0006_0249.uasset" 9661
"../../../Engine/Content/EngineMaterials/Substrate/Glints2/dict_0007_0004.uasset" 9662
"/Engine/EngineMaterials/Substrate/Glints2/dict_0006_0255" 9663
"../../../Engine/Content/EngineMaterials/Substrate/Glints2/dict_0007_0012.uasset" 9664
"../../../Engine/Content/EngineMaterials/Substrate/Glints2/dict_0007_0006.uasset" 9665
"/Engine/EngineMaterials/Substrate/Glints2/dict_0006_0254" 9666
"/Engine/EngineMaterials/Substrate/Glints2/dict_0006_0253" 9667
"../../../Engine/Content/EngineMaterials/Substrate/Glints2/dict_0007_0009.uasset" 9668
"/Engine/EngineMaterials/Substrate/Glints2/dict_0006_0252" 9669
"/Engine/EngineMaterials/Substrate/Glints2/dict_0007_0002" 9670
"/Engine/EngineMaterials/Substrate/Glints2/dict_0007_0012" 9671
"../../../Engine/Content/EngineMaterials/Substrate/Glints2/dict_0007_0010.uasset" 9672
"/Engine/EngineMaterials/Substrate/Glints2/dict_0007_0009" 9673
"../../../Engine/Content/EngineMaterials/Substrate/Glints2/dict_0007_0011.uasset" 9674
"../../../Engine/Content/EngineMaterials/Substrate/Glints2/dict_0007_0003.uasset" 9675
"/Engine/EngineMaterials/Substrate/Glints2/dict_0007_0008" 9676
"/Engine/EngineMaterials/Substrate/Glints2/dict_0007_0007" 9677
"/Engine/EngineMaterials/Substrate/Glints2/dict_0006_0249" 9678
"/Engine/EngineMaterials/Substrate/Glints2/dict_0007_0006" 9679
"/Engine/EngineMaterials/Substrate/Glints2/dict_0007_0005" 9680
"/Engine/EngineMaterials/Substrate/Glints2/dict_0007_0004" 9681
"/Engine/EngineMaterials/Substrate/Glints2/dict_0007_0011" 9682
"/Engine/EngineMaterials/Substrate/Glints2/dict_0007_0010" 9683
"/Engine/EngineMaterials/Substrate/Glints2/dict_0007_0003" 9684
"../../../Engine/Content/EngineMaterials/Substrate/Glints2/dict_0007_0013.uasset" 9685
"../../../Engine/Content/EngineMaterials/Substrate/Glints2/dict_0007_0020.uasset" 9686
"../../../Engine/Content/EngineMaterials/Substrate/Glints2/dict_0007_0021.uasset" 9687
"../../../Engine/Content/EngineMaterials/Substrate/Glints2/dict_0007_0001.uasset" 9688
"../../../Engine/Content/EngineMaterials/Substrate/Glints2/dict_0007_0019.uasset" 9689
"../../../Engine/Content/EngineMaterials/Substrate/Glints2/dict_0007_0015.uasset" 9690
"../../../Engine/Content/EngineMaterials/Substrate/Glints2/dict_0007_0016.uasset" 9691
"../../../Engine/Content/EngineMaterials/Substrate/Glints2/dict_0007_0023.uasset" 9692
"../../../Engine/Content/EngineMaterials/Substrate/Glints2/dict_0007_0014.uasset" 9693
"../../../Engine/Content/EngineMaterials/Substrate/Glints2/dict_0007_0024.uasset" 9694
"../../../Engine/Content/EngineMaterials/Substrate/Glints2/dict_0007_0022.uasset" 9695
"/Engine/EngineMaterials/Substrate/Glints2/dict_0007_0021" 9696
"/Engine/EngineMaterials/Substrate/Glints2/dict_0007_0001" 9697
"/Engine/EngineMaterials/Substrate/Glints2/dict_0007_0020" 9698
"/Engine/EngineMaterials/Substrate/Glints2/dict_0007_0023" 9699
"/Engine/EngineMaterials/Substrate/Glints2/dict_0007_0013" 9700
"/Engine/EngineMaterials/Substrate/Glints2/dict_0007_0019" 9701
"/Engine/EngineMaterials/Substrate/Glints2/dict_0007_0024" 9702
"/Engine/EngineMaterials/Substrate/Glints2/dict_0007_0022" 9703
"/Engine/EngineMaterials/Substrate/Glints2/dict_0007_0016" 9704
"/Engine/EngineMaterials/Substrate/Glints2/dict_0007_0015" 9705
"/Engine/EngineMaterials/Substrate/Glints2/dict_0007_0014" 9706
"../../../Engine/Content/EngineMaterials/Substrate/Glints2/dict_0007_0025.uasset" 9707
"../../../Engine/Content/EngineMaterials/Substrate/Glints2/dict_0007_0018.uasset" 9708
"../../../Engine/Content/EngineMaterials/Substrate/Glints2/dict_0007_0026.uasset" 9709
"../../../Engine/Content/EngineMaterials/Substrate/Glints2/dict_0007_0028.uasset" 9710
"../../../Engine/Content/EngineMaterials/Substrate/Glints2/dict_0007_0027.uasset" 9711
"../../../Engine/Content/EngineMaterials/Substrate/Glints2/dict_0007_0029.uasset" 9712
"../../../Engine/Content/EngineMaterials/Substrate/Glints2/dict_0007_0033.uasset" 9713
"../../../Engine/Content/EngineMaterials/Substrate/Glints2/dict_0007_0034.uasset" 9714
"../../../Engine/Content/EngineMaterials/Substrate/Glints2/dict_0007_0031.uasset" 9715
"../../../Engine/Content/EngineMaterials/Substrate/Glints2/dict_0007_0036.uasset" 9716
"../../../Engine/Content/EngineMaterials/Substrate/Glints2/dict_0007_0035.uasset" 9717
"/Engine/EngineMaterials/Substrate/Glints2/dict_0007_0031" 9718
"/Engine/EngineMaterials/Substrate/Glints2/dict_0007_0026" 9719
"/Engine/EngineMaterials/Substrate/Glints2/dict_0007_0029" 9720
"/Engine/EngineMaterials/Substrate/Glints2/dict_0007_0036" 9721
"/Engine/EngineMaterials/Substrate/Glints2/dict_0007_0028" 9722
"/Engine/EngineMaterials/Substrate/Glints2/dict_0007_0027" 9723
"/Engine/EngineMaterials/Substrate/Glints2/dict_0007_0025" 9724
"/Engine/EngineMaterials/Substrate/Glints2/dict_0007_0018" 9725
"/Engine/EngineMaterials/Substrate/Glints2/dict_0007_0035" 9726
"/Engine/EngineMaterials/Substrate/Glints2/dict_0007_0034" 9727
"../../../Engine/Content/EngineMaterials/Substrate/Glints2/dict_0007_0017.uasset" 9728
"/Engine/EngineMaterials/Substrate/Glints2/dict_0007_0033" 9729
"/Engine/EngineMaterials/Substrate/Glints2/dict_0007_0017" 9730
"../../../Engine/Content/EngineMaterials/Substrate/Glints2/dict_0007_0040.uasset" 9731
"../../../Engine/Content/EngineMaterials/Substrate/Glints2/dict_0007_0039.uasset" 9732
"../../../Engine/Content/EngineMaterials/Substrate/Glints2/dict_0007_0030.uasset" 9733
"../../../Engine/Content/EngineMaterials/Substrate/Glints2/dict_0007_0038.uasset" 9734
"../../../Engine/Content/EngineMaterials/Substrate/Glints2/dict_0007_0041.uasset" 9735
"../../../Engine/Content/EngineMaterials/Substrate/Glints2/dict_0007_0032.uasset" 9736
"../../../Engine/Content/EngineMaterials/Substrate/Glints2/dict_0007_0037.uasset" 9737
"../../../Engine/Content/EngineMaterials/Substrate/Glints2/dict_0007_0046.uasset" 9738
"../../../Engine/Content/EngineMaterials/Substrate/Glints2/dict_0007_0047.uasset" 9739
"../../../Engine/Content/EngineMaterials/Substrate/Glints2/dict_0007_0042.uasset" 9740
"/Engine/EngineMaterials/Substrate/Glints2/dict_0007_0040" 9741
"/Engine/EngineMaterials/Substrate/Glints2/dict_0007_0039" 9742
"/Engine/EngineMaterials/Substrate/Glints2/dict_0007_0042" 9743
"../../../Engine/Content/EngineMaterials/Substrate/Glints2/dict_0007_0045.uasset" 9744
"/Engine/EngineMaterials/Substrate/Glints2/dict_0007_0038" 9745
"/Engine/EngineMaterials/Substrate/Glints2/dict_0007_0030" 9746
"../../../Engine/Content/EngineMaterials/Substrate/Glints2/dict_0007_0044.uasset" 9747
"/Engine/EngineMaterials/Substrate/Glints2/dict_0007_0037" 9748
"/Engine/EngineMaterials/Substrate/Glints2/dict_0007_0047" 9749
"../../../Engine/Content/EngineMaterials/Substrate/Glints2/dict_0007_0049.uasset" 9750
"../../../Engine/Content/EngineMaterials/Substrate/Glints2/dict_0007_0043.uasset" 9751
"/Engine/EngineMaterials/Substrate/Glints2/dict_0007_0046" 9752
"../../../Engine/Content/EngineMaterials/Substrate/Glints2/dict_0007_0055.uasset" 9753
"/Engine/EngineMaterials/Substrate/Glints2/dict_0007_0032" 9754
"../../../Engine/Content/EngineMaterials/Substrate/Glints2/dict_0007_0050.uasset" 9755
"/Engine/EngineMaterials/Substrate/Glints2/dict_0007_0041" 9756
"/Engine/EngineMaterials/Substrate/Glints2/dict_0007_0043" 9757
"/Engine/EngineMaterials/Substrate/Glints2/dict_0007_0050" 9758
"/Engine/EngineMaterials/Substrate/Glints2/dict_0007_0049" 9759
"/Engine/EngineMaterials/Substrate/Glints2/dict_0007_0045" 9760
"/Engine/EngineMaterials/Substrate/Glints2/dict_0007_0055" 9761
"/Engine/EngineMaterials/Substrate/Glints2/dict_0007_0044" 9762
"../../../Engine/Content/EngineMaterials/Substrate/Glints2/dict_0007_0052.uasset" 9763
"../../../Engine/Content/EngineMaterials/Substrate/Glints2/dict_0007_0058.uasset" 9764
"../../../Engine/Content/EngineMaterials/Substrate/Glints2/dict_0007_0057.uasset" 9765
"../../../Engine/Content/EngineMaterials/Substrate/Glints2/dict_0007_0054.uasset" 9766
"../../../Engine/Content/EngineMaterials/Substrate/Glints2/dict_0007_0048.uasset" 9767
"../../../Engine/Content/EngineMaterials/Substrate/Glints2/dict_0007_0056.uasset" 9768
"../../../Engine/Content/EngineMaterials/Substrate/Glints2/dict_0007_0064.uasset" 9769
"../../../Engine/Content/EngineMaterials/Substrate/Glints2/dict_0007_0061.uasset" 9770
"../../../Engine/Content/EngineMaterials/Substrate/Glints2/dict_0007_0062.uasset" 9771
"/Engine/EngineMaterials/Substrate/Glints2/dict_0007_0054" 9772
"../../../Engine/Content/EngineMaterials/Substrate/Glints2/dict_0007_0059.uasset" 9773
"/Engine/EngineMaterials/Substrate/Glints2/dict_0007_0052" 9774
"/Engine/EngineMaterials/Substrate/Glints2/dict_0007_0048" 9775
"/Engine/EngineMaterials/Substrate/Glints2/dict_0007_0058" 9776
"/Engine/EngineMaterials/Substrate/Glints2/dict_0007_0057" 9777
"/Engine/EngineMaterials/Substrate/Glints2/dict_0007_0056" 9778
"/Engine/EngineMaterials/Substrate/Glints2/dict_0007_0064" 9779
"/Engine/EngineMaterials/Substrate/Glints2/dict_0007_0062" 9780
"../../../Engine/Content/EngineMaterials/Substrate/Glints2/dict_0007_0063.uasset" 9781
"../../../Engine/Content/EngineMaterials/Substrate/Glints2/dict_0007_0068.uasset" 9782
"../../../Engine/Content/EngineMaterials/Substrate/Glints2/dict_0007_0067.uasset" 9783
"../../../Engine/Content/EngineMaterials/Substrate/Glints2/dict_0007_0066.uasset" 9784
"/Engine/EngineMaterials/Substrate/Glints2/dict_0007_0061" 9785
"../../../Engine/Content/EngineMaterials/Substrate/Glints2/dict_0007_0053.uasset" 9786
"/Engine/EngineMaterials/Substrate/Glints2/dict_0007_0059" 9787
"/Engine/EngineMaterials/Substrate/Glints2/dict_0007_0053" 9788
"/Engine/EngineMaterials/Substrate/Glints2/dict_0007_0063" 9789
"/Engine/EngineMaterials/Substrate/Glints2/dict_0007_0066" 9790
"/Engine/EngineMaterials/Substrate/Glints2/dict_0007_0068" 9791
"../../../Engine/Content/EngineMaterials/Substrate/Glints2/dict_0007_0065.uasset" 9792
"../../../Engine/Content/EngineMaterials/Substrate/Glints2/dict_0007_0051.uasset" 9793
"/Engine/EngineMaterials/Substrate/Glints2/dict_0007_0067" 9794
"../../../Engine/Content/EngineMaterials/Substrate/Glints2/dict_0007_0060.uasset" 9795
"/Engine/EngineMaterials/Substrate/Glints2/dict_0007_0065" 9796
"/Engine/EngineMaterials/Substrate/Glints2/dict_0007_0051" 9797
"/Engine/EngineMaterials/Substrate/Glints2/dict_0007_0060" 9798
"../../../Engine/Content/EngineMaterials/Substrate/Glints2/dict_0007_0073.uasset" 9799
"../../../Engine/Content/EngineMaterials/Substrate/Glints2/dict_0007_0070.uasset" 9800
"../../../Engine/Content/EngineMaterials/Substrate/Glints2/dict_0007_0071.uasset" 9801
"../../../Engine/Content/EngineMaterials/Substrate/Glints2/dict_0007_0072.uasset" 9802
"../../../Engine/Content/EngineMaterials/Substrate/Glints2/dict_0007_0074.uasset" 9803
"../../../Engine/Content/EngineMaterials/Substrate/Glints2/dict_0007_0078.uasset" 9804
"../../../Engine/Content/EngineMaterials/Substrate/Glints2/dict_0007_0077.uasset" 9805
"../../../Engine/Content/EngineMaterials/Substrate/Glints2/dict_0007_0069.uasset" 9806
"../../../Engine/Content/EngineMaterials/Substrate/Glints2/dict_0007_0075.uasset" 9807
"../../../Engine/Content/EngineMaterials/Substrate/Glints2/dict_0007_0076.uasset" 9808
"../../../Engine/Content/EngineMaterials/Substrate/Glints2/dict_0007_0079.uasset" 9809
"/Engine/EngineMaterials/Substrate/Glints2/dict_0007_0076" 9810
"/Engine/EngineMaterials/Substrate/Glints2/dict_0007_0075" 9811
"/Engine/EngineMaterials/Substrate/Glints2/dict_0007_0074" 9812
"/Engine/EngineMaterials/Substrate/Glints2/dict_0007_0073" 9813
"/Engine/EngineMaterials/Substrate/Glints2/dict_0007_0072" 9814
"../../../Engine/Content/EngineMaterials/Substrate/Glints2/dict_0007_0081.uasset" 9815
"../../../Engine/Content/EngineMaterials/Substrate/Glints2/dict_0007_0080.uasset" 9816
"/Engine/EngineMaterials/Substrate/Glints2/dict_0007_0071" 9817
"/Engine/EngineMaterials/Substrate/Glints2/dict_0007_0070" 9818
"/Engine/EngineMaterials/Substrate/Glints2/dict_0007_0079" 9819
"/Engine/EngineMaterials/Substrate/Glints2/dict_0007_0078" 9820
"/Engine/EngineMaterials/Substrate/Glints2/dict_0007_0077" 9821
"/Engine/EngineMaterials/Substrate/Glints2/dict_0007_0081" 9822
"/Engine/EngineMaterials/Substrate/Glints2/dict_0007_0080" 9823
"/Engine/EngineMaterials/Substrate/Glints2/dict_0007_0069" 9824
"../../../Engine/Content/EngineMaterials/Substrate/Glints2/dict_0007_0083.uasset" 9825
"/Engine/EngineMaterials/Substrate/Glints2/dict_0007_0083" 9826
"../../../Engine/Content/EngineMaterials/Substrate/Glints2/dict_0007_0084.uasset" 9827
"/Engine/EngineMaterials/Substrate/Glints2/dict_0007_0084" 9828
"../../../Engine/Content/EngineMaterials/Substrate/Glints2/dict_0007_0085.uasset" 9829
"../../../Engine/Content/EngineMaterials/Substrate/Glints2/dict_0007_0087.uasset" 9830
"../../../Engine/Content/EngineMaterials/Substrate/Glints2/dict_0007_0086.uasset" 9831
"../../../Engine/Content/EngineMaterials/Substrate/Glints2/dict_0007_0082.uasset" 9832
"../../../Engine/Content/EngineMaterials/Substrate/Glints2/dict_0007_0091.uasset" 9833
"../../../Engine/Content/EngineMaterials/Substrate/Glints2/dict_0007_0089.uasset" 9834
"../../../Engine/Content/EngineMaterials/Substrate/Glints2/dict_0007_0092.uasset" 9835
"../../../Engine/Content/EngineMaterials/Substrate/Glints2/dict_0007_0090.uasset" 9836
"../../../Engine/Content/EngineMaterials/Substrate/Glints2/dict_0007_0088.uasset" 9837
"/Engine/EngineMaterials/Substrate/Glints2/dict_0007_0088" 9838
"/Engine/EngineMaterials/Substrate/Glints2/dict_0007_0082" 9839
"../../../Engine/Content/EngineMaterials/Substrate/Glints2/dict_0007_0095.uasset" 9840
"../../../Engine/Content/EngineMaterials/Substrate/Glints2/dict_0007_0094.uasset" 9841
"/Engine/EngineMaterials/Substrate/Glints2/dict_0007_0087" 9842
"../../../Engine/Content/EngineMaterials/Substrate/Glints2/dict_0007_0097.uasset" 9843
"/Engine/EngineMaterials/Substrate/Glints2/dict_0007_0092" 9844
"/Engine/EngineMaterials/Substrate/Glints2/dict_0007_0091" 9845
"../../../Engine/Content/EngineMaterials/Substrate/Glints2/dict_0007_0096.uasset" 9846
"/Engine/EngineMaterials/Substrate/Glints2/dict_0007_0090" 9847
"../../../Engine/Content/EngineMaterials/Substrate/Glints2/dict_0007_0098.uasset" 9848
"/Engine/EngineMaterials/Substrate/Glints2/dict_0007_0089" 9849
"/Engine/EngineMaterials/Substrate/Glints2/dict_0007_0086" 9850
"/Engine/EngineMaterials/Substrate/Glints2/dict_0007_0085" 9851
"/Engine/EngineMaterials/Substrate/Glints2/dict_0007_0097" 9852
"/Engine/EngineMaterials/Substrate/Glints2/dict_0007_0096" 9853
"../../../Engine/Content/EngineMaterials/Substrate/Glints2/dict_0007_0093.uasset" 9854
"/Engine/EngineMaterials/Substrate/Glints2/dict_0007_0098" 9855
"/Engine/EngineMaterials/Substrate/Glints2/dict_0007_0095" 9856
"/Engine/EngineMaterials/Substrate/Glints2/dict_0007_0094" 9857
"/Engine/EngineMaterials/Substrate/Glints2/dict_0007_0093" 9858
"../../../Engine/Content/EngineMaterials/Substrate/Glints2/dict_0007_0099.uasset" 9859
"../../../Engine/Content/EngineMaterials/Substrate/Glints2/dict_0007_0100.uasset" 9860
"../../../Engine/Content/EngineMaterials/Substrate/Glints2/dict_0007_0102.uasset" 9861
"../../../Engine/Content/EngineMaterials/Substrate/Glints2/dict_0007_0106.uasset" 9862
"../../../Engine/Content/EngineMaterials/Substrate/Glints2/dict_0007_0104.uasset" 9863
"../../../Engine/Content/EngineMaterials/Substrate/Glints2/dict_0007_0105.uasset" 9864
"../../../Engine/Content/EngineMaterials/Substrate/Glints2/dict_0007_0103.uasset" 9865
"../../../Engine/Content/EngineMaterials/Substrate/Glints2/dict_0007_0101.uasset" 9866
"/Engine/EngineMaterials/Substrate/Glints2/dict_0007_0100" 9867
"../../../Engine/Content/EngineMaterials/Substrate/Glints2/dict_0007_0109.uasset" 9868
"../../../Engine/Content/EngineMaterials/Substrate/Glints2/dict_0007_0110.uasset" 9869
"/Engine/EngineMaterials/Substrate/Glints2/dict_0007_0106" 9870
"../../../Engine/Content/EngineMaterials/Substrate/Glints2/dict_0007_0107.uasset" 9871
"/Engine/EngineMaterials/Substrate/Glints2/dict_0007_0099" 9872
"/Engine/EngineMaterials/Substrate/Glints2/dict_0007_0105" 9873
"../../../Engine/Content/EngineMaterials/Substrate/Glints2/dict_0007_0111.uasset" 9874
"../../../Engine/Content/EngineMaterials/Substrate/Glints2/dict_0007_0108.uasset" 9875
"/Engine/EngineMaterials/Substrate/Glints2/dict_0007_0104" 9876
"/Engine/EngineMaterials/Substrate/Glints2/dict_0007_0103" 9877
"/Engine/EngineMaterials/Substrate/Glints2/dict_0007_0102" 9878
"../../../Engine/Content/EngineMaterials/Substrate/Glints2/dict_0007_0116.uasset" 9879
"/Engine/EngineMaterials/Substrate/Glints2/dict_0007_0101" 9880
"../../../Engine/Content/EngineMaterials/Substrate/Glints2/dict_0007_0114.uasset" 9881
"/Engine/EngineMaterials/Substrate/Glints2/dict_0007_0110" 9882
"../../../Engine/Content/EngineMaterials/Substrate/Glints2/dict_0007_0118.uasset" 9883
"../../../Engine/Content/EngineMaterials/Substrate/Glints2/dict_0007_0117.uasset" 9884
"../../../Engine/Content/EngineMaterials/Substrate/Glints2/dict_0007_0113.uasset" 9885
"../../../Engine/Content/EngineMaterials/Substrate/Glints2/dict_0007_0119.uasset" 9886
"/Engine/EngineMaterials/Substrate/Glints2/dict_0007_0109" 9887
"../../../Engine/Content/EngineMaterials/Substrate/Glints2/dict_0007_0112.uasset" 9888
"/Engine/EngineMaterials/Substrate/Glints2/dict_0007_0108" 9889
"/Engine/EngineMaterials/Substrate/Glints2/dict_0007_0107" 9890
"/Engine/EngineMaterials/Substrate/Glints2/dict_0007_0116" 9891
"/Engine/EngineMaterials/Substrate/Glints2/dict_0007_0114" 9892
"../../../Engine/Content/EngineMaterials/Substrate/Glints2/dict_0007_0115.uasset" 9893
"/Engine/EngineMaterials/Substrate/Glints2/dict_0007_0111" 9894
"/Engine/EngineMaterials/Substrate/Glints2/dict_0007_0113" 9895
"/Engine/EngineMaterials/Substrate/Glints2/dict_0007_0112" 9896
"/Engine/EngineMaterials/Substrate/Glints2/dict_0007_0119" 9897
"/Engine/EngineMaterials/Substrate/Glints2/dict_0007_0118" 9898
"/Engine/EngineMaterials/Substrate/Glints2/dict_0007_0117" 9899
"/Engine/EngineMaterials/Substrate/Glints2/dict_0007_0115" 9900
"../../../Engine/Content/EngineMaterials/Substrate/Glints2/dict_0007_0129.uasset" 9901
"../../../Engine/Content/EngineMaterials/Substrate/Glints2/dict_0007_0128.uasset" 9902
"../../../Engine/Content/EngineMaterials/Substrate/Glints2/dict_0007_0124.uasset" 9903
"../../../Engine/Content/EngineMaterials/Substrate/Glints2/dict_0007_0121.uasset" 9904
"../../../Engine/Content/EngineMaterials/Substrate/Glints2/dict_0007_0122.uasset" 9905
"../../../Engine/Content/EngineMaterials/Substrate/Glints2/dict_0007_0131.uasset" 9906
"../../../Engine/Content/EngineMaterials/Substrate/Glints2/dict_0007_0126.uasset" 9907
"../../../Engine/Content/EngineMaterials/Substrate/Glints2/dict_0007_0125.uasset" 9908
"../../../Engine/Content/EngineMaterials/Substrate/Glints2/dict_0007_0123.uasset" 9909
"../../../Engine/Content/EngineMaterials/Substrate/Glints2/dict_0007_0130.uasset" 9910
"../../../Engine/Content/EngineMaterials/Substrate/Glints2/dict_0007_0133.uasset" 9911
"/Engine/EngineMaterials/Substrate/Glints2/dict_0007_0124" 9912
"../../../Engine/Content/EngineMaterials/Substrate/Glints2/dict_0007_0127.uasset" 9913
"/Engine/EngineMaterials/Substrate/Glints2/dict_0007_0129" 9914
"/Engine/EngineMaterials/Substrate/Glints2/dict_0007_0122" 9915
"/Engine/EngineMaterials/Substrate/Glints2/dict_0007_0121" 9916
"/Engine/EngineMaterials/Substrate/Glints2/dict_0007_0128" 9917
"/Engine/EngineMaterials/Substrate/Glints2/dict_0007_0126" 9918
"../../../Engine/Content/EngineMaterials/Substrate/Glints2/dict_0007_0120.uasset" 9919
"../../../Engine/Content/EngineMaterials/Substrate/Glints2/dict_0007_0132.uasset" 9920
"/Engine/EngineMaterials/Substrate/Glints2/dict_0007_0125" 9921
"/Engine/EngineMaterials/Substrate/Glints2/dict_0007_0131" 9922
"/Engine/EngineMaterials/Substrate/Glints2/dict_0007_0123" 9923
"/Engine/EngineMaterials/Substrate/Glints2/dict_0007_0120" 9924
"/Engine/EngineMaterials/Substrate/Glints2/dict_0007_0127" 9925
"/Engine/EngineMaterials/Substrate/Glints2/dict_0007_0133" 9926
"/Engine/EngineMaterials/Substrate/Glints2/dict_0007_0132" 9927
"/Engine/EngineMaterials/Substrate/Glints2/dict_0007_0130" 9928
"../../../Engine/Content/EngineMaterials/Substrate/Glints2/dict_0007_0141.uasset" 9929
"../../../Engine/Content/EngineMaterials/Substrate/Glints2/dict_0007_0143.uasset" 9930
"../../../Engine/Content/EngineMaterials/Substrate/Glints2/dict_0007_0134.uasset" 9931
"../../../Engine/Content/EngineMaterials/Substrate/Glints2/dict_0007_0139.uasset" 9932
"../../../Engine/Content/EngineMaterials/Substrate/Glints2/dict_0007_0142.uasset" 9933
"../../../Engine/Content/EngineMaterials/Substrate/Glints2/dict_0007_0144.uasset" 9934
"../../../Engine/Content/EngineMaterials/Substrate/Glints2/dict_0007_0135.uasset" 9935
"../../../Engine/Content/EngineMaterials/Substrate/Glints2/dict_0007_0136.uasset" 9936
"../../../Engine/Content/EngineMaterials/Substrate/Glints2/dict_0007_0138.uasset" 9937
"../../../Engine/Content/EngineMaterials/Substrate/Glints2/dict_0007_0147.uasset" 9938
"../../../Engine/Content/EngineMaterials/Substrate/Glints2/dict_0007_0137.uasset" 9939
"../../../Engine/Content/EngineMaterials/Substrate/Glints2/dict_0007_0140.uasset" 9940
"../../../Engine/Content/EngineMaterials/Substrate/Glints2/dict_0007_0145.uasset" 9941
"../../../Engine/Content/EngineMaterials/Substrate/Glints2/dict_0007_0146.uasset" 9942
"/Engine/EngineMaterials/Substrate/Glints2/dict_0007_0145" 9943
"/Engine/EngineMaterials/Substrate/Glints2/dict_0007_0144" 9944
"/Engine/EngineMaterials/Substrate/Glints2/dict_0007_0143" 9945
"/Engine/EngineMaterials/Substrate/Glints2/dict_0007_0138" 9946
"/Engine/EngineMaterials/Substrate/Glints2/dict_0007_0142" 9947
"../../../Engine/Content/EngineMaterials/Substrate/Glints2/dict_0007_0155.uasset" 9948
"/Engine/EngineMaterials/Substrate/Glints2/dict_0007_0137" 9949
"../../../Engine/Content/EngineMaterials/Substrate/Glints2/dict_0007_0156.uasset" 9950
"/Engine/EngineMaterials/Substrate/Glints2/dict_0007_0136" 9951
"../../../Engine/Content/EngineMaterials/Substrate/Glints2/dict_0007_0157.uasset" 9952
"../../../Engine/Content/EngineMaterials/Substrate/Glints2/dict_0007_0152.uasset" 9953
"../../../Engine/Content/EngineMaterials/Substrate/Glints2/dict_0007_0158.uasset" 9954
"../../../Engine/Content/EngineMaterials/Substrate/Glints2/dict_0007_0153.uasset" 9955
"../../../Engine/Content/EngineMaterials/Substrate/Glints2/dict_0007_0159.uasset" 9956
"/Engine/EngineMaterials/Substrate/Glints2/dict_0007_0135" 9957
"../../../Engine/Content/EngineMaterials/Substrate/Glints2/dict_0007_0151.uasset" 9958
"../../../Engine/Content/EngineMaterials/Substrate/Glints2/dict_0007_0160.uasset" 9959
"../../../Engine/Content/EngineMaterials/Substrate/Glints2/dict_0007_0148.uasset" 9960
"../../../Engine/Content/EngineMaterials/Substrate/Glints2/dict_0007_0149.uasset" 9961
"../../../Engine/Content/EngineMaterials/Substrate/Glints2/dict_0007_0150.uasset" 9962
"/Engine/EngineMaterials/Substrate/Glints2/dict_0007_0147" 9963
"../../../Engine/Content/EngineMaterials/Substrate/Glints2/dict_0007_0154.uasset" 9964
"/Engine/EngineMaterials/Substrate/Glints2/dict_0007_0141" 9965
"/Engine/EngineMaterials/Substrate/Glints2/dict_0007_0146" 9966
"/Engine/EngineMaterials/Substrate/Glints2/dict_0007_0140" 9967
"/Engine/EngineMaterials/Substrate/Glints2/dict_0007_0134" 9968
"/Engine/EngineMaterials/Substrate/Glints2/dict_0007_0139" 9969
"/Engine/EngineMaterials/Substrate/Glints2/dict_0007_0159" 9970
"/Engine/EngineMaterials/Substrate/Glints2/dict_0007_0158" 9971
"/Engine/EngineMaterials/Substrate/Glints2/dict_0007_0157" 9972
"/Engine/EngineMaterials/Substrate/Glints2/dict_0007_0156" 9973
"/Engine/EngineMaterials/Substrate/Glints2/dict_0007_0151" 9974
"/Engine/EngineMaterials/Substrate/Glints2/dict_0007_0150" 9975
"/Engine/EngineMaterials/Substrate/Glints2/dict_0007_0155" 9976
"/Engine/EngineMaterials/Substrate/Glints2/dict_0007_0149" 9977
"/Engine/EngineMaterials/Substrate/Glints2/dict_0007_0148" 9978
"/Engine/EngineMaterials/Substrate/Glints2/dict_0007_0154" 9979
"/Engine/EngineMaterials/Substrate/Glints2/dict_0007_0153" 9980
"/Engine/EngineMaterials/Substrate/Glints2/dict_0007_0152" 9981
"/Engine/EngineMaterials/Substrate/Glints2/dict_0007_0160" 9982
"../../../Engine/Content/EngineMaterials/Substrate/Glints2/dict_0007_0161.uasset" 9983
"../../../Engine/Content/EngineMaterials/Substrate/Glints2/dict_0007_0164.uasset" 9984
"../../../Engine/Content/EngineMaterials/Substrate/Glints2/dict_0007_0162.uasset" 9985
"../../../Engine/Content/EngineMaterials/Substrate/Glints2/dict_0007_0166.uasset" 9986
"../../../Engine/Content/EngineMaterials/Substrate/Glints2/dict_0007_0167.uasset" 9987
"/Engine/EngineMaterials/Substrate/Glints2/dict_0007_0164" 9988
"../../../Engine/Content/EngineMaterials/Substrate/Glints2/dict_0007_0163.uasset" 9989
"/Engine/EngineMaterials/Substrate/Glints2/dict_0007_0167" 9990
"/Engine/EngineMaterials/Substrate/Glints2/dict_0007_0166" 9991
"/Engine/EngineMaterials/Substrate/Glints2/dict_0007_0162" 9992
"/Engine/EngineMaterials/Substrate/Glints2/dict_0007_0161" 9993
"/Engine/EngineMaterials/Substrate/Glints2/dict_0007_0163" 9994
"../../../Engine/Content/EngineMaterials/Substrate/Glints2/dict_0007_0168.uasset" 9995
"../../../Engine/Content/EngineMaterials/Substrate/Glints2/dict_0007_0169.uasset" 9996
"../../../Engine/Content/EngineMaterials/Substrate/Glints2/dict_0007_0165.uasset" 9997
"../../../Engine/Content/EngineMaterials/Substrate/Glints2/dict_0007_0174.uasset" 9998
"../../../Engine/Content/EngineMaterials/Substrate/Glints2/dict_0007_0173.uasset" 9999
"/Engine/EngineMaterials/Substrate/Glints2/dict_0007_0165" 10000
"../../../Engine/Content/EngineMaterials/Substrate/Glints2/dict_0007_0172.uasset" 10001
"../../../Engine/Content/EngineMaterials/Substrate/Glints2/dict_0007_0175.uasset" 10002
"/Engine/EngineMaterials/Substrate/Glints2/dict_0007_0174" 10003
"../../../Engine/Content/EngineMaterials/Substrate/Glints2/dict_0007_0170.uasset" 10004
"/Engine/EngineMaterials/Substrate/Glints2/dict_0007_0169" 10005
"/Engine/EngineMaterials/Substrate/Glints2/dict_0007_0168" 10006
"/Engine/EngineMaterials/Substrate/Glints2/dict_0007_0175" 10007
"/Engine/EngineMaterials/Substrate/Glints2/dict_0007_0173" 10008
"/Engine/EngineMaterials/Substrate/Glints2/dict_0007_0172" 10009
"../../../Engine/Content/EngineMaterials/Substrate/Glints2/dict_0007_0176.uasset" 10010
"../../../Engine/Content/EngineMaterials/Substrate/Glints2/dict_0007_0177.uasset" 10011
"/Engine/EngineMaterials/Substrate/Glints2/dict_0007_0170" 10012
"/Engine/EngineMaterials/Substrate/Glints2/dict_0007_0177" 10013
"../../../Engine/Content/EngineMaterials/Substrate/Glints2/dict_0007_0178.uasset" 10014
"/Engine/EngineMaterials/Substrate/Glints2/dict_0007_0176" 10015
"/Engine/EngineMaterials/Substrate/Glints2/dict_0007_0178" 10016
"../../../Engine/Content/EngineMaterials/Substrate/Glints2/dict_0007_0180.uasset" 10017
"../../../Engine/Content/EngineMaterials/Substrate/Glints2/dict_0007_0184.uasset" 10018
"../../../Engine/Content/EngineMaterials/Substrate/Glints2/dict_0007_0182.uasset" 10019
"/Engine/EngineMaterials/Substrate/Glints2/dict_0007_0184" 10020
"../../../Engine/Content/EngineMaterials/Substrate/Glints2/dict_0007_0188.uasset" 10021
"../../../Engine/Content/EngineMaterials/Substrate/Glints2/dict_0007_0185.uasset" 10022
"../../../Engine/Content/EngineMaterials/Substrate/Glints2/dict_0007_0181.uasset" 10023
"/Engine/EngineMaterials/Substrate/Glints2/dict_0007_0182" 10024
"/Engine/EngineMaterials/Substrate/Glints2/dict_0007_0180" 10025
"/Engine/EngineMaterials/Substrate/Glints2/dict_0007_0188" 10026
"/Engine/EngineMaterials/Substrate/Glints2/dict_0007_0181" 10027
"../../../Engine/Content/EngineMaterials/Substrate/Glints2/dict_0007_0186.uasset" 10028
"../../../Engine/Content/EngineMaterials/Substrate/Glints2/dict_0007_0187.uasset" 10029
"../../../Engine/Content/EngineMaterials/Substrate/Glints2/dict_0007_0171.uasset" 10030
"../../../Engine/Content/EngineMaterials/Substrate/Glints2/dict_0007_0190.uasset" 10031
"../../../Engine/Content/EngineMaterials/Substrate/Glints2/dict_0007_0191.uasset" 10032
"../../../Engine/Content/EngineMaterials/Substrate/Glints2/dict_0007_0192.uasset" 10033
"../../../Engine/Content/EngineMaterials/Substrate/Glints2/dict_0007_0193.uasset" 10034
"../../../Engine/Content/EngineMaterials/Substrate/Glints2/dict_0007_0189.uasset" 10035
"/Engine/EngineMaterials/Substrate/Glints2/dict_0007_0192" 10036
"../../../Engine/Content/EngineMaterials/Substrate/Glints2/dict_0007_0195.uasset" 10037
"../../../Engine/Content/EngineMaterials/Substrate/Glints2/dict_0007_0194.uasset" 10038
"/Engine/EngineMaterials/Substrate/Glints2/dict_0007_0191" 10039
"/Engine/EngineMaterials/Substrate/Glints2/dict_0007_0190" 10040
"../../../Engine/Content/EngineMaterials/Substrate/Glints2/dict_0007_0183.uasset" 10041
"/Engine/EngineMaterials/Substrate/Glints2/dict_0007_0189" 10042
"/Engine/EngineMaterials/Substrate/Glints2/dict_0007_0187" 10043
"/Engine/EngineMaterials/Substrate/Glints2/dict_0007_0186" 10044
"/Engine/EngineMaterials/Substrate/Glints2/dict_0007_0185" 10045
"../../../Engine/Content/EngineMaterials/Substrate/Glints2/dict_0007_0197.uasset" 10046
"/Engine/EngineMaterials/Substrate/Glints2/dict_0007_0171" 10047
"/Engine/EngineMaterials/Substrate/Glints2/dict_0007_0193" 10048
"/Engine/EngineMaterials/Substrate/Glints2/dict_0007_0197" 10049
"/Engine/EngineMaterials/Substrate/Glints2/dict_0007_0183" 10050
"/Engine/EngineMaterials/Substrate/Glints2/dict_0007_0195" 10051
"/Engine/EngineMaterials/Substrate/Glints2/dict_0007_0194" 10052
"../../../Engine/Content/EngineMaterials/Substrate/Glints2/dict_0007_0200.uasset" 10053
"../../../Engine/Content/EngineMaterials/Substrate/Glints2/dict_0007_0202.uasset" 10054
"../../../Engine/Content/EngineMaterials/Substrate/Glints2/dict_0007_0196.uasset" 10055
"../../../Engine/Content/EngineMaterials/Substrate/Glints2/dict_0007_0203.uasset" 10056
"../../../Engine/Content/EngineMaterials/Substrate/Glints2/dict_0007_0201.uasset" 10057
"../../../Engine/Content/EngineMaterials/Substrate/Glints2/dict_0007_0198.uasset" 10058
"../../../Engine/Content/EngineMaterials/Substrate/Glints2/dict_0007_0204.uasset" 10059
"../../../Engine/Content/EngineMaterials/Substrate/Glints2/dict_0007_0205.uasset" 10060
"../../../Engine/Content/EngineMaterials/Substrate/Glints2/dict_0007_0210.uasset" 10061
"../../../Engine/Content/EngineMaterials/Substrate/Glints2/dict_0007_0213.uasset" 10062
"../../../Engine/Content/EngineMaterials/Substrate/Glints2/dict_0007_0206.uasset" 10063
"../../../Engine/Content/EngineMaterials/Substrate/Glints2/dict_0007_0209.uasset" 10064
"/Engine/EngineMaterials/Substrate/Glints2/dict_0007_0202" 10065
"../../../Engine/Content/EngineMaterials/Substrate/Glints2/dict_0007_0208.uasset" 10066
"../../../Engine/Content/EngineMaterials/Substrate/Glints2/dict_0007_0212.uasset" 10067
"../../../Engine/Content/EngineMaterials/Substrate/Glints2/dict_0007_0199.uasset" 10068
"/Engine/EngineMaterials/Substrate/Glints2/dict_0007_0206" 10069
"/Engine/EngineMaterials/Substrate/Glints2/dict_0007_0201" 10070
"/Engine/EngineMaterials/Substrate/Glints2/dict_0007_0205" 10071
"/Engine/EngineMaterials/Substrate/Glints2/dict_0007_0204" 10072
"/Engine/EngineMaterials/Substrate/Glints2/dict_0007_0198" 10073
"/Engine/EngineMaterials/Substrate/Glints2/dict_0007_0203" 10074
"/Engine/EngineMaterials/Substrate/Glints2/dict_0007_0200" 10075
"/Engine/EngineMaterials/Substrate/Glints2/dict_0007_0196" 10076
"../../../Engine/Content/EngineMaterials/Substrate/Glints2/dict_0007_0211.uasset" 10077
"/Engine/EngineMaterials/Substrate/Glints2/dict_0007_0213" 10078
"/Engine/EngineMaterials/Substrate/Glints2/dict_0007_0210" 10079
"/Engine/EngineMaterials/Substrate/Glints2/dict_0007_0209" 10080
"/Engine/EngineMaterials/Substrate/Glints2/dict_0007_0208" 10081
"/Engine/EngineMaterials/Substrate/Glints2/dict_0007_0212" 10082
"../../../Engine/Content/EngineMaterials/Substrate/Glints2/dict_0007_0217.uasset" 10083
"/Engine/EngineMaterials/Substrate/Glints2/dict_0007_0199" 10084
"../../../Engine/Content/EngineMaterials/Substrate/Glints2/dict_0007_0216.uasset" 10085
"/Engine/EngineMaterials/Substrate/Glints2/dict_0007_0211" 10086
"/Engine/EngineMaterials/Substrate/Glints2/dict_0007_0217" 10087
"/Engine/EngineMaterials/Substrate/Glints2/dict_0007_0216" 10088
"../../../Engine/Content/EngineMaterials/Substrate/Glints2/dict_0007_0207.uasset" 10089
"../../../Engine/Content/EngineMaterials/Substrate/Glints2/dict_0007_0179.uasset" 10090
"../../../Engine/Content/EngineMaterials/Substrate/Glints2/dict_0007_0220.uasset" 10091
"../../../Engine/Content/EngineMaterials/Substrate/Glints2/dict_0007_0221.uasset" 10092
"../../../Engine/Content/EngineMaterials/Substrate/Glints2/dict_0007_0218.uasset" 10093
"../../../Engine/Content/EngineMaterials/Substrate/Glints2/dict_0007_0222.uasset" 10094
"../../../Engine/Content/EngineMaterials/Substrate/Glints2/dict_0007_0219.uasset" 10095
"../../../Engine/Content/EngineMaterials/Substrate/Glints2/dict_0007_0215.uasset" 10096
"../../../Engine/Content/EngineMaterials/Substrate/Glints2/dict_0007_0223.uasset" 10097
"/Engine/EngineMaterials/Substrate/Glints2/dict_0007_0179" 10098
"/Engine/EngineMaterials/Substrate/Glints2/dict_0007_0223" 10099
"/Engine/EngineMaterials/Substrate/Glints2/dict_0007_0222" 10100
"/Engine/EngineMaterials/Substrate/Glints2/dict_0007_0221" 10101
"../../../Engine/Content/EngineMaterials/Substrate/Glints2/dict_0007_0214.uasset" 10102
"/Engine/EngineMaterials/Substrate/Glints2/dict_0007_0207" 10103
"../../../Engine/Content/EngineMaterials/Substrate/Glints2/dict_0007_0226.uasset" 10104
"../../../Engine/Content/EngineMaterials/Substrate/Glints2/dict_0007_0227.uasset" 10105
"/Engine/EngineMaterials/Substrate/Glints2/dict_0007_0220" 10106
"/Engine/EngineMaterials/Substrate/Glints2/dict_0007_0219" 10107
"/Engine/EngineMaterials/Substrate/Glints2/dict_0007_0218" 10108
"../../../Engine/Content/EngineMaterials/Substrate/Glints2/dict_0007_0232.uasset" 10109
"../../../Engine/Content/EngineMaterials/Substrate/Glints2/dict_0007_0231.uasset" 10110
"/Engine/EngineMaterials/Substrate/Glints2/dict_0007_0215" 10111
"../../../Engine/Content/EngineMaterials/Substrate/Glints2/dict_0007_0229.uasset" 10112
"../../../Engine/Content/EngineMaterials/Substrate/Glints2/dict_0007_0230.uasset" 10113
"/Engine/EngineMaterials/Substrate/Glints2/dict_0007_0214" 10114
"../../../Engine/Content/EngineMaterials/Substrate/Glints2/dict_0007_0225.uasset" 10115
"/Engine/EngineMaterials/Substrate/Glints2/dict_0007_0227" 10116
"/Engine/EngineMaterials/Substrate/Glints2/dict_0007_0232" 10117
"/Engine/EngineMaterials/Substrate/Glints2/dict_0007_0231" 10118
"/Engine/EngineMaterials/Substrate/Glints2/dict_0007_0230" 10119
"/Engine/EngineMaterials/Substrate/Glints2/dict_0007_0226" 10120
"../../../Engine/Content/EngineMaterials/Substrate/Glints2/dict_0007_0224.uasset" 10121
"/Engine/EngineMaterials/Substrate/Glints2/dict_0007_0229" 10122
"../../../Engine/Content/EngineMaterials/Substrate/Glints2/dict_0007_0233.uasset" 10123
"/Engine/EngineMaterials/Substrate/Glints2/dict_0007_0233" 10124
"/Engine/EngineMaterials/Substrate/Glints2/dict_0007_0225" 10125
"/Engine/EngineMaterials/Substrate/Glints2/dict_0007_0224" 10126
"../../../Engine/Content/EngineMaterials/Substrate/Glints2/dict_0007_0234.uasset" 10127
"../../../Engine/Content/EngineMaterials/Substrate/Glints2/dict_0007_0228.uasset" 10128
"../../../Engine/Content/EngineMaterials/Substrate/Glints2/dict_0007_0236.uasset" 10129
"../../../Engine/Content/EngineMaterials/Substrate/Glints2/dict_0007_0237.uasset" 10130
"../../../Engine/Content/EngineMaterials/Substrate/Glints2/dict_0007_0235.uasset" 10131
"../../../Engine/Content/EngineMaterials/Substrate/Glints2/dict_0007_0242.uasset" 10132
"../../../Engine/Content/EngineMaterials/Substrate/Glints2/dict_0007_0240.uasset" 10133
"../../../Engine/Content/EngineMaterials/Substrate/Glints2/dict_0007_0244.uasset" 10134
"../../../Engine/Content/EngineMaterials/Substrate/Glints2/dict_0007_0241.uasset" 10135
"../../../Engine/Content/EngineMaterials/Substrate/Glints2/dict_0007_0239.uasset" 10136
"../../../Engine/Content/EngineMaterials/Substrate/Glints2/dict_0007_0238.uasset" 10137
"/Engine/EngineMaterials/Substrate/Glints2/dict_0007_0238" 10138
"/Engine/EngineMaterials/Substrate/Glints2/dict_0007_0242" 10139
"/Engine/EngineMaterials/Substrate/Glints2/dict_0007_0237" 10140
"/Engine/EngineMaterials/Substrate/Glints2/dict_0007_0236" 10141
"/Engine/EngineMaterials/Substrate/Glints2/dict_0007_0235" 10142
"/Engine/EngineMaterials/Substrate/Glints2/dict_0007_0234" 10143
"/Engine/EngineMaterials/Substrate/Glints2/dict_0007_0241" 10144
"/Engine/EngineMaterials/Substrate/Glints2/dict_0007_0244" 10145
"../../../Engine/Content/EngineMaterials/Substrate/Glints2/dict_0007_0246.uasset" 10146
"/Engine/EngineMaterials/Substrate/Glints2/dict_0007_0240" 10147
"../../../Engine/Content/EngineMaterials/Substrate/Glints2/dict_0007_0245.uasset" 10148
"/Engine/EngineMaterials/Substrate/Glints2/dict_0007_0239" 10149
"/Engine/EngineMaterials/Substrate/Glints2/dict_0007_0228" 10150
"/Engine/EngineMaterials/Substrate/Glints2/dict_0007_0245" 10151
"../../../Engine/Content/EngineMaterials/Substrate/Glints2/dict_0007_0247.uasset" 10152
"/Engine/EngineMaterials/Substrate/Glints2/dict_0007_0246" 10153
"/Engine/EngineMaterials/Substrate/Glints2/dict_0007_0247" 10154
"../../../Engine/Content/EngineMaterials/Substrate/Glints2/dict_0007_0243.uasset" 10155
"../../../Engine/Content/EngineMaterials/Substrate/Glints2/dict_0007_0249.uasset" 10156
"../../../Engine/Content/EngineMaterials/Substrate/Glints2/dict_0007_0254.uasset" 10157
"../../../Engine/Content/EngineMaterials/Substrate/Glints2/dict_0007_0251.uasset" 10158
"../../../Engine/Content/EngineMaterials/Substrate/Glints2/AGlintTex2dArray2.uasset" 10159
"../../../Engine/Content/EngineMaterials/Substrate/Glints2/dict_0007_0255.uasset" 10160
"../../../Engine/Content/EngineMaterials/Substrate/Glints2/dict_0007_0250.uasset" 10161
"../../../Engine/Content/EngineMaterials/Substrate/Glints2/dict_0007_0252.uasset" 10162
"../../../Engine/Content/EngineMaterials/Substrate/Glints2/dict_0007_0253.uasset" 10163
"../../../Engine/Content/EngineMaterials/Substrate/Volume/SubstrateSimpleVolumeLUT2D.uasset" 10164
"../../../Engine/Content/EngineMaterials/Substrate/Glints2/dict_0007_0248.uasset" 10165
"/Engine/EngineMaterials/Substrate/Glints2/dict_0007_0254" 10166
"/Engine/EngineMaterials/Substrate/Glints2/dict_0007_0243" 10167
"/Engine/EngineMaterials/Substrate/Glints2/dict_0007_0253" 10168
"/Engine/EngineMaterials/Substrate/Glints2/dict_0007_0252" 10169
"/Engine/EngineMaterials/Substrate/Glints2/dict_0007_0251" 10170
"../../../Engine/Content/EngineMaterials/Substrate/Volume/SubstrateSimpleVolumeEnvLUT3D.uasset" 10171
"/Engine/EngineMaterials/Substrate/Glints2/dict_0007_0250" 10172
"../../../Engine/Content/EngineMaterials/DefaultCalibrationColor.uasset" 10173
"../../../Engine/Content/EngineMaterials/Substrate/Volume/SubstrateSimpleVolumeLUT3D.uasset" 10174
"../../../Engine/Content/EngineMaterials/Substrate/Volume/SubstrateSimpleVolumeEnvLUT2D.uasset" 10175
"/Engine/EngineMaterials/Substrate/Glints2/dict_0007_0249" 10176
"/Engine/EngineMaterials/Substrate/Glints2/dict_0007_0248" 10177
"/Engine/EngineMaterials/Substrate/Volume/SubstrateSimpleVolumeLUT2D" 10178
"../../../Engine/Plugins/Interchange/Assets/Content/Functions/MX_Displacement.uasset" 10179
"../../../Engine/Content/EngineMaterials/DefaultCalibrationGrayscale.uasset" 10180
"../../../Engine/Content/EngineMaterials/PPM_DefaultCalibrationColor.uasset" 10181
"/Engine/EngineMaterials/Substrate/Glints2/AGlintTex2dArray2" 10182
"../../../Engine/Plugins/Interchange/Assets/Content/Functions/MX_Surface.uasset" 10183
"../../../Engine/Content/EngineMaterials/PPM_DefaultCalibrationGrayscale.uasset" 10184
"../../../Engine/Content/Functions/MaterialLayerFunctions/MatLayerBlend_OverrideOpacity.uasset" 10185
"../../../Engine/Content/Functions/Engine_MaterialFunctions03/Procedurals/HeightToNormalSmooth.uasset" 10186
"../../../Engine/Plugins/NNE/NNEDenoiser/Content/NNEDIM_ColorAlbedoNormal_Alpha.uasset" 10187
"../../../Engine/Content/Functions/Engine_MaterialFunctions02/Utility/BlendAngleCorrectedNormals.uasset" 10188
"../../../Engine/Plugins/NNE/NNEDenoiser/Content/NNEDIM_ColorAlbedoNormal_Default.uasset" 10189
"../../../Engine/Plugins/NNE/NNEDenoiser/Content/NNEDIM_HighQuality_Alpha.uasset" 10190
"../../../Engine/Plugins/NNE/NNEDenoiser/Content/NNEDTIM_ColorAlbedoNormal_Alpha.uasset" 10191
"../../../Engine/Plugins/NNE/NNEDenoiser/Content/NNEDOM_Output_Default.uasset" 10192
"../../../Engine/Plugins/NNE/NNEDenoiser/Content/NNEDIM_HighQuality_Default.uasset" 10193
"../../../Engine/Plugins/NNE/NNEDenoiser/Content/NNEDOM_Output_Alpha.uasset" 10194
"/NNEDenoiser/NNEDIM_HighQuality_Default" 10195
"/NNEDenoiser/NNEDIM_HighQuality_Alpha" 10196
"/NNEDenoiser/NNEDIM_ColorAlbedoNormal_Default" 10197
"/NNEDenoiser/NNEDIM_ColorAlbedoNormal_Alpha" 10198
"/Engine/EngineMaterials/DefaultCalibrationColor" 10199
"/NNEDenoiser/NNEDTIM_ColorAlbedoNormal_Alpha" 10200
"/Engine/EngineMaterials/Substrate/Volume/SubstrateSimpleVolumeEnvLUT3D" 10201
"/NNEDenoiser/NNEDOM_Output_Default" 10202
"/Engine/EngineMaterials/PPM_DefaultCalibrationGrayscale" 10203
"/InterchangeAssets/Functions/MX_Displacement" 10204
"/Engine/EngineMaterials/Substrate/Volume/SubstrateSimpleVolumeLUT3D" 10205
"/Engine/EngineMaterials/PPM_DefaultCalibrationColor" 10206
"../../../Engine/Plugins/NNE/NNEDenoiser/Content/NNEDT_Oidn2-3_Balanced_Alpha.uasset" 10207
"../../../Engine/Plugins/NNE/NNEDenoiser/Content/NNED_Oidn2-3_HighQuality.uasset" 10208
"../../../Engine/Plugins/NNE/NNEDenoiser/Content/NNED_Oidn2-3_Fast.uasset" 10209
"../../../Engine/Plugins/NNE/NNEDenoiser/Content/NNED_Oidn2-3_Balanced_Alpha.uasset" 10210
"../../../Engine/Plugins/NNE/NNEDenoiser/Content/NNEDTIM_ColorAlbedoNormal_Default.uasset" 10211
"../../../Engine/Plugins/NNE/NNEDenoiser/Content/NNEDTOM_Output_Default.uasset" 10212
"../../../Engine/Plugins/NNE/NNEDenoiser/Content/NNED_Oidn2-3_HighQuality_Alpha.uasset" 10213
"../../../Engine/Plugins/NNE/NNEDenoiser/Content/NNEDTOM_Output_Alpha.uasset" 10214
"../../../Engine/Plugins/NNE/NNEDenoiser/Content/NNEDT_Oidn2-3_Balanced.uasset" 10215
"../../../Engine/Plugins/NNE/NNEDenoiser/Content/NNED_Oidn2-3_Fast_Alpha.uasset" 10216
"../../../Engine/Plugins/NNE/NNEDenoiser/Content/NNE_oidn2-3-0_rt_hdr_alb_nrm_small__dyn__fp16_opset11_ForwardAlpha.uasset" 10217
"../../../Engine/Plugins/NNE/NNEDenoiser/Content/NNE_oidn2-3-0_rt_hdr_alb_nrm_small__dyn__fp16_opset11_DenoiseAlpha.uasset" 10218
"../../../Engine/Plugins/NNE/NNEDenoiser/Content/NNED_Oidn2-3_Balanced.uasset" 10219
"/NNEDenoiser/NNEDOM_Output_Alpha" 10220
"/InterchangeAssets/Functions/MX_Surface" 10221
"../../../Engine/Plugins/FX/Niagara/Content/ParameterDefinitions/LightRenderer.uasset" 10222
"../../../Engine/Plugins/FX/Niagara/Content/ParameterDefinitions/DecalRenderer.uasset" 10223
"/NNEDenoiser/NNE_oidn2-3-0_rt_hdr_alb_nrm_small__dyn__fp16_opset11_ForwardAlpha" 10224
"/NNEDenoiser/NNE_oidn2-3-0_rt_hdr_alb_nrm_small__dyn__fp16_opset11_DenoiseAlpha" 10225
"/NNEDenoiser/NNED_Oidn2-3_HighQuality_Alpha" 10226
"/NNEDenoiser/NNED_Oidn2-3_HighQuality" 10227
"/NNEDenoiser/NNED_Oidn2-3_Fast_Alpha" 10228
"/NNEDenoiser/NNED_Oidn2-3_Fast" 10229
"/NNEDenoiser/NNED_Oidn2-3_Balanced_Alpha" 10230
"/NNEDenoiser/NNED_Oidn2-3_Balanced" 10231
"/NNEDenoiser/NNEDT_Oidn2-3_Balanced_Alpha" 10232
"/NNEDenoiser/NNEDT_Oidn2-3_Balanced" 10233
"/NNEDenoiser/NNEDTOM_Output_Default" 10234
"/NNEDenoiser/NNEDTOM_Output_Alpha" 10235
"/NNEDenoiser/NNEDTIM_ColorAlbedoNormal_Default" 10236
"../../../Engine/Content/EngineResources/FilmGrains/Marcie_Grain_v3_128_M2_000.uasset" 10237
"../../../Engine/Content/EditorResources/BSPVertex.uasset" 10238
"../../../Engine/Plugins/NNE/NNEDenoiser/Content/NNE_oidn2-3-0_rt_hdr_calb_cnrm_large__dyn__fp16_opset11_DenoiseAlpha.uasset" 10239
"../../../Engine/Plugins/NNE/NNEDenoiser/Content/NNE_oidn2-3-0_rt_hdr_calb_cnrm_large__dyn__fp16_opset11_ForwardAlpha.uasset" 10240
"../../../Engine/Content/EngineResources/Development/ZenLogo_64.uasset" 10241
"../../../Engine/Plugins/NNE/NNEDenoiser/Content/NNE_oidn2-3-0_rt_hdr_alb_nrm__dyn__fp16_opset11_DenoiseAlpha.uasset" 10242
"../../../Engine/Plugins/NNE/NNEDenoiser/Content/NNE_oidn2-3-0_rt_hdr_alb_nrm__dyn__fp16_opset11_ForwardAlpha.uasset" 10243
"../../../Engine/Content/EngineDebugMaterials/DebugEditorMaterial.uasset" 10244
"../../../Engine/Content/EngineMaterials/DefaultBloomKernel.uasset" 10245
"../../../Engine/Content/EngineMaterials/LTC/Sheen_LTC.uasset" 10246
"../../../Engine/Content/EngineMaterials/FastBlueNoise_scalar_128x128x64.uasset" 10247
"../../../Engine/Content/EngineMaterials/FastBlueNoise_vec2_128x128x64.uasset" 10248
"../../../Engine/Content/EngineMaterials/FastBlueNoise_scalar_128x128x8.uasset" 10249
"../../../Engine/Content/EngineMaterials/EnergyConservation/Diffuse_Energy.uasset" 10250
"../../../Engine/Content/EngineMaterials/EnergyConservation/Sheen_Energy.uasset" 10251
"../../../Engine/Plugins/Interchange/Runtime/Content/Pipelines/DefaultAssetsPipeline.uasset" 10252
"../../../Engine/Plugins/Interchange/Runtime/Content/Pipelines/DefaultGLTFAssetsPipeline.uasset" 10253
"../../../Engine/Plugins/Interchange/Runtime/Content/Pipelines/DefaultGLTFPipeline.uasset" 10254
"../../../Engine/Plugins/Interchange/Runtime/Content/Pipelines/DefaultMaterialXPipeline.uasset" 10255
"../../../Engine/Content/EngineSounds/Master.uasset" 10256
"../../../Engine/Plugins/Interchange/Runtime/Content/Pipelines/DefaultSceneAssetsPipeline.uasset" 10257
"../../../Engine/Plugins/Interchange/Runtime/Content/Pipelines/DefaultGLTFSceneAssetsPipeline.uasset" 10258
"../../../Engine/Plugins/Interchange/Assets/Content/Functions/MX_SurfaceUnlit.uasset" 10259
"../../../Engine/Plugins/Interchange/Assets/Content/Functions/MX_UsdPreviewSurface.uasset" 10260
"../../../Engine/Plugins/Interchange/Runtime/Content/Pipelines/DefaultMaterialPipeline.uasset" 10261
"../../../Engine/Plugins/Interchange/Assets/Content/Functions/MX_BurleyDiffuseBSDF.uasset" 10262
"../../../Engine/Plugins/Interchange/Assets/Content/Functions/MX_OrenNayarBSDF.uasset" 10263
"../../../Engine/Plugins/Interchange/Runtime/Content/Pipelines/DefaultSceneLevelPipeline.uasset" 10264
"../../../Engine/Plugins/Interchange/Runtime/Content/Pipelines/DefaultTexturePipeline.uasset" 10265
"../../../Engine/Plugins/Interchange/Assets/Content/Functions/MX_TranslucentBSDF.uasset" 10266
"C:/Users/WenzinOL/Documents/GitHub/MyProject-River/Intermediate/ORTOptimizerPass_OptimizedB5F6B3EC49A40971E9EB718D05129FD3.onnx" 10267
"C:/Users/WenzinOL/Documents/GitHub/MyProject-River/Intermediate/ORTOptimizerPass_OptimizedBC3874CA49F0693E4D8B919E83E4D562.onnx" 10268
"C:/Users/WenzinOL/Documents/GitHub/MyProject-River/Intermediate/ORTOptimizerPass_OptimizedC70BE02947653D0EF94EEAACB3366E7D.onnx" 10269
"C:/Users/WenzinOL/Documents/GitHub/MyProject-River/Intermediate/ORTOptimizerPass_OptimizedC5F0D77F418D9BF37D90709316FB1E4C.onnx" 10270
"/InterchangeAssets/Functions/MX_TranslucentBSDF" 10271
"/InterchangeAssets/Functions/MX_BurleyDiffuseBSDF" 10272
"/InterchangeAssets/Functions/MX_OrenNayarBSDF" 10273
"/Interchange/Pipelines/DefaultAssetsPipeline" 10274
"/Engine/EngineSounds/Master" 10275
"/InterchangeAssets/Functions/MX_UsdPreviewSurface" 10276
"/InterchangeAssets/Functions/MX_SurfaceUnlit" 10277
"/Interchange/Pipelines/DefaultGLTFSceneAssetsPipeline" 10278
"/Engine/EngineMaterials/EnergyConservation/Diffuse_Energy" 10279
"/Engine/EngineMaterials/EnergyConservation/Sheen_Energy" 10280
"/Interchange/Pipelines/DefaultSceneLevelPipeline" 10281
"/Interchange/Pipelines/DefaultSceneAssetsPipeline" 10282
"../../../Engine/Plugins/Interchange/Assets/Content/Functions/MX_DielectricBSDF.uasset" 10283
"../../../Engine/Plugins/Interchange/Assets/Content/Functions/MX_ConductorBSDF.uasset" 10284
"/Engine/EngineMaterials/LTC/Sheen_LTC" 10285
"/Interchange/Pipelines/DefaultTexturePipeline" 10286
"/Engine/EngineMaterials/FastBlueNoise_vec2_128x128x64" 10287
"/Interchange/Pipelines/DefaultMaterialPipeline" 10288
"/Engine/EngineMaterials/FastBlueNoise_scalar_128x128x8" 10289
"/Engine/EngineMaterials/FastBlueNoise_scalar_128x128x64" 10290
"/Engine/EngineDebugMaterials/DebugEditorMaterial" 10291
"/Engine/EngineResources/Development/ZenLogo_64" 10292
"/Engine/EngineResources/FilmGrains/Marcie_Grain_v3_128_M2_000" 10293
"/Engine/EngineMaterials/DefaultBloomKernel" 10294
"/Engine/EditorResources/BSPVertex" 10295
"/Interchange/Pipelines/DefaultGLTFPipeline" 10296
"/Interchange/Pipelines/DefaultGLTFAssetsPipeline" 10297
"/NNEDenoiser/NNE_oidn2-3-0_rt_hdr_calb_cnrm_large__dyn__fp16_opset11_ForwardAlpha" 10298
"/NNEDenoiser/NNE_oidn2-3-0_rt_hdr_calb_cnrm_large__dyn__fp16_opset11_DenoiseAlpha" 10299
"/NNEDenoiser/NNE_oidn2-3-0_rt_hdr_alb_nrm__dyn__fp16_opset11_ForwardAlpha" 10300
"/Interchange/Pipelines/DefaultMaterialXPipeline" 10301
"/NNEDenoiser/NNE_oidn2-3-0_rt_hdr_alb_nrm__dyn__fp16_opset11_DenoiseAlpha" 10302
"/InterchangeAssets/Functions/MX_ConductorBSDF" 10303
"../../../Engine/Plugins/Interchange/Assets/Content/Functions/MX_AnisotropicVDF.uasset" 10304
"../../../Engine/Plugins/Interchange/Assets/Content/Functions/MX_ConicalEDF.uasset" 10305
"../../../Engine/Plugins/Interchange/Assets/Content/Functions/MX_MeasuredEDF.uasset" 10306
"../../../Engine/Plugins/Interchange/Assets/Content/Functions/MX_AbsorptionVDF.uasset" 10307
"../../../Engine/Plugins/Interchange/Assets/Content/Functions/MX_ThinFilmBSDF.uasset" 10308
"../../../Engine/Plugins/Interchange/Assets/Content/Functions/MX_SheenBSDF.uasset" 10309
"../../../Engine/Plugins/Interchange/Assets/Content/Functions/MX_UniformEDF.uasset" 10310
"../../../Engine/Plugins/Interchange/Assets/Content/Functions/MX_SubsurfaceBSDF.uasset" 10311
"../../../Engine/Plugins/Animation/ControlRig/Content/Controls/ControlRigGizmoMaterial.uasset" 10312
"../../../Engine/Plugins/Interchange/Assets/Content/Functions/MX_GeneralizedSchlickBSDF.uasset" 10313
"C:/Users/WenzinOL/Documents/GitHub/MyProject-River/Intermediate/ORTOptimizerPass_Optimized0E927F5E4AFE336A394B20BD02E727C4.onnx" 10314
"C:/Users/WenzinOL/Documents/GitHub/MyProject-River/Intermediate/ORTOptimizerPass_Optimized72677B7543E75D8B34D763BBA54B066B.onnx" 10315
"C:/Users/WenzinOL/Documents/GitHub/MyProject-River/Intermediate/ORTOptimizerPass_Optimized27E564E54CAE3B5315F088824C527355.onnx" 10316
"C:/Users/WenzinOL/Documents/GitHub/MyProject-River/Intermediate/ORTOptimizerPass_Optimized9F07A7004B2729021ECB61B3688A21FD.onnx" 10317
"C:/Users/WenzinOL/Documents/GitHub/MyProject-River/Intermediate/ORTOptimizerPass_OptimizedF366A23C474E2BF9BC35E0A524DC726E.onnx" 10318
"C:/Users/WenzinOL/Documents/GitHub/MyProject-River/Intermediate/ORTOptimizerPass_OptimizedD77F2F0145D7F06524A029A1DCA420D3.onnx" 10319
"C:/Users/WenzinOL/Documents/GitHub/MyProject-River/Intermediate/ORTOptimizerPass_OptimizedC86FA00049D17A2BDD57799B3DD29F3E.onnx" 10320
"C:/Users/WenzinOL/Documents/GitHub/MyProject-River/Intermediate/ORTOptimizerPass_Optimized917498C4413C222A521465828A016C86.onnx" 10321
"/InterchangeAssets/Functions/MX_DielectricBSDF" 10322
"/ControlRig/Controls/ControlRigGizmoMaterial" 10323
"/InterchangeAssets/Functions/MX_AnisotropicVDF" 10324
"/InterchangeAssets/Functions/MX_AbsorptionVDF" 10325
"/InterchangeAssets/Functions/MX_MeasuredEDF" 10326
"/InterchangeAssets/Functions/MX_ConicalEDF" 10327
"/InterchangeAssets/Functions/MX_UniformEDF" 10328
"/InterchangeAssets/Functions/MX_ThinFilmBSDF" 10329
"/InterchangeAssets/Functions/MX_SheenBSDF" 10330
"/InterchangeAssets/Functions/MX_SubsurfaceBSDF" 10331
"/InterchangeAssets/Functions/MX_GeneralizedSchlickBSDF" 10332
"C:/Users/WenzinOL/Documents/GitHub/MyProject-River/Saved/Cooked/Windows/ContractualGauntlet/Metadata/CookedSettings.txt" 10333
